id,manufacturer,manufacturer_external_id,external_id,name,status
1,AUDI,5,-1428226129,100,completed
2,AUDI,5,1307536344,200,completed
3,AUDI,5,-992823363,50,completed
4,AUDI,5,990099684,60,completed
5,AUDI,5,28876167,75,completed
6,AUDI,5,-231952883,80,completed
7,AUDI,5,1769205596,90,completed
8,AUDI,5,-1036201613,A1,completed
9,AUDI,5,-1893870440,A1 / S1,completed
10,AUDI,5,-536928311,A1 Allstreet,completed
11,AUDI,5,1893751861,A1 City Carver,completed
12,AUDI,5,-2145520449,A2,completed
13,AUDI,5,762007612,A3,completed
14,AUDI,5,-1115011535,A3 / S3,completed
15,AUDI,5,230380639,A3 Allstreet,completed
16,AUDI,5,-1098891,A4,completed
17,AUDI,5,821640998,A4 / S4,completed
18,AUDI,5,-1273214726,A4 Allroad,completed
19,AUDI,5,2037594996,A5,completed
20,AUDI,5,-1516355984,A5 / S5,completed
21,AUDI,5,-1063382091,A6,completed
22,AUDI,5,1810422881,A6 / S6,completed
23,AUDI,5,-1992640975,A6 Allroad,completed
24,AUDI,5,1674616146,A6 e-tron,completed
25,AUDI,5,347121625,A7,completed
26,AUDI,5,282624340,A7 / S7,completed
27,AUDI,5,-1577353637,A8,completed
28,AUDI,5,1119260130,A8 / S8,completed
29,AUDI,5,-1355309169,A8L,completed
30,AUDI,5,-417438485,ALLROAD,completed
31,AUDI,5,-1246658724,CABRIOLET,completed
32,AUDI,5,594688274,COUPE,completed
33,AUDI,5,925565096,E-TRON,completed
34,AUDI,5,1385892503,E-TRON GT,completed
35,AUDI,5,2008053690,F103,completed
36,AUDI,5,576465071,Q2,completed
37,AUDI,5,-2055364417,Q3,completed
38,AUDI,5,-1591590242,Q4,completed
39,AUDI,5,1545447405,Q5,completed
40,AUDI,5,2035698254,Q6,completed
41,AUDI,5,1874995883,Q7,completed
42,AUDI,5,-1487884932,Q8,completed
43,AUDI,5,454328919,Q8 E-TRON,completed
44,AUDI,5,1078998539,QUATTRO,completed
45,AUDI,5,1305709683,R8,completed
46,AUDI,5,767553827,SUPER 90,completed
47,AUDI,5,-2018319771,TT,completed
48,AUDI,5,259689599,V8,completed
49,ALFA ROMEO,2,253590637,145,completed
50,ALFA ROMEO,2,1035322734,146,completed
51,ALFA ROMEO,2,-1207662896,147,completed
52,ALFA ROMEO,2,325786444,155,completed
53,ALFA ROMEO,2,551759628,156,completed
54,ALFA ROMEO,2,-1895779837,159,completed
55,ALFA ROMEO,2,365280166,164,completed
56,ALFA ROMEO,2,1705252200,166,completed
57,ALFA ROMEO,2,125046793,1750-2000,completed
58,ALFA ROMEO,2,-1650590572,1900,completed
59,ALFA ROMEO,2,673230597,2300,completed
60,ALFA ROMEO,2,-1774419420,2600,completed
61,ALFA ROMEO,2,1823288724,33,completed
62,ALFA ROMEO,2,-382003525,4C,completed
63,ALFA ROMEO,2,-1645930095,4C SPIDER,completed
64,ALFA ROMEO,2,-1811217028,6,completed
65,ALFA ROMEO,2,997494499,75,completed
66,ALFA ROMEO,2,1100396290,8C,completed
67,ALFA ROMEO,2,1159729102,90,completed
68,ALFA ROMEO,2,558791602,ALFASUD,completed
69,ALFA ROMEO,2,-253318581,ALFETTA,completed
70,ALFA ROMEO,2,93559211,ALFETTA GT,completed
71,ALFA ROMEO,2,-2054762497,AR 6,completed
72,ALFA ROMEO,2,-1155896390,AR 8,completed
73,ALFA ROMEO,2,-1129167315,ARNA,completed
74,ALFA ROMEO,2,-1008759285,BRERA,completed
75,ALFA ROMEO,2,-1855542562,GIULIA,completed
76,ALFA ROMEO,2,13481879,GIULIETTA,completed
77,ALFA ROMEO,2,1797316635,GT,completed
78,ALFA ROMEO,2,-1240482419,GTA,completed
79,ALFA ROMEO,2,1308093301,GTV,completed
80,ALFA ROMEO,2,895794221,JUNIOR,completed
81,ALFA ROMEO,2,1889148121,MATTA,completed
82,ALFA ROMEO,2,2060498246,MITO,completed
83,ALFA ROMEO,2,94170078,MONTREAL,completed
84,ALFA ROMEO,2,1290037027,RZ,completed
85,ALFA ROMEO,2,-590036084,SPIDER,completed
86,ALFA ROMEO,2,1071653056,STELVIO,completed
87,ALFA ROMEO,2,201908593,SZ,completed
88,ALFA ROMEO,2,110613975,TONALE,completed
89,BMW,16,604245904,1,completed
90,BMW,16,1134989898,1500-2000,completed
91,BMW,16,-897620961,1502-2002,completed
92,BMW,16,553396521,1600 GT,completed
93,BMW,16,611040501,2,completed
94,BMW,16,953091552,2.5-3.2,completed
95,BMW,16,-1028753158,2000,completed
96,BMW,16,1108610074,2500-3.3,completed
97,BMW,16,-1805863027,3,completed
98,BMW,16,-1546578333,315,completed
99,BMW,16,167723169,319,completed
100,BMW,16,2093914663,320,completed
101,BMW,16,830340798,321,completed
102,BMW,16,121021884,326,completed
103,BMW,16,2070241547,340,completed
104,BMW,16,948089297,4,completed
105,BMW,16,-2082090447,5,completed
106,BMW,16,-391154976,501,completed
107,BMW,16,-1738391919,502,completed
108,BMW,16,-1719572596,503,completed
109,BMW,16,1138316026,507,completed
110,BMW,16,457500717,6,completed
111,BMW,16,977815777,600,completed
112,BMW,16,896970356,7,completed
113,BMW,16,-475574754,700,completed
114,BMW,16,2039470700,8,completed
115,BMW,16,1714110181,C,completed
116,BMW,16,-1577799058,C1,completed
117,BMW,16,1425149770,CE 02,completed
118,BMW,16,939548284,CE 04,completed
119,BMW,16,1302393511,F ( - 800cc),completed
120,BMW,16,1110091285,F (801cc - ),completed
121,BMW,16,-621720293,G,completed
122,BMW,16,729086953,GLAS,completed
123,BMW,16,483154183,HP,completed
124,BMW,16,1756474655,i3,completed
125,BMW,16,1585809335,i8,completed
126,BMW,16,-1123064905,ISETTA,completed
127,BMW,16,-1722454902,iX,completed
128,BMW,16,1498293098,K,completed
129,BMW,16,-1827297861,M,completed
130,BMW,16,538346507,M1,completed
131,BMW,16,-1116210752,R,completed
132,BMW,16,413492615,R 100,completed
133,BMW,16,1246357272,R 1100,completed
134,BMW,16,-1777147931,R 1150,completed
135,BMW,16,1968396885,R 1200,completed
136,BMW,16,960636148,R 1250,completed
137,BMW,16,-1899666958,R 1300,completed
138,BMW,16,1945139803,R 18,completed
139,BMW,16,1577598604,R 25,completed
140,BMW,16,2065348769,R 45,completed
141,BMW,16,-1553756025,R 50,completed
142,BMW,16,1830753422,R 60,completed
143,BMW,16,-1827785575,R 65,completed
144,BMW,16,-1663500197,R 69,completed
145,BMW,16,-1244840329,R 75,completed
146,BMW,16,364110273,R 80,completed
147,BMW,16,-246673218,R 850,completed
148,BMW,16,159944985,R 90,completed
149,BMW,16,1512086231,R 900,completed
150,BMW,16,-1670280522,S,completed
151,BMW,16,1514623194,V8,completed
152,BMW,16,1363968712,X1,completed
153,BMW,16,-439200609,X2,completed
154,BMW,16,587209287,X3,completed
155,BMW,16,-207280749,X4,completed
156,BMW,16,176572835,X5,completed
157,BMW,16,-61572620,X6,completed
158,BMW,16,820414709,X7,completed
159,BMW,16,1491278992,XM,completed
160,BMW,16,-1765134733,Z1,completed
161,BMW,16,2143590344,Z3,completed
162,BMW,16,1282152523,Z4,completed
163,BMW,16,-145118392,Z8,completed
164,CHEVROLET,138,-2015852450,ALERO,completed
165,CHEVROLET,138,1472822647,ASTRO,completed
166,CHEVROLET,138,-1275241717,AVALANCHE,completed
167,CHEVROLET,138,-764152390,AVEO,completed
168,CHEVROLET,138,607158789,AVEO / GENTRA,completed
169,CHEVROLET,138,848647852,AVEO / KALOS,completed
170,CHEVROLET,138,2119842835,AVEO U-VA,completed
171,CHEVROLET,138,1725593332,BERETTA,completed
172,CHEVROLET,138,-748262927,BLAZER S10,completed
173,CHEVROLET,138,1463445290,C1500,completed
174,CHEVROLET,138,-1182779500,C2500,completed
175,CHEVROLET,138,1111633488,CAMARO,completed
176,CHEVROLET,138,1168124855,CAPRICE,completed
177,CHEVROLET,138,104793865,CAPTIVA,completed
178,CHEVROLET,138,1775618058,CAPTIVA SPORT,completed
179,CHEVROLET,138,-41007014,CAVALIER,completed
180,CHEVROLET,138,2027567184,CORSA,completed
181,CHEVROLET,138,652612495,CORSICA,completed
182,CHEVROLET,138,817331173,CORVETTE,completed
183,CHEVROLET,138,-2029814648,CRUZE,completed
184,CHEVROLET,138,-582962651,EPICA,completed
185,CHEVROLET,138,860606986,EVANDA,completed
186,CHEVROLET,138,1515349841,EXPRESS,completed
187,CHEVROLET,138,878371808,G20,completed
188,CHEVROLET,138,-1219206387,HHR,completed
189,CHEVROLET,138,-2091292170,IMPALA,completed
190,CHEVROLET,138,-660898872,KALOS,completed
191,CHEVROLET,138,1700769942,LACETTI,completed
192,CHEVROLET,138,-236914954,LOVA,completed
193,CHEVROLET,138,-692875635,LUMINA,completed
194,CHEVROLET,138,-1423539253,LUMINA APV,completed
195,CHEVROLET,138,-1873439581,MALIBU,completed
196,CHEVROLET,138,88312868,MATIZ,completed
197,CHEVROLET,138,2017987745,MONTE CARLO,completed
198,CHEVROLET,138,-129804240,NIVA,completed
199,CHEVROLET,138,-881795545,NOVA,completed
200,CHEVROLET,138,-967183917,NUBIRA,completed
201,CHEVROLET,138,1391838786,OPTRA,completed
202,CHEVROLET,138,-1046818760,ORLANDO,completed
203,CHEVROLET,138,-1512424603,REZZO,completed
204,CHEVROLET,138,1840615163,S10,completed
205,CHEVROLET,138,-1424381637,S10 Pick Up,completed
206,CHEVROLET,138,-1228812455,SILVERADO 1500,completed
207,CHEVROLET,138,2108465658,SILVERADO 2500,completed
208,CHEVROLET,138,-401069794,SILVERADO 2500 HD,completed
209,CHEVROLET,138,610705514,SONIC,completed
210,CHEVROLET,138,1940568870,SPARK,completed
211,CHEVROLET,138,-2121955549,SPARK LITE,completed
212,CHEVROLET,138,-1258219359,SUBURBAN,completed
213,CHEVROLET,138,78627364,TAHOE,completed
214,CHEVROLET,138,1506991822,TRAILBLAZER,completed
215,CHEVROLET,138,1649007633,TRANS SPORT,completed
216,CHEVROLET,138,344109628,TRAX,completed
217,CHEVROLET,138,1823877147,VOLT,completed
218,CHEVROLET,138,-1060351034,ZAFIRA,completed
219,CHRYSLER,20,2094679576,300C,completed
220,CHRYSLER,20,2118812265,300M,completed
221,CHRYSLER,20,1837355890,CIRRUS,completed
222,CHRYSLER,20,-369906891,CONCORDE,completed
223,CHRYSLER,20,217701525,CROSSFIRE,completed
224,CHRYSLER,20,-895271117,DAYTONA,completed
225,CHRYSLER,20,981488983,DELTA,completed
226,CHRYSLER,20,-822600185,ES,completed
227,CHRYSLER,20,-1987512179,GRAND VOYAGER,completed
228,CHRYSLER,20,1987420406,LE BARON,completed
229,CHRYSLER,20,265501151,NEON,completed
230,CHRYSLER,20,-440407689,NEW YORKER,completed
231,CHRYSLER,20,-638537595,PT CRUISER,completed
232,CHRYSLER,20,-1186519471,SARATOGA,completed
233,CHRYSLER,20,1954969942,SEBRING,completed
234,CHRYSLER,20,1795756515,STRATUS,completed
235,CHRYSLER,20,-75275683,VIPER,completed
236,CHRYSLER,20,-1028754134,VISION,completed
237,CHRYSLER,20,1257176280,VOYAGER,completed
238,CHRYSLER,20,-922353374,VOYAGER / GRAND VOYAGER,completed
239,CHRYSLER,20,-517574443,YPSILON,completed
240,CITROËN,21,-1522077575,2 CV,completed
241,CITROËN,21,1762652973,ACADIANE,completed
242,CITROËN,21,-1790783606,AMI,completed
243,CITROËN,21,-622767286,AX,completed
244,CITROËN,21,1455158048,AXEL,completed
245,CITROËN,21,600508877,BERLINGO,completed
246,CITROËN,21,-1886577074,BERLINGO / BERLINGO FIRST,completed
247,CITROËN,21,1686680345,BERLINGO MULTISPACE,completed
248,CITROËN,21,-1415717405,BX,completed
249,CITROËN,21,-841705488,C-CROSSER,completed
250,CITROËN,21,-50892995,C-CROSSER ENTERPRISE,completed
251,CITROËN,21,-906562521,C-ELYSEE,completed
252,CITROËN,21,-2078660434,C-ZERO,completed
253,CITROËN,21,35124676,C1,completed
254,CITROËN,21,-862143076,C15,completed
255,CITROËN,21,-1888535543,C2,completed
256,CITROËN,21,-221991391,C2 ENTERPRISE,completed
257,CITROËN,21,996540987,C25,completed
258,CITROËN,21,-1358344079,C3,completed
259,CITROËN,21,-1289326702,C3 / C3 ORIGIN,completed
260,CITROËN,21,81757081,C3 AIRCROSS,completed
261,CITROËN,21,1019780995,C3 PICASSO,completed
262,CITROËN,21,-364578537,C35,completed
263,CITROËN,21,1333306966,C4,completed
264,CITROËN,21,924594506,C4 AIRCROSS,completed
265,CITROËN,21,363152691,C4 CACTUS,completed
266,CITROËN,21,-1624427688,C4 GRAND PICASSO,completed
267,CITROËN,21,2040336433,C4 PICASSO,completed
268,CITROËN,21,1616937839,C4 SPACETOURER,completed
269,CITROËN,21,2111441895,C4 X,completed
270,CITROËN,21,-1539800940,C5,completed
271,CITROËN,21,-1487906239,C5 AIRCROSS,completed
272,CITROËN,21,-843018197,C5 X,completed
273,CITROËN,21,427047975,C6,completed
274,CITROËN,21,-985391320,C8,completed
275,CITROËN,21,1424487148,CX,completed
276,CITROËN,21,-191002497,DISPATCH,completed
277,CITROËN,21,-1858830932,DS,completed
278,CITROËN,21,-1292623587,DS3,completed
279,CITROËN,21,1895101027,DS4,completed
280,CITROËN,21,374327446,DS5,completed
281,CITROËN,21,-533875141,DYANE,completed
282,CITROËN,21,1167496184,E-MEHARI,completed
283,CITROËN,21,617018563,EVASION,completed
284,CITROËN,21,1179013237,GRAND C4 SPACETOURER,completed
285,CITROËN,21,-1522892554,GS,completed
286,CITROËN,21,-1208682799,HY,completed
287,CITROËN,21,273751262,ID,completed
288,CITROËN,21,-616910451,JUMPER,completed
289,CITROËN,21,-2037760550,JUMPY,completed
290,CITROËN,21,1082156300,LNA,completed
291,CITROËN,21,2130063964,MEHARI,completed
292,CITROËN,21,-737562128,NEMO,completed
293,CITROËN,21,606564029,RELAY,completed
294,CITROËN,21,-1097424061,SAXO,completed
295,CITROËN,21,1986910896,SM,completed
296,CITROËN,21,-1705125846,SPACETOURER,completed
297,CITROËN,21,-1820103979,TRACTION AVANT,completed
298,CITROËN,21,1262712916,VISA,completed
299,CITROËN,21,22615533,XANTIA,completed
300,CITROËN,21,-502457258,XM,completed
301,CITROËN,21,46517290,XSARA,completed
302,CITROËN,21,1731530880,XSARA PICASSO,completed
303,CITROËN,21,848416419,ZX,completed
304,DACIA,139,-520329526,1300,completed
305,DACIA,139,842086488,1310,completed
306,DACIA,139,-81268905,BIGSTER,completed
307,DACIA,139,-914794905,DOKKER,completed
308,DACIA,139,449874009,DUSTER,completed
309,DACIA,139,-85331936,JOGGER,completed
310,DACIA,139,-1805012807,LODGY,completed
311,DACIA,139,1206906704,LOGAN,completed
312,DACIA,139,84514190,LOGAN MCV,completed
313,DACIA,139,-278751417,NOVA,completed
314,DACIA,139,805299929,SANDERO,completed
315,DACIA,139,1521133395,SOLENZA,completed
316,DACIA,139,-1839245893,SPRING,completed
317,DAEWOO,185,95006619,CIELO,completed
318,DAEWOO,185,-1440517887,DAMAS,completed
319,DAEWOO,185,-1033876406,ESPERO,completed
320,DAEWOO,185,-516133232,EVANDA,completed
321,DAEWOO,185,731138399,KALOS,completed
322,DAEWOO,185,1476512084,KORANDO,completed
323,DAEWOO,185,564916560,LACETTI,completed
324,DAEWOO,185,-912365672,LANOS,completed
325,DAEWOO,185,1038267866,LEGANZA,completed
326,DAEWOO,185,-958979144,LEMANS,completed
327,DAEWOO,185,-167409052,MATIZ,completed
328,DAEWOO,185,1052071223,MUSSO,completed
329,DAEWOO,185,1043968474,NEXIA,completed
330,DAEWOO,185,1295853890,NUBIRA,completed
331,DAEWOO,185,1721006877,PRINCE,completed
332,DAEWOO,185,46973729,REXTON,completed
333,DAEWOO,185,-675815264,REZZO,completed
334,DAEWOO,185,-540791830,TICO,completed
335,DAEWOO,185,1276914553,TOSCA,completed
336,DAIHATSU,25,1379348921,55 WIDE,completed
337,DAIHATSU,25,397872238,APPLAUSE,completed
338,DAIHATSU,25,-1715707423,CHARADE,completed
339,DAIHATSU,25,1279590217,CHARMANT,completed
340,DAIHATSU,25,67515374,COPEN,completed
341,DAIHATSU,25,-987000131,CUORE,completed
342,DAIHATSU,25,-425644426,EXTOL,completed
343,DAIHATSU,25,1464829712,FEROZA,completed
344,DAIHATSU,25,2050685205,FOURTRAK,completed
345,DAIHATSU,25,1958551573,GRAN MAX,completed
346,DAIHATSU,25,-1709160057,GRAN MOVE,completed
347,DAIHATSU,25,1567045962,HIJET,completed
348,DAIHATSU,25,-876625630,MATERIA,completed
349,DAIHATSU,25,-1023958137,MOVE,completed
350,DAIHATSU,25,46489697,ROCKY Soft Top,completed
351,DAIHATSU,25,1835410730,RUGGER,completed
352,DAIHATSU,25,-1623012273,SIRION,completed
353,DAIHATSU,25,-757273535,SPARCAR,completed
354,DAIHATSU,25,2029676694,STORIA,completed
355,DAIHATSU,25,-175899597,TAFT,completed
356,DAIHATSU,25,-985916530,TERIOS,completed
357,DAIHATSU,25,844422912,TERIOS KID,completed
358,DAIHATSU,25,774234318,TREVIS,completed
359,DAIHATSU,25,1292045852,WILDCAT/ROCKY,completed
360,DAIHATSU,25,-1758412888,YRV,completed
361,DODGE,29,-1707981173,AVENGER,completed
362,DODGE,29,-569282764,CALIBER,completed
363,DODGE,29,-33037993,CARAVAN,completed
364,DODGE,29,1526608192,CHALLENGER,completed
365,DODGE,29,789783996,CHARGER,completed
366,DODGE,29,526341190,DART,completed
367,DODGE,29,1167779297,DURANGO,completed
368,DODGE,29,802106249,GRAND CARAVAN,completed
369,DODGE,29,-1211241380,JOURNEY,completed
370,DODGE,29,445606343,NEON,completed
371,DODGE,29,24375802,NITRO,completed
372,DODGE,29,1056876267,RAM,completed
373,DODGE,29,-2087086709,RAM 1500,completed
374,DODGE,29,703875906,RAM 2500,completed
375,DODGE,29,-809857994,RAM 3500,completed
376,DODGE,29,264615069,RAMCHARGER,completed
377,DODGE,29,-1168622081,STRATUS,completed
378,DODGE,29,-553589421,VIPER,completed
379,FIAT,35,533789412,1100-1900,completed
380,FIAT,35,-215061644,124,completed
381,FIAT,35,-1994461275,125,completed
382,FIAT,35,-415968265,126,completed
383,FIAT,35,52596200,127,completed
384,FIAT,35,-630796276,128,completed
385,FIAT,35,-1020334579,130,completed
386,FIAT,35,-573320217,131,completed
387,FIAT,35,623825523,132,completed
388,FIAT,35,-745370910,147,completed
389,FIAT,35,-1860716087,1500,completed
390,FIAT,35,845991939,1500-2300,completed
391,FIAT,35,-1785393136,1900,completed
392,FIAT,35,-1798133871,238,completed
393,FIAT,35,-697866966,241,completed
394,FIAT,35,1361000741,242,completed
395,FIAT,35,1784945702,500,completed
396,FIAT,35,-497571406,500 C,completed
397,FIAT,35,976592140,500e,completed
398,FIAT,35,-1685498653,500L,completed
399,FIAT,35,-1762302570,500X,completed
400,FIAT,35,-1118725642,600,completed
401,FIAT,35,-743174332,600e / 600,completed
402,FIAT,35,878971539,850,completed
403,FIAT,35,322421060,900T/E Panorama,completed
404,FIAT,35,-100929341,900T/E Pulmino,completed
405,FIAT,35,179876675,ARGENTA,completed
406,FIAT,35,1122018214,BARCHETTA,completed
407,FIAT,35,152873971,BRAVA,completed
408,FIAT,35,-1378947254,BRAVO,completed
409,FIAT,35,-438957171,CAMPAGNOLA,completed
410,FIAT,35,-1238122447,CINQUECENTO,completed
411,FIAT,35,696985477,COUPE,completed
412,FIAT,35,-1018487083,CROMA,completed
413,FIAT,35,-1463919534,DINO,completed
414,FIAT,35,-670577411,DOBLO,completed
415,FIAT,35,-1815907733,DUCATO,completed
416,FIAT,35,-32703987,DUNA,completed
417,FIAT,35,-1308841130,ELBA,completed
418,FIAT,35,-525748639,FIORINO,completed
419,FIAT,35,1751417874,FIORINO Pick up,completed
420,FIAT,35,1282472491,FREEMONT,completed
421,FIAT,35,-439932991,FULLBACK,completed
422,FIAT,35,-939718223,GRANDE PUNTO,completed
423,FIAT,35,-655615893,IDEA,completed
424,FIAT,35,-1479939219,JAGST,completed
425,FIAT,35,1868973428,LINEA,completed
426,FIAT,35,1107391559,MAREA,completed
427,FIAT,35,-1583722591,MULTIPLA,completed
428,FIAT,35,1998863831,MULTIPLA VAN,completed
429,FIAT,35,829121804,PALIO,completed
430,FIAT,35,-2103743983,PANDA,completed
431,FIAT,35,-1948554108,PANDA VAN,completed
432,FIAT,35,1997186319,PREMIO,completed
433,FIAT,35,598258284,PUNTO,completed
434,FIAT,35,1583901600,PUNTO EVO,completed
435,FIAT,35,-274038001,QUBO,completed
436,FIAT,35,1118245725,REGATA,completed
437,FIAT,35,33762611,SCUDO,completed
438,FIAT,35,-299284123,SEDICI,completed
439,FIAT,35,-872509669,SEICENTO / 600,completed
440,FIAT,35,1175423062,SIENA,completed
441,FIAT,35,68138221,STILO,completed
442,FIAT,35,-1080113609,STRADA,completed
443,FIAT,35,400785422,TALENTO,completed
444,FIAT,35,1910282857,TEMPRA,completed
445,FIAT,35,1244826368,TIPO,completed
446,FIAT,35,1828099851,TOPOLINO,completed
447,FIAT,35,-875328070,ULYSSE,completed
448,FIAT,35,765238021,UNO,completed
449,FIAT,35,-813435140,X 1/9,completed
450,FORD,36,1004341754,A-SERIES,completed
451,FORD,36,-1251573952,B-MAX,completed
452,FORD,36,273183632,C-MAX,completed
453,FORD,36,-104479484,CAPRI,completed
454,FORD,36,-1891339274,CONSUL,completed
455,FORD,36,-864026242,CORTINA,completed
456,FORD,36,1275606644,COUGAR,completed
457,FORD,36,-1160153229,ECONOVAN,completed
458,FORD,36,-1219876681,ECOSPORT,completed
459,FORD,36,1248840790,ESCORT,completed
460,FORD,36,876125529,ESCORT CLASSIC,completed
461,FORD,36,1364776702,FIESTA,completed
462,FORD,36,-63911857,FOCUS,completed
463,FORD,36,453634189,FOCUS C-MAX,completed
464,FORD,36,1625303401,FUSION,completed
465,FORD,36,575026393,GALAXY,completed
466,FORD,36,-186473210,GRANADA,completed
467,FORD,36,757398216,GRAND C-MAX,completed
468,FORD,36,-574727795,GT,completed
469,FORD,36,-1160009578,IKON,completed
470,FORD,36,-936435615,KA,completed
471,FORD,36,-1644163965,KA Van,completed
472,FORD,36,-1060405181,KA+,completed
473,FORD,36,-861508492,KUGA,completed
474,FORD,36,959282077,MAVERICK,completed
475,FORD,36,-103176118,MONDEO,completed
476,FORD,36,-335257162,ORION,completed
477,FORD,36,-1562627149,P 100,completed
478,FORD,36,28170723,PUMA,completed
479,FORD,36,-1446672047,RANGER,completed
480,FORD,36,-974915735,S-MAX,completed
481,FORD,36,921449230,SCORPIO,completed
482,FORD,36,-1453022679,SIERRA,completed
483,FORD,36,-285469255,STREET KA,completed
484,FORD,36,-1503206878,TAUNUS,completed
485,FORD,36,-1432081182,TAUNUS 12M,completed
486,FORD,36,-749698749,TAUNUS 15M,completed
487,FORD,36,121785587,TAUNUS 17M,completed
488,FORD,36,-407910883,TAUNUS 20M,completed
489,FORD,36,-315843885,TAUNUS 26M,completed
490,FORD,36,-1207427409,TOURNEO CONNECT,completed
491,FORD,36,-1934998672,TOURNEO CONNECT / GRAND TOURNEO CONNECT,completed
492,FORD,36,-1374467038,TOURNEO COURIER,completed
493,FORD,36,271738340,TOURNEO CUSTOM,completed
494,FORD,36,972948334,TRANSIT,completed
495,FORD,36,1611050032,TRANSIT CONNECT,completed
496,FORD,36,-1143458081,TRANSIT COURIER,completed
497,FORD,36,201512697,TRANSIT CUSTOM,completed
498,FORD,36,-1095754004,TRANSIT TOURNEO,completed
499,FORD,36,-2130637434,ZEPHYR,completed
500,HONDA,45,-499477039,ACCORD,completed
501,HONDA,45,-112475551,ACTY,completed
502,HONDA,45,935653425,ADV,completed
503,HONDA,45,904463119,ANC,completed
504,HONDA,45,1641516741,ANF,completed
505,HONDA,45,265682755,BALLADE,completed
506,HONDA,45,-1643662536,BEAT,completed
507,HONDA,45,-1497724536,CA,completed
508,HONDA,45,1890031273,CAPA,completed
509,HONDA,45,-1033289343,CB ( - 500cc),completed
510,HONDA,45,-1381420738,CB (501cc - ),completed
511,HONDA,45,1432948918,CB HORNET,completed
512,HONDA,45,-399800954,CB SEVEN FIFTY,completed
513,HONDA,45,-1996731355,CBF,completed
514,HONDA,45,1247440841,CBR ( - 600cc),completed
515,HONDA,45,-517961597,CBR (601cc - ),completed
516,HONDA,45,-642238098,CBX,completed
517,HONDA,45,-1746587445,CG,completed
518,HONDA,45,-309060380,CH,completed
519,HONDA,45,765133454,CITY,completed
520,HONDA,45,-1546428689,CIVIC,completed
521,HONDA,45,645626093,CJ,completed
522,HONDA,45,1856099955,CL,completed
523,HONDA,45,1353407813,CLR,completed
524,HONDA,45,-774871539,CM,completed
525,HONDA,45,136186841,CMX,completed
526,HONDA,45,-1803284058,CN,completed
527,HONDA,45,193303617,CONCERTO,completed
528,HONDA,45,812640229,CR,completed
529,HONDA,45,-1762051931,CR-V,completed
530,HONDA,45,988391944,CR-Z,completed
531,HONDA,45,-2015658804,CRF,completed
532,HONDA,45,460166459,CRX,completed
533,HONDA,45,261955375,CTX,completed
534,HONDA,45,199320459,CX,completed
535,HONDA,45,-480249456,DAX,completed
536,HONDA,45,1269791478,DIO,completed
537,HONDA,45,-864809740,DN-01,completed
538,HONDA,45,-255519248,e,completed
539,HONDA,45,-212432429,e:Ny1,completed
540,HONDA,45,2047980720,ELEMENT,completed
541,HONDA,45,-1278204079,ELYSION,completed
542,HONDA,45,-1195238349,EM,completed
543,HONDA,45,688823467,FES,completed
544,HONDA,45,1405546278,FIT,completed
545,HONDA,45,48893210,FJS,completed
546,HONDA,45,513551210,FMX,completed
547,HONDA,45,-889246027,FORZA,completed
548,HONDA,45,-1109554547,FR-V,completed
549,HONDA,45,-927816770,FT,completed
550,HONDA,45,1366910132,FX,completed
551,HONDA,45,-1726821653,GB,completed
552,HONDA,45,-1320227023,GL,completed
553,HONDA,45,369744288,HR-V,completed
554,HONDA,45,1165127042,INSIGHT,completed
555,HONDA,45,-718090566,INTEGRA,completed
556,HONDA,45,-1508080066,JAZZ,completed
557,HONDA,45,559237943,LEAD,completed
558,HONDA,45,642516213,LEGEND,completed
559,HONDA,45,-500504459,LIFE,completed
560,HONDA,45,-313270130,LOGO,completed
561,HONDA,45,-330238063,MBX,completed
562,HONDA,45,1311926910,MONKEY,completed
563,HONDA,45,1974413934,MONTESA 4-RIDE,completed
564,HONDA,45,1425015575,MONTESA COTA,completed
565,HONDA,45,496126633,MSX,completed
566,HONDA,45,-132169398,MTX,completed
567,HONDA,45,1406561737,N600,completed
568,HONDA,45,-2050739593,NAVI,completed
569,HONDA,45,323656533,NB,completed
570,HONDA,45,-1806336834,NC,completed
571,HONDA,45,-1933725038,NC INTEGRA,completed
572,HONDA,45,1539265429,NES,completed
573,HONDA,45,517323300,NH,completed
574,HONDA,45,-1507052365,NPS,completed
575,HONDA,45,-255831114,NR,completed
576,HONDA,45,-732698807,NS,completed
577,HONDA,45,1301886269,NSC,completed
578,HONDA,45,251870033,NSR,completed
579,HONDA,45,-1713056853,NSS,completed
580,HONDA,45,713765632,NSX,completed
581,HONDA,45,413867734,NT,completed
582,HONDA,45,951112334,NTV,completed
583,HONDA,45,1899194272,NX,completed
584,HONDA,45,-1267470686,ODYSSEY,completed
585,HONDA,45,-276839468,ORTHIA / PARTNER,completed
586,HONDA,45,-800558104,PA,completed
587,HONDA,45,-749553458,PCX,completed
588,HONDA,45,-121135908,PILOT,completed
589,HONDA,45,597436110,PK,completed
590,HONDA,45,1799416293,PRELUDE,completed
591,HONDA,45,2074717982,PS,completed
592,HONDA,45,-1848194390,PX,completed
593,HONDA,45,909408995,QUINTET,completed
594,HONDA,45,-1231048288,RC,completed
595,HONDA,45,-1511663236,RVF,completed
596,HONDA,45,-277386249,S2000,completed
597,HONDA,45,-374770047,SA,completed
598,HONDA,45,-1345787859,SCV,completed
599,HONDA,45,1717016360,SES,completed
600,HONDA,45,1613846016,SFX,completed
601,HONDA,45,1860595955,SGX,completed
602,HONDA,45,642723404,SH,completed
603,HONDA,45,-2004096153,SHUTTLE,completed
604,HONDA,45,598167497,SILVERWING,completed
605,HONDA,45,1161807104,SJ,completed
606,HONDA,45,483346454,SK,completed
607,HONDA,45,636741628,SL,completed
608,HONDA,45,1225528894,SLR,completed
609,HONDA,45,1780115896,SRX,completed
610,HONDA,45,431384138,ST,completed
611,HONDA,45,-817975210,STEPWGN,completed
612,HONDA,45,1398313079,STREAM,completed
613,HONDA,45,1613187979,SUPER CUB,completed
614,HONDA,45,-822774856,SW-T,completed
615,HONDA,45,-1985662735,SXR,completed
616,HONDA,45,-1229749492,TL,completed
617,HONDA,45,-675616968,VF,completed
618,HONDA,45,859495925,VFR,completed
619,HONDA,45,1965432100,VISION,completed
620,HONDA,45,-31344945,VT,completed
621,HONDA,45,26208662,VTR,completed
622,HONDA,45,1470706680,VTX,completed
623,HONDA,45,759638056,WAVE,completed
624,HONDA,45,1196431560,X-ADV,completed
625,HONDA,45,-1451415060,X8R,completed
626,HONDA,45,-1649177495,XBR,completed
627,HONDA,45,-734551076,XL,completed
628,HONDA,45,680750992,XLR,completed
629,HONDA,45,-1531011609,XLV,completed
630,HONDA,45,1050164246,XR,completed
631,HONDA,45,-1629097992,XRE,completed
632,HONDA,45,11907314,XRV,completed
633,HONDA,45,485544174,Z,completed
634,HONDA,45,500227518,ZB,completed
635,HONDA,45,-2116761256,ZR-V,completed
636,HYUNDAI,183,300747474,ACCENT,completed
637,HYUNDAI,183,1557974284,ATOS,completed
638,HYUNDAI,183,1417128567,AVANTE,completed
639,HYUNDAI,183,-2081116303,BAYON,completed
640,HYUNDAI,183,-1330829296,COUPE,completed
641,HYUNDAI,183,1724395722,ELANTRA,completed
642,HYUNDAI,183,-1406950117,ELANTRA GT,completed
643,HYUNDAI,183,4117560,EQUUS / CENTENNIAL,completed
644,HYUNDAI,183,-862175952,GALLOPER,completed
645,HYUNDAI,183,-203865993,GENESIS,completed
646,HYUNDAI,183,-1368731015,GETZ,completed
647,HYUNDAI,183,-677788252,GRAND i10,completed
648,HYUNDAI,183,-423009705,GRAND I10,completed
649,HYUNDAI,183,-1635079360,GRAND SANTA FÉ,completed
650,HYUNDAI,183,528818866,GRANDEUR,completed
651,HYUNDAI,183,1002628010,H-1,completed
652,HYUNDAI,183,2033804231,H-1 / STAREX,completed
653,HYUNDAI,183,-1041604529,H100,completed
654,HYUNDAI,183,-1301390023,H350,completed
655,HYUNDAI,183,-422801166,HIGHWAY VAN,completed
656,HYUNDAI,183,-485092308,i10,completed
657,HYUNDAI,183,-574472311,i20,completed
658,HYUNDAI,183,-1457541332,i20 ACTIVE,completed
659,HYUNDAI,183,2098244030,i30,completed
660,HYUNDAI,183,110201759,i40,completed
661,HYUNDAI,183,471932119,iLOAD,completed
662,HYUNDAI,183,1209762666,INSTER,completed
663,HYUNDAI,183,-1220346206,IONIQ,completed
664,HYUNDAI,183,-1345718159,IONIQ 5,completed
665,HYUNDAI,183,1097448244,IONIQ 6,completed
666,HYUNDAI,183,-1524362373,ix20,completed
667,HYUNDAI,183,-308167253,ix35,completed
668,HYUNDAI,183,-1754506177,ix55,completed
669,HYUNDAI,183,1692156538,KAUAI,completed
670,HYUNDAI,183,341802653,KONA,completed
671,HYUNDAI,183,2056960575,LANTRA,completed
672,HYUNDAI,183,-727073063,MATRIX,completed
673,HYUNDAI,183,-660080601,MONTANA,completed
674,HYUNDAI,183,811830173,NEXO,completed
675,HYUNDAI,183,1207334236,PONY,completed
676,HYUNDAI,183,1826557931,PONY / EXCEL,completed
677,HYUNDAI,183,1971761072,PORTER,completed
678,HYUNDAI,183,-837312403,S COUPE,completed
679,HYUNDAI,183,-1776522414,SANTA FE,completed
680,HYUNDAI,183,-1345219892,SANTA FÉ,completed
681,HYUNDAI,183,-2005305426,SANTA FE V,completed
682,HYUNDAI,183,-964815176,SANTAMO,completed
683,HYUNDAI,183,-2021210278,SOLARIS,completed
684,HYUNDAI,183,-1577023728,SONATA,completed
685,HYUNDAI,183,-542731942,STARIA,completed
686,HYUNDAI,183,1097488822,STELLAR,completed
687,HYUNDAI,183,1319689854,TERRACAN,completed
688,HYUNDAI,183,1296387701,TIBURON,completed
689,HYUNDAI,183,2068712681,TRAJET,completed
690,HYUNDAI,183,1790994544,TUCSON,completed
691,HYUNDAI,183,-444713179,VELOSTER,completed
692,HYUNDAI,183,-143984406,XG,completed
693,ISUZU,54,-1994951153,ASCENDER,completed
694,ISUZU,54,-786694762,CAMPO,completed
695,ISUZU,54,288084568,D-MAX,completed
696,ISUZU,54,-2064285224,GEMINI,completed
697,ISUZU,54,1046248,IMPULSE,completed
698,ISUZU,54,806417166,KB,completed
699,ISUZU,54,-653806485,MIDI,completed
700,ISUZU,54,354921007,PIAZZA,completed
701,ISUZU,54,-1506128241,TFR/TFS,completed
702,ISUZU,54,1852912735,TROOPER,completed
703,IVECO,55,-1339238167,DAILY,completed
704,IVECO,55,1987075011,MASSIF,completed
705,JAGUAR,56,-452788662,E-PACE,completed
706,JAGUAR,56,-1593183360,E-TYPE,completed
707,JAGUAR,56,-575043569,E-TYPE 2+2,completed
708,JAGUAR,56,1734299360,F-PACE,completed
709,JAGUAR,56,981951279,F-TYPE,completed
710,JAGUAR,56,-1959546318,I-PACE,completed
711,JAGUAR,56,-1293587634,Mk I,completed
712,JAGUAR,56,-241845433,Mk II,completed
713,JAGUAR,56,-165687078,Mk IX,completed
714,JAGUAR,56,-1197559585,Mk VII,completed
715,JAGUAR,56,-1968850170,Mk VIII,completed
716,JAGUAR,56,166148339,Mk X,completed
717,JAGUAR,56,772285398,S-TYPE,completed
718,JAGUAR,56,-551752997,X-TYPE,completed
719,JAGUAR,56,1585163835,XE,completed
720,JAGUAR,56,-1292095093,XF,completed
721,JAGUAR,56,-378891156,XJ,completed
722,JAGUAR,56,-2115000168,XJ220,completed
723,JAGUAR,56,-373035154,XJSC,completed
724,JAGUAR,56,-2081938842,XK,completed
725,JAGUAR,56,298492792,XK 8,completed
726,JEEP,882,1349503666,AVENGER,completed
727,JEEP,882,-581386501,CHEROKEE,completed
728,JEEP,882,-317888216,CJ5 - CJ8,completed
729,JEEP,882,-1098912703,COMMANDER,completed
730,JEEP,882,1913249093,COMPASS,completed
731,JEEP,882,1859669161,GLADIATOR,completed
732,JEEP,882,-1980540813,GRAND CHEROKEE,completed
733,JEEP,882,-122185387,GRAND CHEROKEE L,completed
734,JEEP,882,59378337,GRAND WAGONEER,completed
735,JEEP,882,562956564,PATRIOT,completed
736,JEEP,882,-1481321074,RENEGADE,completed
737,JEEP,882,-1683951350,WRANGLER,completed
738,KIA,184,-1295930960,BESTA,completed
739,KIA,184,-2091991067,CARENS,completed
740,KIA,184,1362589038,CEE'D,completed
741,KIA,184,-1360770779,CEED,completed
742,KIA,184,-991555872,CERATO,completed
743,KIA,184,-1971169337,CERES,completed
744,KIA,184,2095242649,CLARUS,completed
745,KIA,184,777207907,EV3,completed
746,KIA,184,1092419332,EV5,completed
747,KIA,184,1448922828,EV6,completed
748,KIA,184,-440713406,EV9,completed
749,KIA,184,1182487298,JOICE,completed
750,KIA,184,-1604625044,K2500,completed
751,KIA,184,325323490,K2700,completed
752,KIA,184,-667673273,K8,completed
753,KIA,184,1104116279,K9,completed
754,KIA,184,-437992550,MAGENTIS,completed
755,KIA,184,-71567326,NIRO,completed
756,KIA,184,-1324302253,OPIRUS,completed
757,KIA,184,180507663,OPTIMA,completed
758,KIA,184,-215524178,PICANTO,completed
759,KIA,184,-1531321851,PREGIO,completed
760,KIA,184,-1970205081,PRIDE,completed
761,KIA,184,-1170089663,PRIDE Van,completed
762,KIA,184,439500692,PRO CEE'D,completed
763,KIA,184,-82312449,PROCEED,completed
764,KIA,184,162441549,RETONA,completed
765,KIA,184,-1030938729,RIO,completed
766,KIA,184,-1034722407,ROADSTER,completed
767,KIA,184,212446509,SEDONA,completed
768,KIA,184,1509456686,SELTOS,completed
769,KIA,184,-1929380350,SEPHIA,completed
770,KIA,184,-1292452654,SHUMA,completed
771,KIA,184,789207755,SORENTO,completed
772,KIA,184,-147282465,SOUL,completed
773,KIA,184,-253884098,SPORTAGE,completed
774,KIA,184,-1871391341,STINGER,completed
775,KIA,184,-691748966,STONIC,completed
776,KIA,184,1688818837,VENGA,completed
777,KIA,184,-1849916220,XCEED,completed
778,LAND ROVER,1820,-1583695030,110/127,completed
779,LAND ROVER,1820,1911405668,80,completed
780,LAND ROVER,1820,-1511134164,86/107,completed
781,LAND ROVER,1820,36794718,88/109,completed
782,LAND ROVER,1820,-936242665,90,completed
783,LAND ROVER,1820,-2093161205,DEFENDER,completed
784,LAND ROVER,1820,-161149482,DISCOVERY,completed
785,LAND ROVER,1820,927033949,DISCOVERY SPORT,completed
786,LAND ROVER,1820,-1867981498,FREELANDER,completed
787,LAND ROVER,1820,1787576337,FREELANDER 2,completed
788,LAND ROVER,1820,1158648369,RANGE ROVER,completed
789,LAND ROVER,1820,1893714201,RANGE ROVER EVOQUE,completed
790,LAND ROVER,1820,1962222019,RANGE ROVER SPORT,completed
791,LAND ROVER,1820,-1729284810,RANGE ROVER VELAR,completed
792,LEXUS,842,-969892608,CT,completed
793,LEXUS,842,1054803597,ES,completed
794,LEXUS,842,-1857920030,GS,completed
795,LEXUS,842,-1782574543,IS,completed
796,LEXUS,842,-1783935385,IS C,completed
797,LEXUS,842,-1619283497,LBX,completed
798,LEXUS,842,-1009178139,LC,completed
799,LEXUS,842,-1783917793,LFA,completed
800,LEXUS,842,1700679038,LM,completed
801,LEXUS,842,1307496287,LS,completed
802,LEXUS,842,-118105956,LX,completed
803,LEXUS,842,-801048154,NX,completed
804,LEXUS,842,1891034613,RC,completed
805,LEXUS,842,1511753085,RX,completed
806,LEXUS,842,-2083735087,RZ,completed
807,LEXUS,842,898978527,SC,completed
808,LEXUS,842,-704815836,UX,completed
809,MAZDA,72,977356045,1000,completed
810,MAZDA,72,788713425,121,completed
811,MAZDA,72,1477867989,1300,completed
812,MAZDA,72,-1336409966,1800,completed
813,MAZDA,72,-2071414215,2,completed
814,MAZDA,72,1090855613,3,completed
815,MAZDA,72,-216376492,323,completed
816,MAZDA,72,-2052255229,323 C,completed
817,MAZDA,72,-1715475870,323 F,completed
818,MAZDA,72,197231843,323 P,completed
819,MAZDA,72,1516725725,323 S,completed
820,MAZDA,72,1653178838,5,completed
821,MAZDA,72,-1326465357,6,completed
822,MAZDA,72,307944858,616,completed
823,MAZDA,72,1171125193,626,completed
824,MAZDA,72,-1743603796,818,completed
825,MAZDA,72,-174933879,929,completed
826,MAZDA,72,1648834109,B-SERIE,completed
827,MAZDA,72,958040014,BT-50,completed
828,MAZDA,72,-1631207926,CX-3,completed
829,MAZDA,72,-1424982921,CX-30,completed
830,MAZDA,72,1016714866,CX-5,completed
831,MAZDA,72,1214614856,CX-60,completed
832,MAZDA,72,-954510350,CX-7,completed
833,MAZDA,72,-886316910,CX-80,completed
834,MAZDA,72,-1133585599,CX-9,completed
835,MAZDA,72,1608395892,DEMIO,completed
836,MAZDA,72,-2002001172,E,completed
837,MAZDA,72,728005286,MPV,completed
838,MAZDA,72,-1090019893,MX-3,completed
839,MAZDA,72,774523912,MX-30,completed
840,MAZDA,72,1042100806,MX-5,completed
841,MAZDA,72,1744309512,MX-5 RF,completed
842,MAZDA,72,1144908368,MX-6,completed
843,MAZDA,72,900166750,PREMACY,completed
844,MAZDA,72,-662194055,RX-5,completed
845,MAZDA,72,782949869,RX-7,completed
846,MAZDA,72,1658641969,RX-8,completed
847,MAZDA,72,822674395,TRIBUTE,completed
848,MAZDA,72,-641681912,XEDOS 6,completed
849,MAZDA,72,1201010030,XEDOS 9,completed
850,MERCEDES-BENZ,74,-189573901,/8,completed
851,MERCEDES-BENZ,74,1844069890,123,completed
852,MERCEDES-BENZ,74,-1952950681,124,completed
853,MERCEDES-BENZ,74,-2079653099,170,completed
854,MERCEDES-BENZ,74,544590150,190,completed
855,MERCEDES-BENZ,74,1980788916,300,completed
856,MERCEDES-BENZ,74,-1815519932,A-CLASS,completed
857,MERCEDES-BENZ,74,-44518058,AMG GT,completed
858,MERCEDES-BENZ,74,1466635566,B-CLASS,completed
859,MERCEDES-BENZ,74,1469688736,C-CLASS,completed
860,MERCEDES-BENZ,74,757750826,CABRIOLET,completed
861,MERCEDES-BENZ,74,-118021555,CITAN,completed
862,MERCEDES-BENZ,74,1678281935,CLA,completed
863,MERCEDES-BENZ,74,76896470,CLC-CLASS,completed
864,MERCEDES-BENZ,74,891558287,CLE,completed
865,MERCEDES-BENZ,74,-448432829,CLK,completed
866,MERCEDES-BENZ,74,-1903706306,CLS,completed
867,MERCEDES-BENZ,74,-1502351281,COUPE,completed
868,MERCEDES-BENZ,74,-917424982,E-CLASS,completed
869,MERCEDES-BENZ,74,339977529,EQA,completed
870,MERCEDES-BENZ,74,942240848,EQB,completed
871,MERCEDES-BENZ,74,664568422,EQC,completed
872,MERCEDES-BENZ,74,1486134009,EQE,completed
873,MERCEDES-BENZ,74,1552769314,EQS,completed
874,MERCEDES-BENZ,74,1200067261,EQV,completed
875,MERCEDES-BENZ,74,-897892867,G-CLASS,completed
876,MERCEDES-BENZ,74,-782032981,GL-CLASS,completed
877,MERCEDES-BENZ,74,1103836924,GLA,completed
878,MERCEDES-BENZ,74,695550412,GLA-CLASS,completed
879,MERCEDES-BENZ,74,879144411,GLB,completed
880,MERCEDES-BENZ,74,1917584575,GLC,completed
881,MERCEDES-BENZ,74,97648898,GLE,completed
882,MERCEDES-BENZ,74,-1888548317,GLK-CLASS,completed
883,MERCEDES-BENZ,74,-742779429,GLS,completed
884,MERCEDES-BENZ,74,1543594670,GULLWING,completed
885,MERCEDES-BENZ,74,94615663,HECKFLOSSE,completed
886,MERCEDES-BENZ,74,1889496820,HENSCHEL 2-t,completed
887,MERCEDES-BENZ,74,-328263340,M-CLASS,completed
888,MERCEDES-BENZ,74,-1298339918,MARCO POLO,completed
889,MERCEDES-BENZ,74,-1533131798,MB,completed
890,MERCEDES-BENZ,74,1485904312,PAGODE,completed
891,MERCEDES-BENZ,74,-896000533,PONTON,completed
892,MERCEDES-BENZ,74,-703169987,PULLMANN,completed
893,MERCEDES-BENZ,74,1269528155,R-CLASS,completed
894,MERCEDES-BENZ,74,5579404,S-CLASS,completed
895,MERCEDES-BENZ,74,-1352931030,SL,completed
896,MERCEDES-BENZ,74,1332083767,SLC,completed
897,MERCEDES-BENZ,74,-626276700,SLK,completed
898,MERCEDES-BENZ,74,-1577943596,SLR,completed
899,MERCEDES-BENZ,74,-1127483488,SLS AMG,completed
900,MERCEDES-BENZ,74,-811247964,SPRINTER 2-t,completed
901,MERCEDES-BENZ,74,-394610908,SPRINTER 3-t,completed
902,MERCEDES-BENZ,74,100194285,"SPRINTER 3,5-t",completed
903,MERCEDES-BENZ,74,1512920713,SPRINTER 4-t,completed
904,MERCEDES-BENZ,74,1775650333,"SPRINTER 4,6-t",completed
905,MERCEDES-BENZ,74,-1094952876,SPRINTER 5-t,completed
906,MERCEDES-BENZ,74,1937180836,"SPRINTER CLASSIC 3,5-t",completed
907,MERCEDES-BENZ,74,-1953719043,"SPRINTER CLASSIC 4,6-t",completed
908,MERCEDES-BENZ,74,1834524516,T-CLASS,completed
909,MERCEDES-BENZ,74,2054154799,T1,completed
910,MERCEDES-BENZ,74,-1063520745,T1/TN,completed
911,MERCEDES-BENZ,74,-229234335,T2/L,completed
912,MERCEDES-BENZ,74,-1678425124,T2/LN1,completed
913,MERCEDES-BENZ,74,-105521418,V-CLASS,completed
914,MERCEDES-BENZ,74,-501655632,VANEO,completed
915,MERCEDES-BENZ,74,1688547746,VARIO,completed
916,MERCEDES-BENZ,74,1643446739,VIANO,completed
917,MERCEDES-BENZ,74,-2014014171,VITO,completed
918,MERCEDES-BENZ,74,-759408671,VITO / MIXTO,completed
919,MERCEDES-BENZ,74,-2046522854,X-CLASS,completed
920,MG,75,-1130748374,CYBERSTER,completed
921,MG,75,-1818420950,EXPRESS,completed
922,MG,75,-1474455647,MAESTRO,completed
923,MG,75,1562587163,MAGNETTE,completed
924,MG,75,-1832096460,METRO,completed
925,MG,75,340907808,MG 3,completed
926,MG,75,1338228766,MG 4,completed
927,MG,75,1893206149,MG 5,completed
928,MG,75,-1784133947,MG 6,completed
929,MG,75,598325410,MG GS,completed
930,MG,75,-1224066363,MG HS,completed
931,MG,75,-117427502,MG TF,completed
932,MG,75,1853292532,MG X-POWER,completed
933,MG,75,362972978,MG ZR,completed
934,MG,75,1989736760,MG ZS,completed
935,MG,75,493549269,MG ZT,completed
936,MG,75,1250052275,MG ZT-,completed
937,MG,75,1842771363,MGA,completed
938,MG,75,-1598773972,MGB,completed
939,MG,75,-1070173941,MGB GT,completed
940,MG,75,890726446,MGC,completed
941,MG,75,948243229,MGC GT,completed
942,MG,75,596998182,MGF,completed
943,MG,75,854692504,MGR V8,completed
944,MG,75,-1985496235,MGY,completed
945,MG,75,-273473358,MIDGET,completed
946,MG,75,82064989,MONTEGO,completed
947,MINI,1523,-902400464,COUNTRYMAN,completed
948,MINI,1523,-508752332,MINI,completed
949,MINI,1523,-370383967,MINI ACEMAN,completed
950,MINI,1523,-1417698064,MINI CLUBMAN,completed
951,MINI,1523,-990594970,MINI CLUBVAN,completed
952,MINI,1523,785454362,MINI COOPER,completed
953,MINI,1523,-223897703,MINI COUNTRYMAN,completed
954,MINI,1523,353322919,MINI PACEMAN,completed
955,MITSUBISHI,77,-870407396,3000 GT,completed
956,MITSUBISHI,77,-1552919644,ASX,completed
957,MITSUBISHI,77,-990863490,ASX Van,completed
958,MITSUBISHI,77,312413242,CARISMA,completed
959,MITSUBISHI,77,1438841854,COLT,completed
960,MITSUBISHI,77,-950400519,COLT CZC,completed
961,MITSUBISHI,77,-1403002018,CORDIA,completed
962,MITSUBISHI,77,-1005933289,DELICA / SPACE GEAR,completed
963,MITSUBISHI,77,2075696768,ECLIPSE,completed
964,MITSUBISHI,77,806007302,ECLIPSE CROSS,completed
965,MITSUBISHI,77,-1898849578,FTO,completed
966,MITSUBISHI,77,153567971,GALANT,completed
967,MITSUBISHI,77,1487416887,GRANDIS,completed
968,MITSUBISHI,77,-217298839,GTO,completed
969,MITSUBISHI,77,390078519,i,completed
970,MITSUBISHI,77,953357650,L 300,completed
971,MITSUBISHI,77,-256325316,L 300 / DELICA,completed
972,MITSUBISHI,77,979470978,L200,completed
973,MITSUBISHI,77,128341474,L200 / TRITON,completed
974,MITSUBISHI,77,1387621823,L400,completed
975,MITSUBISHI,77,-1934133197,LANCER,completed
976,MITSUBISHI,77,-137654332,LANCER CELESTE,completed
977,MITSUBISHI,77,-1770389182,LANCER F,completed
978,MITSUBISHI,77,-1278647082,MIRAGE,completed
979,MITSUBISHI,77,-1277933760,MIRAGE / SPACE STAR,completed
980,MITSUBISHI,77,1508299685,OUTLANDER,completed
981,MITSUBISHI,77,-1784184128,PAJERO,completed
982,MITSUBISHI,77,530777867,PAJERO JUNIOR,completed
983,MITSUBISHI,77,-1909146704,PAJERO MINI,completed
984,MITSUBISHI,77,-1852545962,PAJERO SPORT,completed
985,MITSUBISHI,77,-186754286,PAJERO/SHOGUN,completed
986,MITSUBISHI,77,-1200739564,PAJERO/SHOGUN CLASSIC,completed
987,MITSUBISHI,77,-1188101648,PROUDIA/DIGNITY,completed
988,MITSUBISHI,77,1024725317,SANTAMO,completed
989,MITSUBISHI,77,70806476,SAPPORO,completed
990,MITSUBISHI,77,-1102935704,SHOGUN PININ,completed
991,MITSUBISHI,77,2090489321,SHOGUN SPORT VAN,completed
992,MITSUBISHI,77,180372264,SIGMA,completed
993,MITSUBISHI,77,-744507283,SPACE RUNNER,completed
994,MITSUBISHI,77,53122248,SPACE STAR,completed
995,MITSUBISHI,77,-849909901,SPACE WAGON,completed
996,MITSUBISHI,77,689961466,STARION,completed
997,MITSUBISHI,77,-1969666903,TREDIA,completed
998,NISSAN,80,2076250762,100NX,completed
999,NISSAN,80,1182640219,200SX,completed
1000,NISSAN,80,-757291847,260Z,completed
1001,NISSAN,80,122660678,"280ZX,ZXT",completed
1002,NISSAN,80,-1713604718,300ZX,completed
1003,NISSAN,80,1877174506,350Z,completed
1004,NISSAN,80,1917074607,370Z,completed
1005,NISSAN,80,-2126449942,ALMERA,completed
1006,NISSAN,80,1692698633,ALMERA TINO,completed
1007,NISSAN,80,1049925021,ALTIMA,completed
1008,NISSAN,80,-30988501,ARIYA,completed
1009,NISSAN,80,726924849,BLUEBIRD,completed
1010,NISSAN,80,156957442,BLUEBIRD (B610),completed
1011,NISSAN,80,1062443436,BLUEBIRD SYLPHY,completed
1012,NISSAN,80,929467131,CABSTAR,completed
1013,NISSAN,80,-1753814741,CABSTAR E,completed
1014,NISSAN,80,1739306360,CEDRIC,completed
1015,NISSAN,80,-342172557,CHERRY,completed
1016,NISSAN,80,-1939374960,CHERRY (E10),completed
1017,NISSAN,80,389190354,CUBE,completed
1018,NISSAN,80,1109572928,DATSUN 100A,completed
1019,NISSAN,80,327626423,DATSUN 120,completed
1020,NISSAN,80,249314621,DATSUN 120Y,completed
1021,NISSAN,80,-1925956876,DATSUN 140J,completed
1022,NISSAN,80,2100591700,DATSUN 140Y,completed
1023,NISSAN,80,-294694463,DATSUN 160J,completed
1024,NISSAN,80,-1088400068,DATSUN 180B,completed
1025,NISSAN,80,-684862852,DATSUN 240,completed
1026,NISSAN,80,-1343952916,DUALIS,completed
1027,NISSAN,80,-2071151529,ELGRAND,completed
1028,NISSAN,80,-595852219,FIGARO,completed
1029,NISSAN,80,566724461,GT-R,completed
1030,NISSAN,80,-1561154473,INTERSTAR,completed
1031,NISSAN,80,-1605876818,JUKE,completed
1032,NISSAN,80,-1213802871,KUBISTAR,completed
1033,NISSAN,80,-1997925127,LARGO,completed
1034,NISSAN,80,1960023859,LAUREL,completed
1035,NISSAN,80,-1690731188,LEAF,completed
1036,NISSAN,80,1721366214,MAXIMA,completed
1037,NISSAN,80,736733384,MAXIMA / MAXIMA QX,completed
1038,NISSAN,80,1718217841,MICRA,completed
1039,NISSAN,80,-1806685511,MICRA C+C,completed
1040,NISSAN,80,656963783,MURANO,completed
1041,NISSAN,80,-1844378222,NAVARA,completed
1042,NISSAN,80,948214519,NAVARA NP300,completed
1043,NISSAN,80,981497366,NOTE,completed
1044,NISSAN,80,1000983384,NP300 PICKUP,completed
1045,NISSAN,80,-2070091974,NT400 CABSTAR,completed
1046,NISSAN,80,1237103246,NV200,completed
1047,NISSAN,80,-1179548138,NV200 / EVALIA,completed
1048,NISSAN,80,-1260103730,NV250,completed
1049,NISSAN,80,1891891015,NV300,completed
1050,NISSAN,80,1252783501,NV400,completed
1051,NISSAN,80,376366206,PATHFINDER,completed
1052,NISSAN,80,-900448617,PATROL,completed
1053,NISSAN,80,2047746708,PATROL GR,completed
1054,NISSAN,80,-747598010,PICK UP,completed
1055,NISSAN,80,1571612859,PIXO,completed
1056,NISSAN,80,652948922,PRAIRIE,completed
1057,NISSAN,80,522231650,PRAIRIE PRO,completed
1058,NISSAN,80,2017863161,PRIMASTAR,completed
1059,NISSAN,80,1580785832,PRIMERA,completed
1060,NISSAN,80,432821867,PULSAR,completed
1061,NISSAN,80,-1173997651,QASHQAI,completed
1062,NISSAN,80,-510867588,QASHQAI / QASHQAI +2,completed
1063,NISSAN,80,-1059425812,QX,completed
1064,NISSAN,80,128803955,ROGUE,completed
1065,NISSAN,80,-1369021362,SENTRA,completed
1066,NISSAN,80,981025215,SERENA,completed
1067,NISSAN,80,444577846,SILVIA,completed
1068,NISSAN,80,1066058620,SKYLINE,completed
1069,NISSAN,80,242950773,STANZA,completed
1070,NISSAN,80,-1961772931,SUNNY,completed
1071,NISSAN,80,290269139,TEANA,completed
1072,NISSAN,80,-1451156351,TERRANO,completed
1073,NISSAN,80,1963194420,TERRANO II,completed
1074,NISSAN,80,164281797,TERRANO II Van,completed
1075,NISSAN,80,-1196316019,TIIDA,completed
1076,NISSAN,80,-1993283719,TOWNSTAR,completed
1077,NISSAN,80,-362564407,TOWNSTAR EVALIA,completed
1078,NISSAN,80,-873902032,TRADE,completed
1079,NISSAN,80,-1900695789,URVAN,completed
1080,NISSAN,80,-456098565,VANETTE,completed
1081,NISSAN,80,-83018404,VANETTE CARGO,completed
1082,NISSAN,80,-1662755164,VERSA,completed
1083,NISSAN,80,1643129358,X-TRAIL,completed
1084,PEUGEOT,88,1392263777,1007,completed
1085,PEUGEOT,88,1600170229,101,completed
1086,PEUGEOT,88,-478988907,103,completed
1087,PEUGEOT,88,-1596671275,104,completed
1088,PEUGEOT,88,-1278856599,105,completed
1089,PEUGEOT,88,-1582153909,106,completed
1090,PEUGEOT,88,-932893992,106 Van,completed
1091,PEUGEOT,88,-1118660760,107,completed
1092,PEUGEOT,88,-1936663003,108,completed
1093,PEUGEOT,88,1954735252,2008,completed
1094,PEUGEOT,88,1594050809,204,completed
1095,PEUGEOT,88,1780863850,205,completed
1096,PEUGEOT,88,-618225729,206,completed
1097,PEUGEOT,88,1375648091,206 Van,completed
1098,PEUGEOT,88,-355879370,206+,completed
1099,PEUGEOT,88,-989916586,207,completed
1100,PEUGEOT,88,1690723199,207 CC,completed
1101,PEUGEOT,88,-584089747,207 SW,completed
1102,PEUGEOT,88,2124096872,208,completed
1103,PEUGEOT,88,-559985714,3008,completed
1104,PEUGEOT,88,-927842170,301,completed
1105,PEUGEOT,88,-1798303667,304,completed
1106,PEUGEOT,88,401618952,305,completed
1107,PEUGEOT,88,1019984824,306,completed
1108,PEUGEOT,88,-1498176678,307,completed
1109,PEUGEOT,88,-79021171,308,completed
1110,PEUGEOT,88,2044413977,308 CC,completed
1111,PEUGEOT,88,1726358034,308 SW,completed
1112,PEUGEOT,88,1099465248,309,completed
1113,PEUGEOT,88,-1692686922,4007,completed
1114,PEUGEOT,88,757373002,4008,completed
1115,PEUGEOT,88,-962152909,404,completed
1116,PEUGEOT,88,-1015362852,405,completed
1117,PEUGEOT,88,-212101606,406,completed
1118,PEUGEOT,88,90459681,407,completed
1119,PEUGEOT,88,23840033,408,completed
1120,PEUGEOT,88,-1998296994,5008,completed
1121,PEUGEOT,88,-536035766,504,completed
1122,PEUGEOT,88,317102270,505,completed
1123,PEUGEOT,88,-1349897645,508,completed
1124,PEUGEOT,88,132077430,508 SW,completed
1125,PEUGEOT,88,-1013983545,604,completed
1126,PEUGEOT,88,-355358933,605,completed
1127,PEUGEOT,88,-1946592618,607,completed
1128,PEUGEOT,88,1694682682,806,completed
1129,PEUGEOT,88,1824244920,807,completed
1130,PEUGEOT,88,-728205482,BELVILLE,completed
1131,PEUGEOT,88,-1370881680,BIPPER,completed
1132,PEUGEOT,88,-1449174606,BIPPER TEPEE,completed
1133,PEUGEOT,88,-1918685934,BOXER,completed
1134,PEUGEOT,88,368926741,BUXY,completed
1135,PEUGEOT,88,-2144260207,CITYSTAR,completed
1136,PEUGEOT,88,1260802265,DJANGO,completed
1137,PEUGEOT,88,154614502,ELYSEO,completed
1138,PEUGEOT,88,1747392837,ELYSTAR,completed
1139,PEUGEOT,88,-1851636267,EXPERT,completed
1140,PEUGEOT,88,2144152152,EXPERT TEPEE,completed
1141,PEUGEOT,88,-1552843895,FOX,completed
1142,PEUGEOT,88,-1165128814,GEOPOLIS,completed
1143,PEUGEOT,88,48135027,ION,completed
1144,PEUGEOT,88,567945968,J5,completed
1145,PEUGEOT,88,1843805031,J7,completed
1146,PEUGEOT,88,-983161788,J9,completed
1147,PEUGEOT,88,2031050395,JETFORCE,completed
1148,PEUGEOT,88,179457648,KISBEE,completed
1149,PEUGEOT,88,-976972557,LOOXOR,completed
1150,PEUGEOT,88,-1125094891,LUDIX,completed
1151,PEUGEOT,88,-1072511702,LXR,completed
1152,PEUGEOT,88,2122728330,METROPOLIS,completed
1153,PEUGEOT,88,1593379385,MISTRAL,completed
1154,PEUGEOT,88,-1371764559,NK7,completed
1155,PEUGEOT,88,432696451,PARTNER,completed
1156,PEUGEOT,88,-1432018025,PARTNER FURGON,completed
1157,PEUGEOT,88,-1349270674,PARTNER ORIGIN,completed
1158,PEUGEOT,88,-1464099855,PARTNER TEPEE,completed
1159,PEUGEOT,88,-2126739963,PM,completed
1160,PEUGEOT,88,-472430276,PULSION,completed
1161,PEUGEOT,88,-1879651415,RANCH,completed
1162,PEUGEOT,88,172610022,RAPIDO,completed
1163,PEUGEOT,88,2109978585,RCZ,completed
1164,PEUGEOT,88,-933127425,RIFTER,completed
1165,PEUGEOT,88,470763737,SATELIS,completed
1166,PEUGEOT,88,-331723844,SC,completed
1167,PEUGEOT,88,288282024,SCOPER,completed
1168,PEUGEOT,88,1464535564,SPEEDAKE,completed
1169,PEUGEOT,88,-1857608008,SPEEDFIGHT,completed
1170,PEUGEOT,88,1802653148,SQUAB,completed
1171,PEUGEOT,88,1797652807,SUM-UP,completed
1172,PEUGEOT,88,1819229609,SV,completed
1173,PEUGEOT,88,1768438788,TKR,completed
1174,PEUGEOT,88,-160601907,TRAVELLER,completed
1175,PEUGEOT,88,1607823909,TREKKER,completed
1176,PEUGEOT,88,-443181558,TWEET,completed
1177,PEUGEOT,88,1078539880,V-CLIC,completed
1178,PEUGEOT,88,1485964276,VIVACITY,completed
1179,PEUGEOT,88,134562134,VOGUE,completed
1180,PEUGEOT,88,-769317613,VOX,completed
1181,PEUGEOT,88,1867723669,XP,completed
1182,PEUGEOT,88,-455885557,XP6,completed
1183,PEUGEOT,88,478562021,XPS,completed
1184,PEUGEOT,88,873308773,XR6,completed
1185,PEUGEOT,88,1521008759,XR7,completed
1186,PEUGEOT,88,-863892084,ZENITH,completed
1187,RENAULT,93,1307554545,10,completed
1188,RENAULT,93,936836397,11,completed
1189,RENAULT,93,-592309706,12,completed
1190,RENAULT,93,875785204,14,completed
1191,RENAULT,93,-873946898,15,completed
1192,RENAULT,93,-2132670641,16,completed
1193,RENAULT,93,-878988372,17,completed
1194,RENAULT,93,-1167543378,18,completed
1195,RENAULT,93,-1395647395,19,completed
1196,RENAULT,93,1401847035,20,completed
1197,RENAULT,93,-1981304234,21,completed
1198,RENAULT,93,-1869845905,25,completed
1199,RENAULT,93,-1377826883,30,completed
1200,RENAULT,93,-2046579692,4,completed
1201,RENAULT,93,-1824903587,5,completed
1202,RENAULT,93,1799141797,6,completed
1203,RENAULT,93,409048888,7,completed
1204,RENAULT,93,1001221191,8,completed
1205,RENAULT,93,204757454,9,completed
1206,RENAULT,93,1048106003,ALASKAN,completed
1207,RENAULT,93,635652943,ARKANA,completed
1208,RENAULT,93,-568470617,AUSTRAL,completed
1209,RENAULT,93,-798916300,AVANTIME,completed
1210,RENAULT,93,1394243431,CAPTUR,completed
1211,RENAULT,93,-1978791023,CLIO,completed
1212,RENAULT,93,656972697,CLIO CAMPUS,completed
1213,RENAULT,93,-1240251738,DUSTER,completed
1214,RENAULT,93,1132551521,ESPACE,completed
1215,RENAULT,93,1468900166,ESTAFETTE,completed
1216,RENAULT,93,-2094926006,EURO CLIO,completed
1217,RENAULT,93,1758480966,EXPRESS,completed
1218,RENAULT,93,1588847180,FLUENCE,completed
1219,RENAULT,93,1084588970,FUEGO,completed
1220,RENAULT,93,1630494086,GRAND KANGOO,completed
1221,RENAULT,93,682884277,GRAND SCÉNIC,completed
1222,RENAULT,93,-1356750705,KADJAR,completed
1223,RENAULT,93,-1269775794,KANGOO,completed
1224,RENAULT,93,531288797,KANGOO / GRAND KANGOO,completed
1225,RENAULT,93,726295096,KANGOO BE BOP,completed
1226,RENAULT,93,790544093,KOLEOS,completed
1227,RENAULT,93,442105052,LAGUNA,completed
1228,RENAULT,93,422980471,LATITUDE,completed
1229,RENAULT,93,2025661789,LOGAN,completed
1230,RENAULT,93,31836084,LOGAN/STEPWAY,completed
1231,RENAULT,93,643514385,LUTECIA,completed
1232,RENAULT,93,-70742377,MASCOTT,completed
1233,RENAULT,93,1813420562,MASTER,completed
1234,RENAULT,93,1229113755,MASTER PRO,completed
1235,RENAULT,93,-1952184312,MEGANE,completed
1236,RENAULT,93,1575808014,MEGANE CC,completed
1237,RENAULT,93,2103988215,MEGANE E-TECH,completed
1238,RENAULT,93,-1398173689,MODUS,completed
1239,RENAULT,93,-52296578,MODUS / GRAND MODUS,completed
1240,RENAULT,93,131630941,RAFALE,completed
1241,RENAULT,93,502412163,RAPID,completed
1242,RENAULT,93,-911098678,RODEO,completed
1243,RENAULT,93,1804788105,SAFRANE,completed
1244,RENAULT,93,-1656207184,SANDERO/STEPWAY,completed
1245,RENAULT,93,-196058029,SCÉNIC,completed
1246,RENAULT,93,-876987744,SCENIC E-TECH,completed
1247,RENAULT,93,-644419350,SPORT SPIDER,completed
1248,RENAULT,93,-1214809173,SUPER 5,completed
1249,RENAULT,93,-1547697777,SYMBIOZ,completed
1250,RENAULT,93,1701933227,TALISMAN,completed
1251,RENAULT,93,-1243037702,THALIA,completed
1252,RENAULT,93,-636281167,TRAFIC,completed
1253,RENAULT,93,729616841,TRAFIC II,completed
1254,RENAULT,93,-1703732690,TWINGO,completed
1255,RENAULT,93,-1607840927,TWIZY,completed
1256,RENAULT,93,1816885659,VEL SATIS,completed
1257,RENAULT,93,-360247277,WIND,completed
1258,RENAULT,93,-880092323,ZOE,completed
1259,ROVER,95,1497737181,100,completed
1260,ROVER,95,-1082231729,100 / METRO,completed
1261,ROVER,95,1540875710,200,completed
1262,ROVER,95,-1744240460,2000-3500,completed
1263,ROVER,95,-1621165917,25,completed
1264,ROVER,95,-156131245,25 COMMERCE,completed
1265,ROVER,95,-1355970676,400,completed
1266,ROVER,95,769616854,45,completed
1267,ROVER,95,-1933839835,600,completed
1268,ROVER,95,836288924,75,completed
1269,ROVER,95,2028263009,800,completed
1270,ROVER,95,48083234,A60 CAMBRIDGE,completed
1271,ROVER,95,1363797232,CDV,completed
1272,ROVER,95,-2002641657,CITYROVER,completed
1273,ROVER,95,2140857509,COUPE,completed
1274,ROVER,95,1498278550,MAESTRO,completed
1275,ROVER,95,2044909200,METRO,completed
1276,ROVER,95,-1007170868,MINI,completed
1277,ROVER,95,-81874338,MINI-MOKE,completed
1278,ROVER,95,90338423,MONTEGO,completed
1279,ROVER,95,970366509,STREETWISE,completed
1280,SAAB,99,-1933798699,600,completed
1281,SAAB,99,858707605,9-3,completed
1282,SAAB,99,383517282,9-3X,completed
1283,SAAB,99,-572383221,9-5,completed
1284,SAAB,99,1766315620,9-7X,completed
1285,SAAB,99,-977722084,90,completed
1286,SAAB,99,-347250297,900,completed
1287,SAAB,99,-935435193,9000,completed
1288,SAAB,99,-706292190,95,completed
1289,SAAB,99,1451699725,96,completed
1290,SAAB,99,18077489,99,completed
1291,SEAT,104,1744315505,124,completed
1292,SEAT,104,1034494969,127,completed
1293,SEAT,104,-1261227068,128,completed
1294,SEAT,104,1537929587,131,completed
1295,SEAT,104,564723387,132,completed
1296,SEAT,104,1468801113,133,completed
1297,SEAT,104,-1820859265,600,completed
1298,SEAT,104,1843391538,850,completed
1299,SEAT,104,1146275098,ALHAMBRA,completed
1300,SEAT,104,900444361,ALTEA,completed
1301,SEAT,104,489229170,ALTEA XL,completed
1302,SEAT,104,551946531,ARONA,completed
1303,SEAT,104,1272738765,AROSA,completed
1304,SEAT,104,-106234767,ATECA,completed
1305,SEAT,104,134066819,CORDOBA,completed
1306,SEAT,104,342973993,EXEO,completed
1307,SEAT,104,315625062,FURA,completed
1308,SEAT,104,2109230221,IBIZA,completed
1309,SEAT,104,-2100106038,INCA,completed
1310,SEAT,104,2128859171,LEON,completed
1311,SEAT,104,-369746457,LEON ST,completed
1312,SEAT,104,-2100419435,MALAGA,completed
1313,SEAT,104,-1654401836,MARBELLA,completed
1314,SEAT,104,-1066343684,Mii,completed
1315,SEAT,104,1443393461,MÓ,completed
1316,SEAT,104,-264131918,PANDA,completed
1317,SEAT,104,1039617643,RITMO,completed
1318,SEAT,104,-1006474507,RONDA,completed
1319,SEAT,104,-1648902761,TARRACO,completed
1320,SEAT,104,-917228345,TERRA,completed
1321,SEAT,104,1583488490,TOLEDO,completed
1322,SKODA,106,-906711633,100,completed
1323,SKODA,106,-347979265,1000MB,completed
1324,SKODA,106,-1017793640,"105,120",completed
1325,SKODA,106,-494918368,110,completed
1326,SKODA,106,-1491452403,1100MB,completed
1327,SKODA,106,-913399650,130,completed
1328,SKODA,106,1754140268,CITIGO,completed
1329,SKODA,106,-338036505,ELROQ,completed
1330,SKODA,106,-3141067,ENYAQ iV,completed
1331,SKODA,106,-1175707454,FABIA,completed
1332,SKODA,106,1178634173,FAVORIT,completed
1333,SKODA,106,-116538408,FELICIA,completed
1334,SKODA,106,-1751223138,KAMIQ,completed
1335,SKODA,106,-2146918153,KAROQ,completed
1336,SKODA,106,-345336874,KODIAQ,completed
1337,SKODA,106,1668805047,LAURA,completed
1338,SKODA,106,569712324,OCTAVIA,completed
1339,SKODA,106,1232349278,RAPID,completed
1340,SKODA,106,1696975749,ROOMSTER,completed
1341,SKODA,106,281517655,SCALA,completed
1342,SKODA,106,541333533,SUPERB,completed
1343,SKODA,106,2023718835,YETI,completed
1344,SMART,1138,-2137789190,#1,completed
1345,SMART,1138,-529026175,#3,completed
1346,SMART,1138,60152489,CABRIO,completed
1347,SMART,1138,449538783,CITY-COUPE,completed
1348,SMART,1138,-788007298,CROSSBLADE,completed
1349,SMART,1138,1330786577,FORFOUR,completed
1350,SMART,1138,2051785315,FORTWO,completed
1351,SMART,1138,28517830,ROADSTER,completed
1352,SUBARU,107,-1722287402,BRZ,completed
1353,SUBARU,107,658197973,CROSSTREK,completed
1354,SUBARU,107,329451667,FORESTER,completed
1355,SUBARU,107,-1651824154,IMPREZA,completed
1356,SUBARU,107,-524537380,JUSTY,completed
1357,SUBARU,107,-118337586,LEGACY,completed
1358,SUBARU,107,1929155947,LEGACY OUTBACK,completed
1359,SUBARU,107,495267782,LEONE,completed
1360,SUBARU,107,-1309657431,LEVORG,completed
1361,SUBARU,107,541644199,MV,completed
1362,SUBARU,107,-165496246,OUTBACK,completed
1363,SUBARU,107,-1916577894,REX,completed
1364,SUBARU,107,-981614530,SOLTERRA,completed
1365,SUBARU,107,-946561395,SUMO,completed
1366,SUBARU,107,2120162060,SVX,completed
1367,SUBARU,107,439693595,TREZIA,completed
1368,SUBARU,107,61266397,TRIBECA,completed
1369,SUBARU,107,1861058543,VIVIO,completed
1370,SUBARU,107,-742299367,WRX,completed
1371,SUBARU,107,189413126,XT,completed
1372,SUBARU,107,-1161562178,XV,completed
1373,SUZUKI,109,-392395350,A,completed
1374,SUZUKI,109,-1216529828,ACROSS,completed
1375,SUZUKI,109,1204071703,ADDRESS,completed
1376,SUZUKI,109,-1535872173,AH,completed
1377,SUZUKI,109,-332182448,ALTO,completed
1378,SUZUKI,109,1866695450,ALTO K10,completed
1379,SUZUKI,109,821852612,AN,completed
1380,SUZUKI,109,426541126,AN BURGMAN,completed
1381,SUZUKI,109,-962951576,AP,completed
1382,SUZUKI,109,346816441,AVENIS,completed
1383,SUZUKI,109,-1236361232,AY,completed
1384,SUZUKI,109,-1920618878,B-KING,completed
1385,SUZUKI,109,764153633,BALENO,completed
1386,SUZUKI,109,-2014862767,BOULEVARD,completed
1387,SUZUKI,109,43826127,C,completed
1388,SUZUKI,109,-167762155,CAPPUCCINO,completed
1389,SUZUKI,109,1169978731,CARRY,completed
1390,SUZUKI,109,2051445381,CELERIO,completed
1391,SUZUKI,109,-368411989,CP,completed
1392,SUZUKI,109,1533566855,CULTUS,completed
1393,SUZUKI,109,972948322,DL,completed
1394,SUZUKI,109,-1018659779,DR,completed
1395,SUZUKI,109,-900436186,DR-Z,completed
1396,SUZUKI,109,929850145,GLADIUS,completed
1397,SUZUKI,109,-793187944,GN,completed
1398,SUZUKI,109,-1452508386,GR,completed
1399,SUZUKI,109,2113058368,GRAND VITARA,completed
1400,SUZUKI,109,1955884410,GS,completed
1401,SUZUKI,109,1843446017,GSF BANDIT,completed
1402,SUZUKI,109,-140528555,GSR,completed
1403,SUZUKI,109,-367005145,GSX,completed
1404,SUZUKI,109,1435216562,GSX-R (124cc - 750cc),completed
1405,SUZUKI,109,-855568576,GSX-R (751cc - ),completed
1406,SUZUKI,109,-1867356601,GSX-S,completed
1407,SUZUKI,109,-185384376,GT,completed
1408,SUZUKI,109,874407021,GZ,completed
1409,SUZUKI,109,-1650609586,IGNIS,completed
1410,SUZUKI,109,2022530436,INAZUMA,completed
1411,SUZUKI,109,-302819909,INTRUDER,completed
1412,SUZUKI,109,-1241217140,JIMNY,completed
1413,SUZUKI,109,-1274659990,KATANA,completed
1414,SUZUKI,109,306868409,KIZASHI,completed
1415,SUZUKI,109,-1612680409,LIANA,completed
1416,SUZUKI,109,-1137368353,LJ80,completed
1417,SUZUKI,109,211282562,LS,completed
1418,SUZUKI,109,1639279524,M,completed
1419,SUZUKI,109,1306895215,RE 5,completed
1420,SUZUKI,109,769642257,RF,completed
1421,SUZUKI,109,1949817715,RG,completed
1422,SUZUKI,109,-1755161884,RGV,completed
1423,SUZUKI,109,849406846,RM,completed
1424,SUZUKI,109,165818475,RM-Z,completed
1425,SUZUKI,109,1199264331,RV,completed
1426,SUZUKI,109,-565281227,S-CROSS,completed
1427,SUZUKI,109,-743619898,SAMURAI,completed
1428,SUZUKI,109,303165375,SIXTEEN,completed
1429,SUZUKI,109,95283535,SJ410,completed
1430,SUZUKI,109,-1224922227,SJ413,completed
1431,SUZUKI,109,963725704,SPLASH,completed
1432,SUZUKI,109,547967084,SR,completed
1433,SUZUKI,109,1125316318,SUPER CARRY,completed
1434,SUZUKI,109,1004915975,SV,completed
1435,SUZUKI,109,-1780136956,SWACE,completed
1436,SUZUKI,109,1220747597,SWIFT,completed
1437,SUZUKI,109,1102948779,SX4,completed
1438,SUZUKI,109,190266380,SX4 S-CROSS,completed
1439,SUZUKI,109,-467649076,TL,completed
1440,SUZUKI,109,1979684779,TR,completed
1441,SUZUKI,109,-1684269439,TS,completed
1442,SUZUKI,109,-1601070223,TU,completed
1443,SUZUKI,109,741388662,UC,completed
1444,SUZUKI,109,-373288725,UE,completed
1445,SUZUKI,109,-880183414,UF,completed
1446,SUZUKI,109,-1507040372,UH,completed
1447,SUZUKI,109,1556262693,UX,completed
1448,SUZUKI,109,1476791850,V-STROM,completed
1449,SUZUKI,109,1501121723,VANVAN,completed
1450,SUZUKI,109,-31079091,VITARA,completed
1451,SUZUKI,109,1467671977,VL,completed
1452,SUZUKI,109,56789212,VS,completed
1453,SUZUKI,109,-2050032670,VX,completed
1454,SUZUKI,109,-1731070460,VZ,completed
1455,SUZUKI,109,1827471330,WAGON R,completed
1456,SUZUKI,109,-86362624,WAGON R+,completed
1457,SUZUKI,109,-1511670894,X-90,completed
1458,SUZUKI,109,911481851,XF,completed
1459,TOYOTA,111,-598877642,1000,completed
1460,TOYOTA,111,1524401271,4 RUNNER,completed
1461,TOYOTA,111,825272629,ALPHARD,completed
1462,TOYOTA,111,-1935042624,ALPHARD / VELLFIRE,completed
1463,TOYOTA,111,1225578136,ALTEZZA,completed
1464,TOYOTA,111,1126354980,ALTEZZA GITA,completed
1465,TOYOTA,111,-660547979,AQUA,completed
1466,TOYOTA,111,-1853369521,AURIS,completed
1467,TOYOTA,111,-12113462,AURIS VAN,completed
1468,TOYOTA,111,2098392436,AVENSIS,completed
1469,TOYOTA,111,581247305,AVENSIS VERSO,completed
1470,TOYOTA,111,-1716905410,AYGO,completed
1471,TOYOTA,111,-2037661581,AYGO X,completed
1472,TOYOTA,111,1717892620,bB,completed
1473,TOYOTA,111,-1389308081,BELTA,completed
1474,TOYOTA,111,-694511848,BLADE,completed
1475,TOYOTA,111,1412550632,bZ4X,completed
1476,TOYOTA,111,-447966137,C-HR,completed
1477,TOYOTA,111,180781782,CAMRY,completed
1478,TOYOTA,111,-1893847463,CARINA,completed
1479,TOYOTA,111,-1428981701,CARINA E,completed
1480,TOYOTA,111,1721019325,CELICA,completed
1481,TOYOTA,111,-838698459,CELSIOR,completed
1482,TOYOTA,111,1505086937,COROLLA,completed
1483,TOYOTA,111,-712919392,COROLLA CROSS,completed
1484,TOYOTA,111,-1609938612,COROLLA iM,completed
1485,TOYOTA,111,-2093307771,COROLLA LEVIN,completed
1486,TOYOTA,111,1967215506,CORONA,completed
1487,TOYOTA,111,165882255,CRESSIDA,completed
1488,TOYOTA,111,-243566666,CROWN,completed
1489,TOYOTA,111,885666227,CYNOS,completed
1490,TOYOTA,111,-1177839666,DYNA,completed
1491,TOYOTA,111,-856959392,DYNA 100,completed
1492,TOYOTA,111,-1089372440,DYNA 150,completed
1493,TOYOTA,111,685997162,DYNA 300,completed
1494,TOYOTA,111,2064883387,FJ CRUISER,completed
1495,TOYOTA,111,-1183655152,GR 86,completed
1496,TOYOTA,111,-260261159,GRAND PRIUS +,completed
1497,TOYOTA,111,-1877084935,GT 86,completed
1498,TOYOTA,111,79998019,HARRIER,completed
1499,TOYOTA,111,325534918,HIACE,completed
1500,TOYOTA,111,2015396191,HIACE / COMMUTER,completed
1501,TOYOTA,111,-1270040059,HIGHLANDER,completed
1502,TOYOTA,111,287341167,HIGHLANDER / KLUGER,completed
1503,TOYOTA,111,-1325873850,HILUX,completed
1504,TOYOTA,111,-682915778,HILUX VIGO,completed
1505,TOYOTA,111,1523169876,IQ,completed
1506,TOYOTA,111,2056702602,ISIS,completed
1507,TOYOTA,111,-561157101,IST,completed
1508,TOYOTA,111,-599616692,LAND CRUISER,completed
1509,TOYOTA,111,-632989039,LAND CRUISER 200,completed
1510,TOYOTA,111,1985697034,LAND CRUISER 80,completed
1511,TOYOTA,111,982304189,LAND CRUISER 90,completed
1512,TOYOTA,111,-1455509354,LAND CRUISER AMAZON,completed
1513,TOYOTA,111,1075733681,LAND CRUISER PRADO,completed
1514,TOYOTA,111,-2072270678,LAND CRUISER VAN,completed
1515,TOYOTA,111,-1776668893,LITEACE,completed
1516,TOYOTA,111,1087822502,MARK II,completed
1517,TOYOTA,111,-1917432035,MATRIX,completed
1518,TOYOTA,111,2033744806,MIRAI,completed
1519,TOYOTA,111,-493941745,MODEL F,completed
1520,TOYOTA,111,1082880036,MR2,completed
1521,TOYOTA,111,17193209,NOAH/VOXY,completed
1522,TOYOTA,111,-334741487,OPA,completed
1523,TOYOTA,111,-1915442906,PICNIC,completed
1524,TOYOTA,111,1539927037,PREVIA,completed
1525,TOYOTA,111,-469200412,PRIUS,completed
1526,TOYOTA,111,359850942,PRIUS ALPHA,completed
1527,TOYOTA,111,1528359446,PRIUS PHV,completed
1528,TOYOTA,111,-2135454382,PRIUS PLUS,completed
1529,TOYOTA,111,1960985018,PRIUS PRIME,completed
1530,TOYOTA,111,415189084,PRIUS V,completed
1531,TOYOTA,111,-1933984062,PROACE,completed
1532,TOYOTA,111,333680561,PROACE CITY,completed
1533,TOYOTA,111,-1424183831,PROACE CITY VERSO,completed
1534,TOYOTA,111,-237780589,PROACE MAX,completed
1535,TOYOTA,111,-1115838500,PROACE VERSO,completed
1536,TOYOTA,111,1945808237,RAV 4,completed
1537,TOYOTA,111,-542516823,SOARER,completed
1538,TOYOTA,111,-174560957,SOLARA,completed
1539,TOYOTA,111,-1639122488,STARLET,completed
1540,TOYOTA,111,-405784015,STARLET 1000,completed
1541,TOYOTA,111,-1134825929,SUPRA,completed
1542,TOYOTA,111,1313281014,TERCEL,completed
1543,TOYOTA,111,110957148,URBAN CRUISER,completed
1544,TOYOTA,111,-2084811196,VEROSSA,completed
1545,TOYOTA,111,837355489,VERSO,completed
1546,TOYOTA,111,1538502549,VERSO S,completed
1547,TOYOTA,111,747855525,VIOS,completed
1548,TOYOTA,111,-1595025221,VITZ,completed
1549,TOYOTA,111,804291491,WIGO,completed
1550,TOYOTA,111,1009318027,WILL CYPHA,completed
1551,TOYOTA,111,1686642670,WiLL Vi,completed
1552,TOYOTA,111,1932270993,WINDOM,completed
1553,TOYOTA,111,-1927656686,WISH,completed
1554,TOYOTA,111,1586076047,YARIS,completed
1555,TOYOTA,111,1177002117,YARIS / VIOS,completed
1556,TOYOTA,111,556271494,YARIS CROSS,completed
1557,TOYOTA,111,-1956233230,YARIS VERSO,completed
1558,TOYOTA,111,-812657705,YARIS VERSO VAN,completed
1559,TOYOTA,111,-113908772,YARIS/VITZ,completed
1560,TRIUMPH,112,-1997132029,1300,completed
1561,TRIUMPH,112,1770389455,1500,completed
1562,TRIUMPH,112,1835761682,2.5 PI,completed
1563,TRIUMPH,112,1860505019,2000,completed
1564,TRIUMPH,112,-1388148941,2500,completed
1565,TRIUMPH,112,-1955887555,ACCLAIM,completed
1566,TRIUMPH,112,126350698,ADVENTURER,completed
1567,TRIUMPH,112,-1260182621,AMERICA,completed
1568,TRIUMPH,112,-1710479604,BONNEVILLE,completed
1569,TRIUMPH,112,-627702263,DAYTONA,completed
1570,TRIUMPH,112,-1927580744,DOLOMITE,completed
1571,TRIUMPH,112,-487961000,GT6,completed
1572,TRIUMPH,112,1938249936,HERALD,completed
1573,TRIUMPH,112,-1786031154,ITALIA,completed
1574,TRIUMPH,112,2007061545,LEGEND,completed
1575,TRIUMPH,112,1378232443,ROCKET,completed
1576,TRIUMPH,112,1126103403,SCRAMBLER,completed
1577,TRIUMPH,112,563778594,SPEED,completed
1578,TRIUMPH,112,-260492997,SPEEDMASTER,completed
1579,TRIUMPH,112,1933775857,SPITFIRE,completed
1580,TRIUMPH,112,1905569472,SPRINT,completed
1581,TRIUMPH,112,382083569,STAG,completed
1582,TRIUMPH,112,-470505621,STREET,completed
1583,TRIUMPH,112,1232988244,STREET CUP,completed
1584,TRIUMPH,112,-1569353466,THRUXTON,completed
1585,TRIUMPH,112,716121165,THUNDERBIRD,completed
1586,TRIUMPH,112,217164967,TIGER,completed
1587,TRIUMPH,112,-720546166,TOLEDO,completed
1588,TRIUMPH,112,1921435061,TR 2,completed
1589,TRIUMPH,112,-333231013,TR 3,completed
1590,TRIUMPH,112,1466461562,TR 3A,completed
1591,TRIUMPH,112,633032878,TR 4,completed
1592,TRIUMPH,112,-802437567,TR 4A,completed
1593,TRIUMPH,112,1407078553,TR 5,completed
1594,TRIUMPH,112,1810995935,TR 6,completed
1595,TRIUMPH,112,-1320913292,TR 7,completed
1596,TRIUMPH,112,592751770,TR 8,completed
1597,TRIUMPH,112,-384673240,TRIDENT,completed
1598,TRIUMPH,112,503524424,TROPHY,completed
1599,TRIUMPH,112,-3417764,TT,completed
1600,TRIUMPH,112,-1207940201,VITESSE,completed
1601,VAUXHALL,117,1334303165,ADAM,completed
1602,VAUXHALL,117,-1870817206,AGILA,completed
1603,VAUXHALL,117,1853208426,AMPERA,completed
1604,VAUXHALL,117,-263653125,ANTARA,completed
1605,VAUXHALL,117,-1861973431,ARENA,completed
1606,VAUXHALL,117,-738356970,ASTRA,completed
1607,VAUXHALL,117,-1374083518,ASTRAMAX,completed
1608,VAUXHALL,117,-1939276032,ASTRAVAN,completed
1609,VAUXHALL,117,296090291,BRAVA,completed
1610,VAUXHALL,117,1773864546,CALIBRA,completed
1611,VAUXHALL,117,-641027327,CARLTON,completed
1612,VAUXHALL,117,-1640734129,CASCADA,completed
1613,VAUXHALL,117,17705503,CAVALIER,completed
1614,VAUXHALL,117,-619359958,CAVALIER CC,completed
1615,VAUXHALL,117,439201707,CHEVETTE,completed
1616,VAUXHALL,117,-1203240134,COMBO,completed
1617,VAUXHALL,117,-1333131727,COMBO TOUR,completed
1618,VAUXHALL,117,-1359219138,CORSA,completed
1619,VAUXHALL,117,1350364265,CORSAVAN,completed
1620,VAUXHALL,117,-2048694053,CRESTA,completed
1621,VAUXHALL,117,286647885,CROSSLAND X / CROSSLAND,completed
1622,VAUXHALL,117,-661395653,FIRENZA,completed
1623,VAUXHALL,117,2072116199,FRONTERA,completed
1624,VAUXHALL,117,1919430747,GRANDLAND X / GRANDLAND,completed
1625,VAUXHALL,117,759822896,INSIGNIA,completed
1626,VAUXHALL,117,-1559880115,MAGNUM,completed
1627,VAUXHALL,117,819481809,MERIVA,completed
1628,VAUXHALL,117,734846507,MIDI,completed
1629,VAUXHALL,117,-597658882,MOKKA,completed
1630,VAUXHALL,117,-542227305,MOKKA / MOKKA X,completed
1631,VAUXHALL,117,353747169,MONARO,completed
1632,VAUXHALL,117,-563591827,MONTEREY,completed
1633,VAUXHALL,117,1261251046,MOVANO,completed
1634,VAUXHALL,117,-441386483,NOVA,completed
1635,VAUXHALL,117,808480324,NOVAVAN,completed
1636,VAUXHALL,117,-884368196,OMEGA,completed
1637,VAUXHALL,117,1040848487,ROYALE,completed
1638,VAUXHALL,117,-1113915426,SENATOR,completed
1639,VAUXHALL,117,-459076304,SIGNUM,completed
1640,VAUXHALL,117,1616106809,SINTRA,completed
1641,VAUXHALL,117,-1879071417,TIGRA,completed
1642,VAUXHALL,117,2082233037,VECTRA,completed
1643,VAUXHALL,117,1337834662,VELOX,completed
1644,VAUXHALL,117,-175640994,VENTORA,completed
1645,VAUXHALL,117,597631105,VICEROY,completed
1646,VAUXHALL,117,918220442,VICTOR,completed
1647,VAUXHALL,117,1243518178,VISCOUNT,completed
1648,VAUXHALL,117,-320473766,VIVA,completed
1649,VAUXHALL,117,2081366163,VIVARO,completed
1650,VAUXHALL,117,430322393,VIVARO LIFE,completed
1651,VAUXHALL,117,1248348121,VX,completed
1652,VAUXHALL,117,1404928854,VX220,completed
1653,VAUXHALL,117,492201138,VXR8,completed
1654,VAUXHALL,117,1843325107,VXR8 MALOO,completed
1655,VAUXHALL,117,2104625672,ZAFIRA,completed
1656,VOLVO,120,17675566,140,completed
1657,VOLVO,120,121902644,164,completed
1658,VOLVO,120,-685493240,240,completed
1659,VOLVO,120,-1515336847,260,completed
1660,VOLVO,120,-53585996,340-360,completed
1661,VOLVO,120,-882322681,440,completed
1662,VOLVO,120,-430688583,460,completed
1663,VOLVO,120,-12641324,480,completed
1664,VOLVO,120,1818145384,66,completed
1665,VOLVO,120,978902655,740,completed
1666,VOLVO,120,958244834,760,completed
1667,VOLVO,120,585935201,780,completed
1668,VOLVO,120,742522689,850,completed
1669,VOLVO,120,-556389185,940,completed
1670,VOLVO,120,-2126158027,960,completed
1671,VOLVO,120,1405752192,C30,completed
1672,VOLVO,120,1829048322,C40,completed
1673,VOLVO,120,-1445904757,C70,completed
1674,VOLVO,120,1102469607,EC40,completed
1675,VOLVO,120,-233897043,EX30,completed
1676,VOLVO,120,-335408443,EX40,completed
1677,VOLVO,120,297760562,EX90,completed
1678,VOLVO,120,1303775735,P 121,completed
1679,VOLVO,120,2015812605,P 122 S AMAZON,completed
1680,VOLVO,120,1703569344,P 1800,completed
1681,VOLVO,120,1382519634,P 210 DUETT,completed
1682,VOLVO,120,1343548634,P 2200,completed
1683,VOLVO,120,1417445068,PV 544,completed
1684,VOLVO,120,1610099708,S40,completed
1685,VOLVO,120,1096743893,S60,completed
1686,VOLVO,120,1072440853,S70,completed
1687,VOLVO,120,1503541606,S80,completed
1688,VOLVO,120,-1083520571,S90,completed
1689,VOLVO,120,-1085349761,V40,completed
1690,VOLVO,120,-1494561151,V50,completed
1691,VOLVO,120,1892215990,V60,completed
1692,VOLVO,120,313216772,V70,completed
1693,VOLVO,120,561657900,V90,completed
1694,VOLVO,120,1274627274,XC40,completed
1695,VOLVO,120,1454280908,XC60,completed
1696,VOLVO,120,954439014,XC70,completed
1697,VOLVO,120,-1853847136,XC90,completed
1698,VW,121,-1682320892,"1500,1600",completed
1699,VW,121,-1527595623,166,completed
1700,VW,121,1327305899,181,completed
1701,VW,121,1309334184,"411,412",completed
1702,VW,121,-1190648265,412,completed
1703,VW,121,-1507076588,AMAROK,completed
1704,VW,121,-2106251994,ARTEON,completed
1705,VW,121,2117936495,ATLAS,completed
1706,VW,121,1032238180,BEETLE,completed
1707,VW,121,1843452106,BORA,completed
1708,VW,121,1139765842,BORA / JETTA,completed
1709,VW,121,-600772270,CABRIO,completed
1710,VW,121,1608389686,CADDY,completed
1711,VW,121,1822103367,CADDY ALLTRACK,completed
1712,VW,121,-251350075,CADDY CALIFORNIA,completed
1713,VW,121,-821652787,CALIFORNIA,completed
1714,VW,121,1154781004,CARAVELLE,completed
1715,VW,121,850516682,CC,completed
1716,VW,121,642546121,CORRADO,completed
1717,VW,121,1471725282,CRAFTER,completed
1718,VW,121,-1224656988,CRAFTER 30-35,completed
1719,VW,121,1582350725,CRAFTER 30-50,completed
1720,VW,121,756857606,DERBY,completed
1721,VW,121,-914713573,EOS,completed
1722,VW,121,1838449067,EUROVAN,completed
1723,VW,121,-1342540148,FOX,completed
1724,VW,121,-1291959013,GOLF,completed
1725,VW,121,-1906217283,GOLF ALLTRACK,completed
1726,VW,121,-1630102728,GOLF PLUS,completed
1727,VW,121,-1187610793,GOLF SPORTSVAN,completed
1728,VW,121,1935934838,GOLF TOURAN,completed
1729,VW,121,-1433229021,GOLF Van,completed
1730,VW,121,-1254371596,GOLF VAN,completed
1731,VW,121,-1870405594,GRAND CALIFORNIA,completed
1732,VW,121,2074705523,ID. Buzz,completed
1733,VW,121,58365006,ID.3,completed
1734,VW,121,-848495290,ID.4,completed
1735,VW,121,1286940117,ID.5,completed
1736,VW,121,-1803345022,ID.7,completed
1737,VW,121,-313620714,ILTIS,completed
1738,VW,121,1353227081,JETTA,completed
1739,VW,121,138119625,JETTA / CLASICO,completed
1740,VW,121,-830735143,JETTA IV,completed
1741,VW,121,-1447789211,K 70,completed
1742,VW,121,471689088,KARMANN GHIA,completed
1743,VW,121,-1960040110,KOMBI,completed
1744,VW,121,1568529191,KOMBI / TRANSPORTER KOMBI,completed
1745,VW,121,-1148860112,LOAD UP,completed
1746,VW,121,202884683,LT 28-35,completed
1747,VW,121,-462423837,LT 28-46,completed
1748,VW,121,675280127,LT 40-55,completed
1749,VW,121,1237263156,LUPO,completed
1750,VW,121,-1119562104,MAGOTAN,completed
1751,VW,121,423119587,MULTIVAN,completed
1752,VW,121,1027007816,NEW BEETLE,completed
1753,VW,121,-1559350037,PASSAT,completed
1754,VW,121,-1177486670,PASSAT / Magotan,completed
1755,VW,121,-1029455308,PASSAT ALLTRACK,completed
1756,VW,121,1069145214,PASSAT CC,completed
1757,VW,121,1052327817,PHAETON,completed
1758,VW,121,1772451370,POLO,completed
1759,VW,121,-1807704379,POLO Van,completed
1760,VW,121,-1718670728,RABBIT,completed
1761,VW,121,-1833629942,ROUTAN,completed
1762,VW,121,-164675726,SANTANA,completed
1763,VW,121,-1263291097,SCIROCCO,completed
1764,VW,121,-981324585,SHARAN,completed
1765,VW,121,1402708785,T-CROSS,completed
1766,VW,121,752146893,T-ROC,completed
1767,VW,121,-1776964865,TAIGO,completed
1768,VW,121,120683560,TARO,completed
1769,VW,121,-14570426,TAYRON,completed
1770,VW,121,-1970306963,TIGUAN,completed
1771,VW,121,-883922343,TIGUAN ALLSPACE,completed
1772,VW,121,-1887487555,TIGUAN/TIGUAN LIMITED,completed
1773,VW,121,-510431712,TOUAREG,completed
1774,VW,121,2070343287,TOURAN,completed
1775,VW,121,-621656440,TRANSPORTER,completed
1776,VW,121,10256514,TRANSPORTER / CARAVELLE,completed
1777,VW,121,1448347582,TRANSPORTER / KOMBI,completed
1778,VW,121,-734527570,TRANSPORTER T6 / CARAVELLE,completed
1779,VW,121,408610718,UP!,completed
1780,VW,121,-1071975918,VARIANT,completed
1781,VW,121,1802022377,VENTO,completed
1782,VW,121,966026439,XL1,completed
1783,ABARTH,3854,887246724,124,completed
1784,ABARTH,3854,-758391716,500 / 595 / 695,completed
1785,ABARTH,3854,-1727924708,500C / 595C / 695C,completed
1786,ABARTH,3854,1176434262,500E,completed
1787,ABARTH,3854,566625160,GRANDE PUNTO,completed
1788,ABARTH,3854,-679671917,PUNTO,completed
1789,ABARTH,3854,-1531852291,PUNTO EVO,completed
1790,ABARTH,3854,-1790754894,STRADA,completed
1791,AC,609,-1284583706,428,completed
1792,AC,609,2117813892,ACE,completed
1793,AC,609,-1482994,ACECA,completed
1794,AC,609,916127520,COBRA,completed
1795,AC,609,1694224604,ME,completed
1796,ACURA,1505,1255213405,INTEGRA,completed
1797,ACURA,1505,995100208,LEGEND,completed
1798,ACURA,1505,-1141594046,MDX,completed
1799,ACURA,1505,-836869449,NSX,completed
1800,ADIVA,5063,1842768507,AD,completed
1801,ADIVA,5063,-780922701,N,completed
1802,ADIVA,5063,238511294,R,completed
1803,ADLY,4330,-575927908,AIR TEC,completed
1804,ADLY,4330,801098282,CAT,completed
1805,AEON,4331,1137976273,ELITE,completed
1806,AEON,4331,102933359,MY,completed
1807,AEON,4331,-1334559299,URBAN,completed
1808,AIWAYS,5500,2110048575,U5,completed
1809,AIXAM,1480,-1868247670,400,completed
1810,AIXAM,1480,1645158940,500,completed
1811,AIXAM,1480,1928286134,A.721,completed
1812,AIXAM,1480,-1696761815,A.741,completed
1813,AIXAM,1480,753451946,A.751,completed
1814,AIXAM,1480,1809975417,CITY,completed
1815,AIXAM,1480,1740984798,COUPE,completed
1816,AIXAM,1480,-562145192,CROSSLINE,completed
1817,AIXAM,1480,259094706,CROSSOVER,completed
1818,AIXAM,1480,1773473296,D-TRUCK,completed
1819,AIXAM,1480,2126448022,GTO,completed
1820,AIXAM,1480,2060343819,MEGA,completed
1821,AIXAM,1480,-224878629,MINAUTO,completed
1822,AIXAM,1480,467261578,ROADLINE,completed
1823,AIXAM,1480,675909307,SCOUTY,completed
1824,ALPINA,866,1378418524,B10,completed
1825,ALPINA,866,-2015912736,B11,completed
1826,ALPINA,866,1250254360,B12,completed
1827,ALPINA,866,622206842,B3,completed
1828,ALPINA,866,1664595612,B4,completed
1829,ALPINA,866,-273861314,B5,completed
1830,ALPINA,866,412006044,B6,completed
1831,ALPINA,866,154911730,B7,completed
1832,ALPINA,866,-1748476974,B8,completed
1833,ALPINA,866,-1967389169,B9,completed
1834,ALPINA,866,300805205,C1,completed
1835,ALPINA,866,467815452,C2,completed
1836,ALPINA,866,-1365231804,D10,completed
1837,ALPINA,866,-2146968843,D3,completed
1838,ALPINA,866,1453375916,D4,completed
1839,ALPINA,866,2129850207,D5,completed
1840,ALPINA,866,-1046624035,RLE,completed
1841,ALPINA,866,-925591544,ROADSTER S,completed
1842,ALPINA,866,1633950269,ROADSTER V8,completed
1843,ALPINA,866,450270310,XB7,completed
1844,ALPINA,866,-96718363,XD3,completed
1845,ALPINA,866,-1179842845,XD4,completed
1846,ALPINE,810,-1705968350,1300,completed
1847,ALPINE,810,-932752235,1600,completed
1848,ALPINE,810,981855542,A110,completed
1849,ALPINE,810,1249550931,A290,completed
1850,ALPINE,810,1750228498,A310,completed
1851,ALPINE,810,1484711064,A610,completed
1852,ALPINE,810,-1945223442,BERLINETTE,completed
1853,ALPINE,810,1624256980,V6,completed
1854,ALRENDO,6699,-1978416167,TS BRAVO,completed
1855,AMC,2246,-1395438350,CONCORD,completed
1856,AMC,2246,-978205315,EAGLE,completed
1857,APRILIA,2524,1567736918,AF-1,completed
1858,APRILIA,2524,-1394669808,AMICO,completed
1859,APRILIA,2524,1292549474,AREA,completed
1860,APRILIA,2524,1893674703,ATLANTIC,completed
1861,APRILIA,2524,-255392973,CAPONORD,completed
1862,APRILIA,2524,2083476635,CLASSIC,completed
1863,APRILIA,2524,-2135342384,CUBE,completed
1864,APRILIA,2524,1111566431,DORSODURO,completed
1865,APRILIA,2524,1576823632,ET,completed
1866,APRILIA,2524,677953374,ETV,completed
1867,APRILIA,2524,801328502,ETX,completed
1868,APRILIA,2524,1950305860,EUROPA,completed
1869,APRILIA,2524,-1722471734,GULLIVER,completed
1870,APRILIA,2524,-1799824177,HABANA,completed
1871,APRILIA,2524,-554376456,LEONARDO,completed
1872,APRILIA,2524,-1228207016,MANA,completed
1873,APRILIA,2524,-1334706935,MC,completed
1874,APRILIA,2524,-1783016802,MOJITO,completed
1875,APRILIA,2524,-760111418,MOTO,completed
1876,APRILIA,2524,-1521434057,MX,completed
1877,APRILIA,2524,-711961648,PEGASO,completed
1878,APRILIA,2524,-539707468,RALLY,completed
1879,APRILIA,2524,-1165773877,RC,completed
1880,APRILIA,2524,1529463483,RED ROSE,completed
1881,APRILIA,2524,842009187,RS,completed
1882,APRILIA,2524,-1364368175,RS4,completed
1883,APRILIA,2524,507157706,RST,completed
1884,APRILIA,2524,-752505918,RSV,completed
1885,APRILIA,2524,2139525115,RSV4,completed
1886,APRILIA,2524,332291548,RX,completed
1887,APRILIA,2524,1038651156,RXV,completed
1888,APRILIA,2524,-828044442,SCARABEO,completed
1889,APRILIA,2524,-436503500,SHIVER,completed
1890,APRILIA,2524,-302723339,SL,completed
1891,APRILIA,2524,-93360744,SONIC,completed
1892,APRILIA,2524,-831733839,SPORTCITY,completed
1893,APRILIA,2524,1677437792,SR,completed
1894,APRILIA,2524,-521211039,SR GT,completed
1895,APRILIA,2524,-900907359,SR MAX,completed
1896,APRILIA,2524,1741361731,SRV,completed
1897,APRILIA,2524,-2084747354,SX,completed
1898,APRILIA,2524,-916099189,SXR,completed
1899,APRILIA,2524,-2117026798,SXV,completed
1900,APRILIA,2524,1272325239,TUAREG,completed
1901,APRILIA,2524,-1277268051,TUONO,completed
1902,APRILIA,2524,1530255990,WIND,completed
1903,ARIEL,4406,-476243631,ATOM,completed
1904,ARIEL,4406,513976949,NOMAD,completed
1905,ARO,1360,-1961508604,10,completed
1906,ARO,1360,-1695672722,240-244,completed
1907,ARO,1360,1302088301,SPARTANA,completed
1908,ARTEGA,3495,1791162540,GT,completed
1909,ASIA MOTORS,879,-759097173,HI-TOPIC,completed
1910,ASIA MOTORS,879,-387126047,ROCSTA,completed
1911,ASIAWING,4628,-1655508499,ENDURO,completed
1912,ASIAWING,4628,-450532667,SUPERMOTO,completed
1913,ASTON MARTIN,881,1409346918,CYGNET,completed
1914,ASTON MARTIN,881,1470902905,DB11,completed
1915,ASTON MARTIN,881,-973713328,DB12,completed
1916,ASTON MARTIN,881,1618547816,DB6,completed
1917,ASTON MARTIN,881,1329944830,DB7,completed
1918,ASTON MARTIN,881,1175168837,DB9,completed
1919,ASTON MARTIN,881,1696172274,DBS,completed
1920,ASTON MARTIN,881,-714457969,DBX,completed
1921,ASTON MARTIN,881,1867486681,LAGONDA,completed
1922,ASTON MARTIN,881,1777849002,ONE-77,completed
1923,ASTON MARTIN,881,877607381,RAPIDE,completed
1924,ASTON MARTIN,881,1498171218,TICKFORD CAPRI,completed
1925,ASTON MARTIN,881,1703366351,V12,completed
1926,ASTON MARTIN,881,-2113657772,V8,completed
1927,ASTON MARTIN,881,-1778475107,VALHALLA,completed
1928,ASTON MARTIN,881,1567485847,VALIANT,completed
1929,ASTON MARTIN,881,1322949402,VALKYRIE,completed
1930,ASTON MARTIN,881,990697060,VALOUR,completed
1931,ASTON MARTIN,881,-1373145485,VANQUISH,completed
1932,ASTON MARTIN,881,-374311887,VANTAGE,completed
1933,ASTON MARTIN,881,-1805436189,VIRAGE,completed
1934,ASTON MARTIN,881,-347754780,VIRAGE Limited Edition,completed
1935,ASTON MARTIN,881,-230998129,ZAGATO,completed
1936,ATALA,5064,-469688193,BYTE,completed
1937,ATALA,5064,874733092,CAROSELLO,completed
1938,ATALA,5064,-987427662,HACKER,completed
1939,ATALA,5064,966934682,SKEGGIA,completed
1940,AUSTIN,6,-916778728,1000-Series,completed
1941,AUSTIN,6,-1258392681,ALLEGRO,completed
1942,AUSTIN,6,-2039262630,AMBASSADOR,completed
1943,AUSTIN,6,-51548388,APACHE,completed
1944,AUSTIN,6,-554293409,MAESTRO,completed
1945,AUSTIN,6,-1987250612,MAXI,completed
1946,AUSTIN,6,521671092,METRO,completed
1947,AUSTIN,6,-1810352058,MINI,completed
1948,AUSTIN,6,785168811,MONTEGO,completed
1949,AUSTIN,6,-1988380616,PRINCESS,completed
1950,AUSTIN-HEALEY,1538,-1534239223,100,completed
1951,AUSTIN-HEALEY,1538,1620870350,3000,completed
1952,AUSTIN-HEALEY,1538,1649118819,SPRITE,completed
1953,AUSTIN-HEALEY,1538,1025415274,SPRITE MK.III,completed
1954,AUTO UNION,3,-1188893589,AU 1000,completed
1955,AUTO UNION,3,1834008923,DKW F10,completed
1956,AUTO UNION,3,192622183,DKW F102,completed
1957,AUTO UNION,3,-312528765,DKW F11,completed
1958,AUTO UNION,3,540274684,DKW F12,completed
1959,AUTO UNION,3,1089641412,DKW MEISTERKLASSE,completed
1960,AUTO UNION,3,1557122999,DKW SONDERKLASSE,completed
1961,AUTO UNION,3,-600063966,DKW SONDERKLASSE F,completed
1962,AUTO UNION,3,-282992390,MUNGA,completed
1963,AUTOBIANCHI,799,506133059,A 111,completed
1964,AUTOBIANCHI,799,-1977094059,A 112,completed
1965,AUTOBIANCHI,799,431103154,BIANCHINA,completed
1966,AUTOBIANCHI,799,-1759417741,PRIMULA,completed
1967,AUTOBIANCHI,799,110534726,Y10,completed
1968,BAC,8047,-2063745175,MONO,completed
1969,BAIC,3773,-1233695640,SENOVA X25,completed
1970,BAIC,3773,-348117151,SENOVA X35,completed
1971,BAIC,3773,-1456320059,SENOVA X65,completed
1972,BAIC,3773,1981359225,X35,completed
1973,BAIC,3773,840746169,X7,completed
1974,BAOTIAN,4423,861214148,10,completed
1975,BAOTIAN,4423,-1632472337,11,completed
1976,BAOTIAN,4423,-813843281,12A,completed
1977,BAOTIAN,4423,-1296975788,12C,completed
1978,BAOTIAN,4423,-965465521,12D,completed
1979,BAOTIAN,4423,693963592,12E,completed
1980,BAOTIAN,4423,-490577473,12F,completed
1981,BAOTIAN,4423,184130160,12G,completed
1982,BAOTIAN,4423,1454453317,12P,completed
1983,BAOTIAN,4423,795545725,18C,completed
1984,BAOTIAN,4423,-687423645,18E,completed
1985,BAOTIAN,4423,-1676188562,18F,completed
1986,BAOTIAN,4423,-894486456,20B,completed
1987,BAOTIAN,4423,1171789513,21B,completed
1988,BAOTIAN,4423,-1127322931,22C,completed
1989,BAOTIAN,4423,-567650875,22D,completed
1990,BAOTIAN,4423,-1997645308,22E,completed
1991,BAOTIAN,4423,1442257613,22F,completed
1992,BAOTIAN,4423,-189384796,22P,completed
1993,BAOTIAN,4423,2123143440,28A,completed
1994,BAOTIAN,4423,-1531490180,2A,completed
1995,BAOTIAN,4423,1308072369,2C,completed
1996,BAOTIAN,4423,1204118968,6A,completed
1997,BAOTIAN,4423,807225515,6B,completed
1998,BAOTIAN,4423,-1685386695,7A,completed
1999,BAOTIAN,4423,-1859743521,7B,completed
2000,BAOTIAN,4423,1219812895,7C,completed
2001,BAOTIAN,4423,-1264851841,8A,completed
2002,BAOTIAN,4423,-345172637,8B,completed
2003,BAOTIAN,4423,-810287349,9D,completed
2004,BAOTIAN,4423,154455277,9F,completed
2005,BAOTIAN,4423,-986945280,9N,completed
2006,BAOTIAN,4423,-778144494,9O,completed
2007,BAOTIAN,4423,-93951231,9P,completed
2008,BAOTIAN,4423,1270475010,9R,completed
2009,BAOTIAN,4423,80156895,9S,completed
2010,BAOTIAN,4423,173977888,9T,completed
2011,BAOTIAN,4423,704557262,QT11,completed
2012,BAOTIAN,4423,1824601741,QT12,completed
2013,BAOTIAN,4423,1070400394,QT3,completed
2014,BAOTIAN,4423,1664839206,QT9,completed
2015,BAOTIAN,4423,888656366,T2,completed
2016,BAOTIAN,4423,2059936483,T9,completed
2017,BARKAS,134,704829180,B 1000,completed
2018,BAW,3071,85627292,BJ 212,completed
2019,BEDFORD,10,-2128171089,ASTRA VAN,completed
2020,BEDFORD,10,-1784469665,ASTRAMAX,completed
2021,BEDFORD,10,30448182,BLITZ,completed
2022,BEDFORD,10,-1846780622,CF,completed
2023,BEDFORD,10,853414939,CHEVANNE,completed
2024,BEDFORD,10,112933379,HA,completed
2025,BEDFORD,10,1668523583,MIDI,completed
2026,BEDFORD,10,1568123705,RASCAL,completed
2027,BEELINE,4402,-127056490,MEMORY,completed
2028,BEELINE,4402,-2012558195,PISTA,completed
2029,BEELINE,4402,348635909,TAPO,completed
2030,BEIJING,5670,-859023480,X3,completed
2031,BENELLI,2532,1739932391,125,completed
2032,BENELLI,2532,1733989978,250-2,completed
2033,BENELLI,2532,690143831,254,completed
2034,BENELLI,2532,1919068324,2C,completed
2035,BENELLI,2532,-2145180402,304,completed
2036,BENELLI,2532,-674495085,350,completed
2037,BENELLI,2532,617833196,354,completed
2038,BENELLI,2532,479997555,491,completed
2039,BENELLI,2532,426694825,500,completed
2040,BENELLI,2532,365899082,502,completed
2041,BENELLI,2532,-1443181645,654,completed
2042,BENELLI,2532,-638120707,750,completed
2043,BENELLI,2532,-1075238142,752S,completed
2044,BENELLI,2532,-113196906,900,completed
2045,BENELLI,2532,-125696412,ADIVA,completed
2046,BENELLI,2532,1692164194,BN,completed
2047,BENELLI,2532,297305088,BX,completed
2048,BENELLI,2532,1519291235,IMPERIALE,completed
2049,BENELLI,2532,1606374076,LEONCINO,completed
2050,BENELLI,2532,2100287434,NAKED,completed
2051,BENELLI,2532,153952254,PEPE,completed
2052,BENELLI,2532,1423823614,QUATTRONOVE X,completed
2053,BENELLI,2532,-1781468002,RCX,completed
2054,BENELLI,2532,1378925381,S,completed
2055,BENELLI,2532,454467849,TNT,completed
2056,BENELLI,2532,-1173976354,TORNADO,completed
2057,BENELLI,2532,-199073053,TREK,completed
2058,BENELLI,2532,66883422,TRK,completed
2059,BENELLI,2532,1154326411,VELVET,completed
2060,BENTLEY,815,-825792980,ARNAGE,completed
2061,BENTLEY,815,858325700,AZURE,completed
2062,BENTLEY,815,-1921041029,BENTAYGA,completed
2063,BENTLEY,815,-988560977,BROOKLANDS,completed
2064,BENTLEY,815,-1442660423,CONTINENTAL,completed
2065,BENTLEY,815,-1270167082,CONTINENTAL FLYING SPUR,completed
2066,BENTLEY,815,-411191467,CORNICHE,completed
2067,BENTLEY,815,1302308493,EIGHT,completed
2068,BENTLEY,815,-584328442,FLYING SPUR,completed
2069,BENTLEY,815,-1917639539,MULSANNE,completed
2070,BENTLEY,815,-1319739040,T2 SERIES,completed
2071,BENTLEY,815,1475707834,TURBO R,completed
2072,BENZHOU,4801,1370236806,YY,completed
2073,BERTONE,1485,-727245165,FREECLIMBER,completed
2074,BESTUNE,5510,500492623,T77,completed
2075,BETA,4315,1807840433,ALP,completed
2076,BETA,4315,-1540323737,EIKON,completed
2077,BETA,4315,-1216943561,EVO,completed
2078,BETA,4315,666122124,M,completed
2079,BETA,4315,-1094278816,RR,completed
2080,BETA,4315,-1274915604,URBAN,completed
2081,BETA,4315,-705351775,XTRAINER,completed
2082,BIMOTA,4368,471854877,DB5,completed
2083,BIMOTA,4368,194770085,DB6,completed
2084,BIMOTA,4368,815833162,DB7,completed
2085,BIMOTA,4368,436026688,DB8,completed
2086,BIMOTA,4368,-115172327,DB9,completed
2087,BIMOTA,4368,473953480,IMPETO,completed
2088,BIMOTA,4368,-822627936,KB4,completed
2089,BIMOTA,4368,1669359267,SBR,completed
2090,BIMOTA,4368,1691057425,TESI,completed
2091,BITTER,1486,148431429,TYPE 3,completed
2092,BOND,1537,-246848774,EQUIPE,completed
2093,BORGWARD,136,-334340511,ISABELLA,completed
2094,BRISTOL,1487,1252086388,411,completed
2095,BRISTOL,1487,1539147271,412,completed
2096,BRISTOL,1487,-1103488338,603,completed
2097,BRISTOL,1487,710235276,BEAUFIGHTER,completed
2098,BRISTOL,1487,-633594503,BLENHEIM,completed
2099,BRISTOL,1487,1680631991,BRIGAND,completed
2100,BRISTOL,1487,1967689309,BRITANNIA,completed
2101,BRISTOL,1487,-489312888,BULLET,completed
2102,BRISTOL,1487,42055777,FIGHTER,completed
2103,BRIXTON,4540,1969713742,BX,completed
2104,BRIXTON,4540,1648210590,CROMWELL,completed
2105,BRIXTON,4540,647063892,CROSSFIRE,completed
2106,BRIXTON,4540,677940962,FELSBERG,completed
2107,BRIXTON,4540,521497608,RAYBURN,completed
2108,BRIXTON,4540,-743248910,SUNRAY,completed
2109,BSA MOTORCYCLES,5128,1030789954,BANTAM,completed
2110,BSA MOTORCYCLES,5128,2126426384,GOLD STAR,completed
2111,BUELL,4048,-277896427,1125,completed
2112,BUELL,4048,775390939,CYCLONE,completed
2113,BUELL,4048,1519428303,FIREBOLT,completed
2114,BUELL,4048,901007356,LIGHTNING,completed
2115,BUELL,4048,1463879142,THUNDERBOLT,completed
2116,BUELL,4048,-1526285202,XB12R,completed
2117,BUELL,4048,-1456914073,XB12S,completed
2118,BUELL,4048,421369528,XB12X,completed
2119,BUELL,4048,-870546553,XB12XT,completed
2120,BUELL,4048,624487038,XB9,completed
2121,BUGATTI,788,273891260,CHIRON,completed
2122,BUGATTI,788,-1957479983,DIVO,completed
2123,BUGATTI,788,-253737715,EB 110,completed
2124,BUGATTI,788,25367601,VEYRON EB 16.4,completed
2125,BUGATTI,788,1902850276,VEYRON Grand Sport EB 16.4,completed
2126,BUICK,816,199546930,CENTURY,completed
2127,BUICK,816,1806941304,ELECTRA,completed
2128,BUICK,816,-92206261,LESABRE,completed
2129,BUICK,816,-687304973,PARK AVENUE,completed
2130,BUICK,816,568317749,REGAL,completed
2131,BUICK,816,-581250272,ROADMASTER,completed
2132,BUICK,816,-1916400889,SKYLARK,completed
2133,BYD,3122,-2100519024,ATTO 3,completed
2134,BYD,3122,-1175591584,DOLPHIN,completed
2135,BYD,3122,1118824392,HAN,completed
2136,BYD,3122,2044807218,SEA LION 07,completed
2137,BYD,3122,2082526264,SEAL,completed
2138,BYD,3122,1855739962,SEAL 06,completed
2139,BYD,3122,1049525392,SEAL U,completed
2140,BYD,3122,-104333069,SONG Pro,completed
2141,BYD,3122,-1914512249,SONG PRO,completed
2142,BYD,3122,1067596686,TANG,completed
2143,BYD,3122,-113253152,YUAN UP,completed
2144,CADILLAC,819,529424561,ALLANTE,completed
2145,CADILLAC,819,1137824285,ATS,completed
2146,CADILLAC,819,-60836968,BLS,completed
2147,CADILLAC,819,844488733,CT5,completed
2148,CADILLAC,819,-2000643753,CT6,completed
2149,CADILLAC,819,-491360303,CTS,completed
2150,CADILLAC,819,-1259183512,DEVILLE,completed
2151,CADILLAC,819,1640109914,ELDORADO,completed
2152,CADILLAC,819,382111769,ESCALADE,completed
2153,CADILLAC,819,316591893,ESCALADE IQ,completed
2154,CADILLAC,819,-1800013534,FLEETWOOD,completed
2155,CADILLAC,819,116055058,LYRIQ,completed
2156,CADILLAC,819,-1504681196,SEVILLE,completed
2157,CADILLAC,819,42790229,SRX,completed
2158,CADILLAC,819,-373349633,STS,completed
2159,CADILLAC,819,-1847553615,XLR,completed
2160,CAGIVA,2554,191346802,125,completed
2161,CAGIVA,2554,1856343006,50,completed
2162,CAGIVA,2554,-164989834,500,completed
2163,CAGIVA,2554,-1512001866,ALAZZURRA,completed
2164,CAGIVA,2554,1434411023,CANYON,completed
2165,CAGIVA,2554,-576791114,ELEFANT,completed
2166,CAGIVA,2554,-1831079139,GRAN CANYON,completed
2167,CAGIVA,2554,-1043009804,MITO,completed
2168,CAGIVA,2554,-1411125293,NAVIGATOR,completed
2169,CAGIVA,2554,1104027533,RAPTOR,completed
2170,CAGIVA,2554,810350980,RIVER,completed
2171,CAGIVA,2554,-1944036865,SST,completed
2172,CAGIVA,2554,-1326238812,SX,completed
2173,CAGIVA,2554,-1612395587,V-RAPTOR,completed
2174,CAGIVA,2554,-584089886,W,completed
2175,CAGIVA,2554,-397505609,X-TRA,completed
2176,CAKE,6476,945828109,KALK,completed
2177,CAKE,6476,-1172319123,ÖSA,completed
2178,CALLAWAY,1488,740855341,C12,completed
2179,CARBODIES,1489,2142063255,FL2,completed
2180,CARBODIES,1489,1301208973,FX FAIRWAY,completed
2181,CARBODIES,1489,887611079,FX4,completed
2182,CARBODIES,1489,-1482887774,FX4R,completed
2183,CARBODIES,1489,2045429562,FX4S,completed
2184,CATERHAM,1490,305470081,21,completed
2185,CATERHAM,1490,-349243087,AEROSEVEN,completed
2186,CATERHAM,1490,1952901191,SEVEN,completed
2187,CCM,4617,740595293,GP,completed
2188,CEZETA,4487,1002797970,506,completed
2189,CF MOTO,4424,915787182,CL-C,completed
2190,CF MOTO,4424,-176876859,CL-X,completed
2191,CF MOTO,4424,612961959,E-CHARM,completed
2192,CF MOTO,4424,1112004368,GLORY,completed
2193,CF MOTO,4424,1791100430,GT,completed
2194,CF MOTO,4424,-2034818645,JETMAX,completed
2195,CF MOTO,4424,1096786317,MT,completed
2196,CF MOTO,4424,-177131598,NK,completed
2197,CF MOTO,4424,-2041986929,SR,completed
2198,CF MOTO,4424,-447634285,TK,completed
2199,CHANGAN,2852,338861360,X5 PLUS,completed
2200,CHATENET,2916,-241898553,CH40,completed
2201,CHATENET,2916,-626974872,CH46,completed
2202,CHECKER,1491,2124993188,MARATHON,completed
2203,CHECKER,1491,-2032577198,TAXICAB,completed
2204,CHERY,2887,1879303625,OMODA 5,completed
2205,CHERY,2887,-171396925,TIGGO 5x,completed
2206,CHERY,2887,484332320,TIGGO 9,completed
2207,CMC,3772,-1606123993,VERYCA,completed
2208,CPI,4803,-385666444,ARAGON,completed
2209,CPI,4803,166143293,BINGO,completed
2210,CPI,4803,1491959435,FORMULA R,completed
2211,CPI,4803,-349106048,GTR,completed
2212,CPI,4803,-1283272202,HUSSAR,completed
2213,CPI,4803,1022559807,OLIVER,completed
2214,CPI,4803,719835622,POPCORN,completed
2215,CUPRA,4896,1176120908,ATECA,completed
2216,CUPRA,4896,-2068896250,BORN,completed
2217,CUPRA,4896,-217370286,FORMENTOR,completed
2218,CUPRA,4896,-666594912,LEON,completed
2219,CUPRA,4896,2017059910,TAVASCAN,completed
2220,CUPRA,4896,145636117,TERRAMAR,completed
2221,DAELIM,4052,-1202362706,AROMA,completed
2222,DAELIM,4052,-1541119023,CORDI,completed
2223,DAELIM,4052,-635771246,DAYSTAR,completed
2224,DAELIM,4052,-525717024,E-FIVE,completed
2225,DAELIM,4052,741306532,FREEWING,completed
2226,DAELIM,4052,-438324639,HISTORY,completed
2227,DAELIM,4052,-1238054074,MESSAGE,completed
2228,DAELIM,4052,1868301802,OTELLO,completed
2229,DAELIM,4052,-1190331446,QL,completed
2230,DAELIM,4052,184843203,ROADWIN,completed
2231,DAELIM,4052,-84149181,S,completed
2232,DAELIM,4052,812147078,S-FIVE,completed
2233,DAELIM,4052,2020247170,SL,completed
2234,DAELIM,4052,-2015398981,STEEZER,completed
2235,DAELIM,4052,-454336574,TAPO,completed
2236,DAELIM,4052,135008130,VS,completed
2237,DAELIM,4052,147878714,VT,completed
2238,DAELIM,4052,-207467639,XQ,completed
2239,DAELIM,4052,-1265040454,YC,completed
2240,DAF,24,1511977498,33,completed
2241,DAF,24,-902914017,400-Serie,completed
2242,DAF,24,-433845829,44,completed
2243,DAF,24,614736395,46,completed
2244,DAF,24,-1877822665,55,completed
2245,DAF,24,1108927361,66,completed
2246,DAIMLER,26,-509669605,2.8 - 5.3,completed
2247,DAIMLER,26,1040045034,COUPE,completed
2248,DAIMLER,26,886203942,DAIMLER,completed
2249,DAIMLER,26,752357604,DART,completed
2250,DAIMLER,26,-377902637,LANDAULETTE,completed
2251,DAIMLER,26,422779157,LIMOUSINE,completed
2252,DAIMLER,26,-596370035,SUPER EIGHT,completed
2253,DAIMLER,26,905301036,"XJ 40, 81",completed
2254,DALLAS,1493,510107698,FUN,completed
2255,DE LOREAN,1494,77352174,DMC-12,completed
2256,DE TOMASO,1495,-1136440246,BIGUA,completed
2257,DE TOMASO,1495,1204776106,DEAUVILLE,completed
2258,DE TOMASO,1495,-779898512,LONGCHAMP,completed
2259,DE TOMASO,1495,-1940521148,PANTERA,completed
2260,DEEPAL,6587,-1119775475,S07,completed
2261,DERBI,4071,-1835771551,ATLANTIS,completed
2262,DERBI,4071,817887657,AVENTURA,completed
2263,DERBI,4071,-1119083115,BOULEVARD,completed
2264,DERBI,4071,594473798,FURAX,completed
2265,DERBI,4071,1277793409,GP1,completed
2266,DERBI,4071,1573567851,GPR,completed
2267,DERBI,4071,-647681706,HUNTER,completed
2268,DERBI,4071,1437087963,MULHACÉN,completed
2269,DERBI,4071,1344183733,RAMBLA,completed
2270,DERBI,4071,-338116354,SENDA,completed
2271,DERBI,4071,-539565567,SONAR,completed
2272,DERBI,4071,941239783,TERRA,completed
2273,DERBI,4071,-311129865,VAMOS,completed
2274,DERBI,4071,838611582,VARIANT,completed
2275,DFSK,4269,366771722,500,completed
2276,DFSK,4269,-462269230,FENGON 5,completed
2277,DFSK,4269,2045250468,FENGON 6,completed
2278,DFSK,4269,557451455,FENGON 7,completed
2279,DFSK,4269,317108157,GLORY 600,completed
2280,DFSK,4269,478867972,K SERIES,completed
2281,DONKERVOORT,4658,-1231515005,D8,completed
2282,DR,3497,599867887,DR 3,completed
2283,DR,3497,1465062393,DR 6.0,completed
2284,DR,3497,279227835,DR PK8,completed
2285,DS,4468,474349473,DS 3,completed
2286,DS,4468,-1439979104,DS 3 / DS 3 CROSSBACK,completed
2287,DS,4468,-128262750,DS 4,completed
2288,DS,4468,-1420234527,DS 4 / DS 4 CROSSBACK,completed
2289,DS,4468,1834367816,DS 5,completed
2290,DS,4468,-1706577209,DS 7,completed
2291,DS,4468,-165382303,DS 9,completed
2292,DS (CAPSA),3999,-113325904,DS 5,completed
2293,DUCATI,2759,1558422780,1000,completed
2294,DUCATI,2759,1029759911,1098,completed
2295,DUCATI,2759,-751840350,1100,completed
2296,DUCATI,2759,-1894589880,1198,completed
2297,DUCATI,2759,2002568323,1199,completed
2298,DUCATI,2759,-1264424510,1200,completed
2299,DUCATI,2759,1194635179,1299,completed
2300,DUCATI,2759,358565615,350,completed
2301,DUCATI,2759,1541979926,400,completed
2302,DUCATI,2759,1302525233,500,completed
2303,DUCATI,2759,628779208,600,completed
2304,DUCATI,2759,-623189670,620,completed
2305,DUCATI,2759,1272777156,696,completed
2306,DUCATI,2759,-239407927,748,completed
2307,DUCATI,2759,-228946842,749,completed
2308,DUCATI,2759,-1273784806,750,completed
2309,DUCATI,2759,694902432,796,completed
2310,DUCATI,2759,-1033876139,800,completed
2311,DUCATI,2759,195348484,848,completed
2312,DUCATI,2759,-842846205,851,completed
2313,DUCATI,2759,-1792999452,888,completed
2314,DUCATI,2759,987387114,900,completed
2315,DUCATI,2759,1404338174,906,completed
2316,DUCATI,2759,-1648522194,907,completed
2317,DUCATI,2759,1372713391,916,completed
2318,DUCATI,2759,-789688914,959,completed
2319,DUCATI,2759,1668827222,996,completed
2320,DUCATI,2759,-293163668,998,completed
2321,DUCATI,2759,2111673871,999,completed
2322,DUCATI,2759,1717943840,DESERT X,completed
2323,DUCATI,2759,1989317322,DESMOSEDICI,completed
2324,DUCATI,2759,-1142831389,DIAVEL,completed
2325,DUCATI,2759,-795442979,GT,completed
2326,DUCATI,2759,-694633992,GTL,completed
2327,DUCATI,2759,-367418931,GTS,completed
2328,DUCATI,2759,563763327,GTV,completed
2329,DUCATI,2759,1977157475,HYPERMOTARD,completed
2330,DUCATI,2759,940629704,HYPERSTRADA,completed
2331,DUCATI,2759,-222088896,INDIANA,completed
2332,DUCATI,2759,1209346430,MH,completed
2333,DUCATI,2759,749767576,MILLE,completed
2334,DUCATI,2759,-1751209404,MONSTER (300cc - 899cc),completed
2335,DUCATI,2759,109505516,MONSTER (900cc - ),completed
2336,DUCATI,2759,-1983704048,MULTISTRADA,completed
2337,DUCATI,2759,106491429,PANIGALE V2,completed
2338,DUCATI,2759,-874721222,PANIGALE V4,completed
2339,DUCATI,2759,1850075018,PAUL SMART,completed
2340,DUCATI,2759,2053624555,SCRAMBLER,completed
2341,DUCATI,2759,822731103,SPORT,completed
2342,DUCATI,2759,1899948493,ST,completed
2343,DUCATI,2759,-412047033,STREETFIGHTER,completed
2344,DUCATI,2759,-629142600,SUPERBIKE,completed
2345,DUCATI,2759,1925172938,SUPERLEGGERA,completed
2346,DUCATI,2759,-1776906566,SUPERSPORT,completed
2347,DUCATI,2759,-1003744716,XDIAVEL,completed
2348,E.F.O,6501,1619116676,EM,completed
2349,E.F.O,6501,-487397423,ET,completed
2350,E.F.O,6501,273856122,EV,completed
2351,E.GO,5705,1820032511,E.WAVE X,completed
2352,ECM,4288,887887132,EPPELLA,completed
2353,ECM,4288,1796592375,FIREJET,completed
2354,ELARIS,6177,-2003718817,DYO,completed
2355,ELARIS,6177,-17998245,PIO,completed
2356,EMC,7024,922625336,WAVE 3,completed
2357,ENERGICA,6705,-1415809212,EGO,completed
2358,ENERGICA,6705,-680923017,ESSEESSE 9,completed
2359,ENERGICA,6705,-1758500744,EVA RIBELLE,completed
2360,ENERGICA,6705,-1751520409,EXPERIA,completed
2361,ETON,5066,304615809,BEAMER,completed
2362,ETON,5066,-2077930237,MATRIX,completed
2363,ETON,5066,-79526185,SPORT,completed
2364,EUNOS,2857,-1511168869,800,completed
2365,EVO,6862,-110206107,CROSS 4,completed
2366,EVO,6862,-1925166324,EVO 3,completed
2367,EVO,6862,-502990681,EVO 4,completed
2368,EVO,6862,-1932168157,EVO 5,completed
2369,EVO,6862,1559301512,EVO 7,completed
2370,F.B MONDIAL,5412,-1316269983,HPS,completed
2371,F.B MONDIAL,5412,-1969395988,PIEGA,completed
2372,F.B MONDIAL,5412,-1152572977,SMX,completed
2373,F.B MONDIAL,5412,-2059996380,SMX ENDURO,completed
2374,F.B MONDIAL,5412,608305063,SMX SUPERMOTO,completed
2375,F.B MONDIAL,5412,-1308511211,SPORT CLASSIC,completed
2376,FANTIC,4072,92514817,CABALLERO,completed
2377,FANTIC,4072,2081693323,ENDURO,completed
2378,FANTIC,4072,101484416,GRINTA,completed
2379,FANTIC,4072,-1301684633,ISSIMO,completed
2380,FANTIC,4072,1846925910,MOTARD,completed
2381,FANTIC,4072,-1997453796,QUEENIE,completed
2382,FANTIC,4072,-448742665,RALLY,completed
2383,FENGON,5486,-1399831424,GLORY 600,completed
2384,FERRARI,700,-149545894,12 CILINDRI,completed
2385,FERRARI,700,132280881,208/308,completed
2386,FERRARI,700,-269916097,296 GTB,completed
2387,FERRARI,700,656708164,296 GTS,completed
2388,FERRARI,700,-534526601,328 GTB,completed
2389,FERRARI,700,2028808830,328 GTS,completed
2390,FERRARI,700,-113043877,330 GT 2+2,completed
2391,FERRARI,700,-2067360338,348,completed
2392,FERRARI,700,1672930639,348 tb/GTB,completed
2393,FERRARI,700,39740782,348 ts/GTS,completed
2394,FERRARI,700,1767627706,360,completed
2395,FERRARI,700,45832751,365 GT 2+2,completed
2396,FERRARI,700,597426858,365 GTB/4 DAYTONA,completed
2397,FERRARI,700,1239615550,365 GTS/4 DAYTONA,completed
2398,FERRARI,700,-1542185792,400 i,completed
2399,FERRARI,700,-1885918245,412 i,completed
2400,FERRARI,700,-614590084,456 GT/GTA,completed
2401,FERRARI,700,-1210100064,458,completed
2402,FERRARI,700,-841329960,488,completed
2403,FERRARI,700,-669823636,488 GTB,completed
2404,FERRARI,700,829317228,5__ MARANELLO,completed
2405,FERRARI,700,1048070032,512 BB,completed
2406,FERRARI,700,1654914200,512 M,completed
2407,FERRARI,700,-1131912727,512 TR,completed
2408,FERRARI,700,684416089,550 BARCHETTA,completed
2409,FERRARI,700,-1224776565,599 GTB/GTO,completed
2410,FERRARI,700,-1477801003,599 SA,completed
2411,FERRARI,700,-2177758,612 SCAGLIETTI,completed
2412,FERRARI,700,-1181321006,812 GTS,completed
2413,FERRARI,700,-2051357433,812 SUPERFAST,completed
2414,FERRARI,700,810557427,CALIFORNIA,completed
2415,FERRARI,700,-1684483994,DAYTONA SP3,completed
2416,FERRARI,700,1617174686,DINO GT,completed
2417,FERRARI,700,1434141785,DINO GT4,completed
2418,FERRARI,700,-1445728029,DINO GTS,completed
2419,FERRARI,700,-1279149182,ENZO FERRARI,completed
2420,FERRARI,700,1952332262,F12 Berlinetta,completed
2421,FERRARI,700,913325019,F355,completed
2422,FERRARI,700,1900390587,F355 Berlinetta,completed
2423,FERRARI,700,448854812,F355 GTS,completed
2424,FERRARI,700,-1014854375,F40,completed
2425,FERRARI,700,893177728,F430,completed
2426,FERRARI,700,-360748430,F8,completed
2427,FERRARI,700,1995109918,F8 Tributo,completed
2428,FERRARI,700,687157189,FF,completed
2429,FERRARI,700,-1704847758,GTC4 Lusso / Lusso T,completed
2430,FERRARI,700,2017884752,LaFERRARI,completed
2431,FERRARI,700,1452391330,LaFERRARI APERTA,completed
2432,FERRARI,700,-416795057,MONDIAL,completed
2433,FERRARI,700,701663364,MONZA SP1,completed
2434,FERRARI,700,-32983234,MONZA SP2,completed
2435,FERRARI,700,-1124673497,PORTOFINO,completed
2436,FERRARI,700,1778091833,PUROSANGUE,completed
2437,FERRARI,700,212015283,ROMA,completed
2438,FERRARI,700,1126418953,SF90,completed
2439,FERRARI,700,670720632,SF90 Spider,completed
2440,FERRARI,700,608741182,SUPERAMERICA,completed
2441,FERRARI,700,-2132267719,TESTAROSSA,completed
2442,FISKER,3738,1322224570,KARMA,completed
2443,FISKER,3738,1862171030,OCEAN,completed
2444,FORD AUSTRALIA,1496,-469817090,F-150,completed
2445,FORD AUSTRALIA,1496,1639688132,MUSTANG,completed
2446,FORD OTOSAN,808,161597069,ANADOL,completed
2447,FORD OTOSAN,808,1657190000,TAUNUS,completed
2448,FORD USA,776,657642050,AEROSTAR,completed
2449,FORD USA,776,1305230753,BRONCO,completed
2450,FORD USA,776,-1625846034,CROWN VICTORIA,completed
2451,FORD USA,776,-310819744,EDGE,completed
2452,FORD USA,776,1801786456,ESCAPE,completed
2453,FORD USA,776,1280823496,EXPEDITION,completed
2454,FORD USA,776,1100259925,EXPLORER,completed
2455,FORD USA,776,-326780674,F-150,completed
2456,FORD USA,776,960908209,F-150 LIGHTNING,completed
2457,FORD USA,776,-1419018906,GT,completed
2458,FORD USA,776,-904170829,MUSTANG,completed
2459,FORD USA,776,-896626812,MUSTANG MACH-E,completed
2460,FORD USA,776,539868166,PROBE,completed
2461,FORD USA,776,2118138782,RANGER,completed
2462,FORD USA,776,-333878210,TAURUS,completed
2463,FORD USA,776,-994774501,THUNDERBIRD,completed
2464,FORD USA,776,-2082655835,WINDSTAR,completed
2465,FOTON,2867,-241753144,HUOXING 9,completed
2466,FOTON,2867,442664060,TUNLAND,completed
2467,FPV,3297,378357520,FALCON,completed
2468,FSO,775,-855717278,125P,completed
2469,FSO,775,-1081010271,126P,completed
2470,FSO,775,1420045033,127P,completed
2471,FSO,775,-574885746,132P,completed
2472,FSO,775,-387642963,POLONEZ,completed
2473,GAC MOBYLETTE,5076,-1345694654,MOBYLETTE,completed
2474,GALLOPER,5475,-1022474524,GALLOPER,completed
2475,GARELLI,4633,526176161,CICLONE,completed
2476,GARELLI,4633,1285024235,COMFORT,completed
2477,GARELLI,4633,-330003701,FLEXI,completed
2478,GARELLI,4633,-1698693825,MOSQUITO,completed
2479,GARELLI,4633,1281938471,TIESSE,completed
2480,GARELLI,4633,1113962251,TIGER,completed
2481,GARELLI,4633,1039979143,VIP,completed
2482,GASGAS,4289,-356839827,EC,completed
2483,GASGAS,4289,-2008739888,ES,completed
2484,GASGAS,4289,1224567115,RANDONNE,completed
2485,GASGAS,4289,1103162609,SM,completed
2486,GASGAS,4289,-1785664644,TXT,completed
2487,GAZ,148,-161972827,GAZELLE,completed
2488,GAZ,148,-305976005,VALDAJ,completed
2489,GAZ,148,-29560875,VOLGA,completed
2490,GEELY,2590,779841560,BL,completed
2491,GEELY,2590,1563484337,BOYUE,completed
2492,GEELY,2590,-90633846,BOYUE L,completed
2493,GEELY,2590,-776111098,CK,completed
2494,GEELY,2590,-1443758011,HQ,completed
2495,GEELY,2590,1002972567,MR,completed
2496,GEELY,2590,-1576050744,PU,completed
2497,GENERIC,4403,-350943602,IDEO,completed
2498,GENERIC,4403,-683987778,RACE,completed
2499,GENERIC,4403,-2035720984,ROC,completed
2500,GENERIC,4403,-1011201286,SOHO,completed
2501,GENERIC,4403,750398155,TR,completed
2502,GENERIC,4403,572532986,TRIGGER,completed
2503,GENERIC,4403,-1343049295,XOR,completed
2504,GENERIC,4403,-248395981,ZION,completed
2505,GENESIS,4473,-1073176136,G80,completed
2506,GENESIS,4473,-727817634,G90,completed
2507,GENESIS,4473,-1088905135,GV60,completed
2508,GENESIS,4473,-1901936946,GV70,completed
2509,GENESIS,4473,1216033388,GV80,completed
2510,GEO,831,-795614138,METRO,completed
2511,GEO,831,1393684606,STORM,completed
2512,GEO,831,-1435962791,TRACKER,completed
2513,GEOMETRY,5244,-2120561361,EX3,completed
2514,GEOMETRY,5244,-492637207,M6,completed
2515,GILERA,4054,1748611587,250,completed
2516,GILERA,4054,2125210383,350,completed
2517,GILERA,4054,281287800,500,completed
2518,GILERA,4054,-1167892617,600,completed
2519,GILERA,4054,-997931991,COGUAR,completed
2520,GILERA,4054,-411447633,DNA,completed
2521,GILERA,4054,-316956358,EAGLET,completed
2522,GILERA,4054,17683880,EC,completed
2523,GILERA,4054,-1908729119,FUOCO,completed
2524,GILERA,4054,-1313984352,GP,completed
2525,GILERA,4054,635619778,GSM,completed
2526,GILERA,4054,-299885854,ICE,completed
2527,GILERA,4054,-112708670,NEXUS,completed
2528,GILERA,4054,1624783548,RC,completed
2529,GILERA,4054,-578715805,RCR,completed
2530,GILERA,4054,201551331,RUNNER,completed
2531,GILERA,4054,1720819503,RV,completed
2532,GILERA,4054,1964186604,RX,completed
2533,GILERA,4054,1180080798,SC,completed
2534,GILERA,4054,916735437,STALKER,completed
2535,GILERA,4054,-1730998633,STORM,completed
2536,GILERA,4054,1444237261,XRT,completed
2537,GINETTA,1498,952728362,F400,completed
2538,GINETTA,1498,-6385008,G15,completed
2539,GINETTA,1498,1332123236,G21,completed
2540,GINETTA,1498,-1692518449,G23,completed
2541,GINETTA,1498,-490266956,G27,completed
2542,GINETTA,1498,-888104016,G32,completed
2543,GINETTA,1498,526954743,G33,completed
2544,GINETTA,1498,-1207721573,G34,completed
2545,GINETTA,1498,603120598,G40,completed
2546,GINETTA,1498,2133748292,G60,completed
2547,GIOTTI VICTORIA,5209,250760107,GLADIATOR,completed
2548,GLAS,812,-1427448438,04,completed
2549,GLAS,812,738227391,1700,completed
2550,GLAS,812,112553845,GOGGOMOBIL,completed
2551,GLAS,812,-881334829,GT,completed
2552,GLAS,812,-259065894,ISAR,completed
2553,GLAS,812,1727716505,V 8,completed
2554,GMC,39,1827500975,S15 JIMMY,completed
2555,GMC,39,1611591592,SIERRA 2500 HD,completed
2556,GOUPIL,4752,-961673379,G2,completed
2557,GOUPIL,4752,-273912731,G3L,completed
2558,GOUPIL,4752,-652812555,G4,completed
2559,GOUPIL,4752,-1392618559,G4L,completed
2560,GOUPIL,4752,1655560365,G5,completed
2561,GOUPIL,4752,-1598439169,G6,completed
2562,GOVECS,4539,-1046722414,GO!,completed
2563,GOVECS,4539,1141584571,SCHWALBE,completed
2564,GREAT WALL,2903,-925746088,HOVER H6,completed
2565,GREAT WALL,2903,1411159022,ORA 03,completed
2566,GREAT WALL,2903,-1744377803,PAO,completed
2567,GREAT WALL,2903,-703764492,STEED,completed
2568,GREAT WALL,2903,230037866,STEED 5,completed
2569,GREAT WALL,2903,-967273550,WEY 03,completed
2570,GREAT WALL,2903,239692185,WEY 05,completed
2571,HARLEY-DAVIDSON,4055,1147200197,100th ANNIVERSARY EDITION,completed
2572,HARLEY-DAVIDSON,4055,963242805,105th ANNIVERSARY EDITION,completed
2573,HARLEY-DAVIDSON,4055,2119717451,110th ANNIVERSARY EDITION,completed
2574,HARLEY-DAVIDSON,4055,85770101,BAD BOY,completed
2575,HARLEY-DAVIDSON,4055,-1969033997,BREAKOUT,completed
2576,HARLEY-DAVIDSON,4055,1550505464,CROSS BONES,completed
2577,HARLEY-DAVIDSON,4055,-256124584,CVO,completed
2578,HARLEY-DAVIDSON,4055,-2141297314,DYNA,completed
2579,HARLEY-DAVIDSON,4055,-1214138185,ELECTRA GLIDE,completed
2580,HARLEY-DAVIDSON,4055,1964187454,FAT BOY,completed
2581,HARLEY-DAVIDSON,4055,-2132861435,GRAND TOURING EDITION,completed
2582,HARLEY-DAVIDSON,4055,540221215,HERITAGE,completed
2583,HARLEY-DAVIDSON,4055,246751364,IRON,completed
2584,HARLEY-DAVIDSON,4055,1233360177,LIVEWIRE,completed
2585,HARLEY-DAVIDSON,4055,-1134563127,LOW RIDER,completed
2586,HARLEY-DAVIDSON,4055,-469982217,NIGHT ROD,completed
2587,HARLEY-DAVIDSON,4055,391820704,NIGHT TRAIN,completed
2588,HARLEY-DAVIDSON,4055,39285522,PAN AMERICA,completed
2589,HARLEY-DAVIDSON,4055,973423003,ROAD GLIDE,completed
2590,HARLEY-DAVIDSON,4055,1814525735,ROAD KING,completed
2591,HARLEY-DAVIDSON,4055,219012171,ROADSTER,completed
2592,HARLEY-DAVIDSON,4055,699676717,SEVENTY TWO,completed
2593,HARLEY-DAVIDSON,4055,1946517452,SLIM,completed
2594,HARLEY-DAVIDSON,4055,-1521992147,SOFTAIL ( - 1700cc),completed
2595,HARLEY-DAVIDSON,4055,1989166732,SOFTAIL (1701cc - ),completed
2596,HARLEY-DAVIDSON,4055,-1689226133,SPORT GLIDE,completed
2597,HARLEY-DAVIDSON,4055,-706064497,SPORTSTER (1001cc - ),completed
2598,HARLEY-DAVIDSON,4055,-1703869699,SPORTSTER (883cc - 1000cc),completed
2599,HARLEY-DAVIDSON,4055,1913433822,STREET,completed
2600,HARLEY-DAVIDSON,4055,204278133,STREET GLIDE,completed
2601,HARLEY-DAVIDSON,4055,-1613674065,STREET ROD,completed
2602,HARLEY-DAVIDSON,4055,-1692109753,STURGIS,completed
2603,HARLEY-DAVIDSON,4055,1129920282,SUPER GLIDE,completed
2604,HARLEY-DAVIDSON,4055,-171472105,TOUR GLIDE,completed
2605,HARLEY-DAVIDSON,4055,-790811499,ULTRA,completed
2606,HARLEY-DAVIDSON,4055,805617873,ULTRA CLASSIC,completed
2607,HARLEY-DAVIDSON,4055,213251136,V-ROD,completed
2608,HARLEY-DAVIDSON,4055,1033584659,WIDE GLIDE,completed
2609,HARLEY-DAVIDSON,4055,1098130223,XR,completed
2610,HAVAL,3968,-1464468692,CHITU,completed
2611,HAVAL,3968,350928482,H2,completed
2612,HERCULES,4087,-281850676,CITY,completed
2613,HERCULES,4087,36032683,FOX,completed
2614,HERCULES,4087,1495813836,GIPSY,completed
2615,HERCULES,4087,-1923264408,HOBBY RIDER,completed
2616,HERCULES,4087,-408227402,JOGGING,completed
2617,HERCULES,4087,2056820282,K,completed
2618,HERCULES,4087,-513932715,KX,completed
2619,HERCULES,4087,1650341300,LIMBO,completed
2620,HERCULES,4087,-773858830,MX,completed
2621,HERCULES,4087,-737631068,OPTIMA,completed
2622,HERCULES,4087,640046064,PRIMA,completed
2623,HERCULES,4087,-633366079,RX,completed
2624,HERCULES,4087,-354785197,SAMBA,completed
2625,HERCULES,4087,-673625516,SPLINTER,completed
2626,HERCULES,4087,1476839119,SR,completed
2627,HERCULES,4087,-1059075183,SUPRA,completed
2628,HERCULES,4087,-923238052,SWING,completed
2629,HERCULES,4087,1620251244,ULTRA,completed
2630,HERCULES,4087,-1837906460,W,completed
2631,HERCULES,4087,2024166092,XE,completed
2632,HERCULES,4087,1167878653,ZX,completed
2633,HESKET,4722,-464464855,24,completed
2634,HESKET,4722,-1725732634,SONNET,completed
2635,HESKET,4722,-328585066,VAILANT SC,completed
2636,HINDUSTAN,1499,231580472,AMBASSADOR,completed
2637,HINDUSTAN,1499,-1590806886,CONTESSA,completed
2638,HMRacing,4314,-402443208,CRE,completed
2639,HMRacing,4314,2002537642,CRM,completed
2640,HOBBYCAR,1500,-1779423683,PASSPORT,completed
2641,HONGQI,2871,622592258,EH7,completed
2642,HONGQI,2871,-1371575397,HS3,completed
2643,HOREX,4488,-1378096673,IMPERATOR,completed
2644,HOREX,4488,554621702,REBELL,completed
2645,HOREX,4488,2033634227,REGINA,completed
2646,HOREX,4488,2030918723,RESIDENT,completed
2647,HOREX,4488,1339828599,VR6,completed
2648,HORWIN,6513,1395752866,CR,completed
2649,HORWIN,6513,1803022672,EK,completed
2650,HORWIN,6513,-384395312,HT,completed
2651,HORWIN,6513,1161874334,SK,completed
2652,HUATIAN,5067,-299793928,HT,completed
2653,HUMMER,1506,-553057211,H1,completed
2654,HUMMER,1506,-617282146,H2,completed
2655,HUMMER,1506,1212472455,HUMMER,completed
2656,HUSABERG,4287,-1651652439,FE,completed
2657,HUSABERG,4287,2132370859,TE,completed
2658,HUSQVARNA,4241,1278165896,401,completed
2659,HUSQVARNA,4241,-105174286,701,completed
2660,HUSQVARNA,4241,-1775306503,AE,completed
2661,HUSQVARNA,4241,-1368858262,CR,completed
2662,HUSQVARNA,4241,-2123910931,FC,completed
2663,HUSQVARNA,4241,1477431677,FE,completed
2664,HUSQVARNA,4241,-1139482288,FS,completed
2665,HUSQVARNA,4241,1560408670,FX,completed
2666,HUSQVARNA,4241,-5195449,LT,completed
2667,HUSQVARNA,4241,-250527180,NORDEN,completed
2668,HUSQVARNA,4241,151489143,NUDA,completed
2669,HUSQVARNA,4241,-1482366193,SM,completed
2670,HUSQVARNA,4241,-127475399,SMR,completed
2671,HUSQVARNA,4241,259644223,SVARTPILEN,completed
2672,HUSQVARNA,4241,1905439102,TC,completed
2673,HUSQVARNA,4241,-324725587,TE,completed
2674,HUSQVARNA,4241,1277579397,TR,completed
2675,HUSQVARNA,4241,-1327648932,TX,completed
2676,HUSQVARNA,4241,-1460923123,TXC,completed
2677,HUSQVARNA,4241,1151607962,VITPILEN,completed
2678,HUSQVARNA,4241,-994920078,WR,completed
2679,HUSQVARNA,4241,1283020128,WRE,completed
2680,HUSQVARNA,4241,-1629561795,WSM,completed
2681,HUSQVARNA,4241,1331830134,XC,completed
2682,HYOSUNG,4056,849240256,AQUILA,completed
2683,HYOSUNG,4056,-1738403950,AVANTI,completed
2684,HYOSUNG,4056,423205399,BOOMER,completed
2685,HYOSUNG,4056,-982151736,CAB,completed
2686,HYOSUNG,4056,684301041,CRUISE,completed
2687,HYOSUNG,4056,1396147569,GAMMA,completed
2688,HYOSUNG,4056,1119017993,GD,completed
2689,HYOSUNG,4056,1103879145,GF,completed
2690,HYOSUNG,4056,411243720,GS,completed
2691,HYOSUNG,4056,130151248,GT,completed
2692,HYOSUNG,4056,-519344720,GV,completed
2693,HYOSUNG,4056,-971242231,HYPER,completed
2694,HYOSUNG,4056,-720651217,KARION,completed
2695,HYOSUNG,4056,285561560,MS,completed
2696,HYOSUNG,4056,576823354,SF,completed
2697,HYOSUNG,4056,-215383301,ST,completed
2698,HYOSUNG,4056,1907656538,SUPERCAB,completed
2699,HYOSUNG,4056,-618637156,XRX,completed
2700,ICKX,6873,-766531475,K2,completed
2701,INDIAN,4325,489437935,CHIEF,completed
2702,INDIAN,4325,215014938,CHIEFTAIN,completed
2703,INDIAN,4325,1065021406,FTR,completed
2704,INDIAN,4325,581708215,INDIAN CHALLENGER,completed
2705,INDIAN,4325,2002928427,PURSUIT,completed
2706,INDIAN,4325,76487407,ROADMASTER,completed
2707,INDIAN,4325,1265402874,SCOUT,completed
2708,INDIAN,4325,501097385,SPRINGFIELD,completed
2709,INDIAN,4325,1145036881,VINTAGE,completed
2710,INDIGO,1507,1166035701,3000,completed
2711,INEOS,6576,1377133583,GRENADIER,completed
2712,INFINITI,1526,-490806550,EX,completed
2713,INFINITI,1526,-1665950331,FX,completed
2714,INFINITI,1526,1264920780,G,completed
2715,INFINITI,1526,-1672364734,G20,completed
2716,INFINITI,1526,32531560,I30,completed
2717,INFINITI,1526,637004494,J30,completed
2718,INFINITI,1526,49729725,M,completed
2719,INFINITI,1526,-1209494586,M30,completed
2720,INFINITI,1526,-61670837,Q30,completed
2721,INFINITI,1526,2073989969,Q45,completed
2722,INFINITI,1526,-1723161569,Q50,completed
2723,INFINITI,1526,-53690590,Q60,completed
2724,INFINITI,1526,-487368323,Q70,completed
2725,INFINITI,1526,-177044054,QX30,completed
2726,INFINITI,1526,-1654350630,QX4,completed
2727,INFINITI,1526,-2008636416,QX50,completed
2728,INFINITI,1526,2139051478,QX70,completed
2729,INNOCENTI,52,-1910823735,ELBA,completed
2730,INNOCENTI,52,796420543,KORAL,completed
2731,INNOCENTI,52,890319226,MINI,completed
2732,INNOCENTI,52,1056630531,REGENT,completed
2733,IRMSCHER,1508,2014380161,COUPE,completed
2734,IRMSCHER,1508,1209105453,GT,completed
2735,IRMSCHER,1508,2053263353,OMEGA,completed
2736,IRMSCHER,1508,-1289852098,SENATOR,completed
2737,ISDERA,1509,-1810219355,COMMENDATORE,completed
2738,ISDERA,1509,-539252467,IMPERATOR,completed
2739,ITALJET,4073,-1970570124,BAZOOKA,completed
2740,ITALJET,4073,51241419,DRAGSTER,completed
2741,ITALJET,4073,-1659642340,FORMULA,completed
2742,ITALJET,4073,-62518328,JETSET,completed
2743,ITALJET,4073,2131881882,JUPITER,completed
2744,ITALJET,4073,1421687832,MILLENIUM,completed
2745,ITALJET,4073,-1647819296,PISTA,completed
2746,ITALJET,4073,-1909528810,REPORTER,completed
2747,ITALJET,4073,332969215,SCOOP,completed
2748,ITALJET,4073,229085957,TORPEDO,completed
2749,ITALJET,4073,-1339670663,VELOCIFERO,completed
2750,IZH,4683,-392544939,ORBITA,completed
2751,JAC,2873,1450213687,e-JS4,completed
2752,JAC,2873,-1939046272,HUNTER,completed
2753,JAC,2873,1196047678,T8 PRO,completed
2754,JAC,2873,1184262634,X8 PLUS,completed
2755,JAC,2873,-253718398,YTTERBY,completed
2756,JAECOO,8059,-579127100,J7,completed
2757,JAWA,4074,-738729251,360,completed
2758,JAWA,4074,119761418,361/05,completed
2759,JAWA,4074,801485997,362,completed
2760,JAWA,4074,-908895997,559,completed
2761,JAWA,4074,1446373609,590/5,completed
2762,JAWA,4074,-1027193466,BABETTA,completed
2763,JAWA,4074,-208058546,DANDY,completed
2764,JAWA,4074,612678108,TS,completed
2765,JENSEN,1511,-949417889,GT,completed
2766,JENSEN,1511,-91466789,HEALEY,completed
2767,JENSEN,1511,1897989470,INTERCEPTOR,completed
2768,JENSEN,1511,-1378515448,S-V8,completed
2769,JINLUN,4799,1790247635,JL 125 T,completed
2770,JINLUN,4799,-1288232862,JL 50 QT,completed
2771,KAWASAKI,1131,-298481760,AE,completed
2772,KAWASAKI,1131,-593712258,AR,completed
2773,KAWASAKI,1131,-166469583,D-TRACKER,completed
2774,KAWASAKI,1131,588225225,EL,completed
2775,KAWASAKI,1131,-422266487,ELIMINATOR,completed
2776,KAWASAKI,1131,471959485,EN,completed
2777,KAWASAKI,1131,696422208,ER,completed
2778,KAWASAKI,1131,-1530705715,ESTRELLA,completed
2779,KAWASAKI,1131,-2094946672,GPX,completed
2780,KAWASAKI,1131,949263973,GPZ,completed
2781,KAWASAKI,1131,-1119575127,GTR,completed
2782,KAWASAKI,1131,1684586606,H,completed
2783,KAWASAKI,1131,340380671,J,completed
2784,KAWASAKI,1131,-1331205242,K,completed
2785,KAWASAKI,1131,169776567,KE,completed
2786,KAWASAKI,1131,2139875791,KH,completed
2787,KAWASAKI,1131,1036312736,KL,completed
2788,KAWASAKI,1131,-322122533,KLE,completed
2789,KAWASAKI,1131,53893483,KLR,completed
2790,KAWASAKI,1131,546423455,KLV,completed
2791,KAWASAKI,1131,1188571858,KLX,completed
2792,KAWASAKI,1131,-880932762,KM,completed
2793,KAWASAKI,1131,-919813519,KMX,completed
2794,KAWASAKI,1131,472996937,KX,completed
2795,KAWASAKI,1131,1112093071,NINJA ( - 750cc),completed
2796,KAWASAKI,1131,909134954,NINJA (751cc - ),completed
2797,KAWASAKI,1131,109926533,S,completed
2798,KAWASAKI,1131,-208832086,VERSYS,completed
2799,KAWASAKI,1131,-277471320,VERSYS-X,completed
2800,KAWASAKI,1131,288192147,VN,completed
2801,KAWASAKI,1131,-1831801527,VULCAN,completed
2802,KAWASAKI,1131,2008437217,W,completed
2803,KAWASAKI,1131,1727358993,Z ( - 899cc),completed
2804,KAWASAKI,1131,1262762661,Z (900cc - ),completed
2805,KAWASAKI,1131,940098886,Z LTD,completed
2806,KAWASAKI,1131,-1967472794,ZEPHYR,completed
2807,KAWASAKI,1131,1207739583,ZR-7,completed
2808,KAWASAKI,1131,1163455760,ZRX,completed
2809,KAWASAKI,1131,1080808045,ZX,completed
2810,KAWASAKI,1131,-273186524,ZXR,completed
2811,KAWASAKI,1131,1715958599,ZZ-R,completed
2812,KEEWAY,4495,1301329717,AGORA,completed
2813,KEEWAY,4495,520587047,ARN,completed
2814,KEEWAY,4495,-754044540,BLACKSTER,completed
2815,KEEWAY,4495,-405192269,CITYBLADE,completed
2816,KEEWAY,4495,693939479,F-ACT,completed
2817,KEEWAY,4495,-634411492,FLASH,completed
2818,KEEWAY,4495,-471085424,FOCUS,completed
2819,KEEWAY,4495,414259739,HURRICANE,completed
2820,KEEWAY,4495,1298236473,LOGIK,completed
2821,KEEWAY,4495,318009574,MATRIX,completed
2822,KEEWAY,4495,1607471667,OUTLOOK,completed
2823,KEEWAY,4495,861480935,RKF,completed
2824,KEEWAY,4495,-113901909,RKV,completed
2825,KEEWAY,4495,1440899565,RY6,completed
2826,KEEWAY,4495,-1521701670,RY8,completed
2827,KEEWAY,4495,-895750964,SILVERBLADE,completed
2828,KEEWAY,4495,1665449863,SPEED CRUISER,completed
2829,KEEWAY,4495,2078822869,SUPER SHADOW,completed
2830,KEEWAY,4495,725057339,SUPERLIGHT,completed
2831,KEEWAY,4495,444372459,V-CRUISE,completed
2832,KEEWAY,4495,-698301921,V302,completed
2833,KEEWAY,4495,-185212955,X-LIGHT,completed
2834,KEEWAY,4495,-243639339,ZAHARA,completed
2835,KG MOBILITY,7030,-1543471013,KORANDO,completed
2836,KG MOBILITY,7030,688851066,MUSSO,completed
2837,KG MOBILITY,7030,-1655326846,REXTON,completed
2838,KG MOBILITY,7030,1649330372,TORRES,completed
2839,KOENIGSEGG,4163,-221278229,AGERA,completed
2840,KOENIGSEGG,4163,-767252769,REGERA,completed
2841,KREIDLER,4070,628211146,DICE,completed
2842,KREIDLER,4070,1378515687,E-FLORETT,completed
2843,KREIDLER,4070,1385852685,FLORETT,completed
2844,KREIDLER,4070,-1108764736,FLORY,completed
2845,KREIDLER,4070,1676781017,GALACTICA,completed
2846,KREIDLER,4070,345057363,HIKER,completed
2847,KREIDLER,4070,1947653499,LF,completed
2848,KREIDLER,4070,1030991865,LF-F,completed
2849,KREIDLER,4070,-382515628,LH,completed
2850,KREIDLER,4070,-148247699,MF,completed
2851,KREIDLER,4070,-912355721,MUSTANG,completed
2852,KREIDLER,4070,-1577254356,RMC,completed
2853,KREIDLER,4070,-1865927480,RMC-B,completed
2854,KREIDLER,4070,982810539,RMC-BG,completed
2855,KREIDLER,4070,331583295,RMC-G,completed
2856,KREIDLER,4070,-935371503,RMC-H,completed
2857,KREIDLER,4070,-913882564,RMC-S,completed
2858,KREIDLER,4070,1926959635,RMC-S/SH,completed
2859,KREIDLER,4070,1283217880,RS-G,completed
2860,KREIDLER,4070,-7218525,RS-GS,completed
2861,KREIDLER,4070,462107710,RS-L,completed
2862,KSR MOTO,4498,241107901,CODE,completed
2863,KSR MOTO,4498,1371122318,CRACKER,completed
2864,KSR MOTO,4498,-336720112,DEMONIO,completed
2865,KSR MOTO,4498,-884536311,EPICO,completed
2866,KSR MOTO,4498,1886363678,GRS,completed
2867,KSR MOTO,4498,-495409727,ONYX,completed
2868,KSR MOTO,4498,-1435483264,QUIP,completed
2869,KSR MOTO,4498,-1882252991,SIRION,completed
2870,KSR MOTO,4498,873636126,SOHO,completed
2871,KSR MOTO,4498,766442934,TOXIC,completed
2872,KSR MOTO,4498,1672545350,TR,completed
2873,KSR MOTO,4498,249170872,TW,completed
2874,KTM,2760,653347642,50,completed
2875,KTM,2760,-2104330841,505,completed
2876,KTM,2760,519195158,690,completed
2877,KTM,2760,-901199800,80,completed
2878,KTM,2760,-1660368142,ADVENTURE,completed
2879,KTM,2760,-632906639,ARK,completed
2880,KTM,2760,-879608859,BAJA,completed
2881,KTM,2760,-285189147,BORA,completed
2882,KTM,2760,1721744961,CHRONO,completed
2883,KTM,2760,716209694,DUKE,completed
2884,KTM,2760,557387535,ENDURO,completed
2885,KTM,2760,1536617551,EXC,completed
2886,KTM,2760,-1943479943,FOXI,completed
2887,KTM,2760,626423777,FREERIDE,completed
2888,KTM,2760,992621763,GO,completed
2889,KTM,2760,-698156407,HARD ENDURO,completed
2890,KTM,2760,-1884578937,KROSS,completed
2891,KTM,2760,-1559814103,MILITARY,completed
2892,KTM,2760,-1809764839,OKAY,completed
2893,KTM,2760,-601055100,PONY,completed
2894,KTM,2760,-141945388,RACE,completed
2895,KTM,2760,1131750434,RALLY REPLICA,completed
2896,KTM,2760,1686307665,RC,completed
2897,KTM,2760,1491452103,SC,completed
2898,KTM,2760,142315513,SM,completed
2899,KTM,2760,891924398,SMR,completed
2900,KTM,2760,-1082908142,STING,completed
2901,KTM,2760,1837170674,SUPER ADVENTURE,completed
2902,KTM,2760,-1704352924,SUPER DUKE,completed
2903,KTM,2760,-1905975451,SUPERBIKE,completed
2904,KTM,2760,1377319475,SUPERMOTO,completed
2905,KTM,2760,474395258,SX,completed
2906,KTM,2760,1495712318,SXC,completed
2907,KTM,2760,2037749282,X-Bow,completed
2908,KTM,2760,-120194849,XC,completed
2909,KUBA,4472,-1280464210,AJAX,completed
2910,KUBA,4472,1834640845,CARGO,completed
2911,KUBA,4472,560122129,CG,completed
2912,KUBA,4472,1985689155,CITA,completed
2913,KUBA,4472,1333447366,CR,completed
2914,KUBA,4472,1795394310,FIGHTER,completed
2915,KUBA,4472,1137968552,GOLF,completed
2916,KUBA,4472,736981975,HASAT,completed
2917,KUBA,4472,-1273812933,KB,completed
2918,KUBA,4472,-1644238656,KEE,completed
2919,KUBA,4472,-1470692761,KM,completed
2920,KUBA,4472,-931534091,NIRVANA,completed
2921,KUBA,4472,1531424313,PARS,completed
2922,KUBA,4472,1299034086,PLATINUM,completed
2923,KUBA,4472,160087660,RAINBOW,completed
2924,KUBA,4472,1083400971,RAVAN,completed
2925,KUBA,4472,-321717043,RAZORE,completed
2926,KUBA,4472,828117801,STRIKE,completed
2927,KUBA,4472,-1828214012,SUPERLIGHT,completed
2928,KYMCO,2621,-1332714806,AGILITY,completed
2929,KYMCO,2621,-1486426376,AK,completed
2930,KYMCO,2621,494774563,BET AND WIN,completed
2931,KYMCO,2621,-616278890,CK,completed
2932,KYMCO,2621,1266639774,COBRA,completed
2933,KYMCO,2621,-2078185022,CV,completed
2934,KYMCO,2621,2046046487,DINK,completed
2935,KYMCO,2621,1595358475,DJ,completed
2936,KYMCO,2621,-190416081,DOWNTOWN,completed
2937,KYMCO,2621,1819428140,DT,completed
2938,KYMCO,2621,-2121900697,FEVER,completed
2939,KYMCO,2621,-1437137938,FILLY,completed
2940,KYMCO,2621,-345066473,GRAND DINK,completed
2941,KYMCO,2621,1785247019,HEROISM,completed
2942,KYMCO,2621,81520305,HIPSTER,completed
2943,KYMCO,2621,1358348274,K-XCT,completed
2944,KYMCO,2621,1357304215,LIKE,completed
2945,KYMCO,2621,1879965622,MOVIE,completed
2946,KYMCO,2621,-576103082,MYROAD,completed
2947,KYMCO,2621,310724413,NEWSENTO,completed
2948,KYMCO,2621,-540434318,NEXXON,completed
2949,KYMCO,2621,-1496067523,PEOPLE,completed
2950,KYMCO,2621,1020903050,PULSAR,completed
2951,KYMCO,2621,419237836,QUANNON,completed
2952,KYMCO,2621,1104567553,SCOUT,completed
2953,KYMCO,2621,149223877,SENTO,completed
2954,KYMCO,2621,1479223558,SOONER,completed
2955,KYMCO,2621,-2122012612,SPACER,completed
2956,KYMCO,2621,-475672860,STRYKER,completed
2957,KYMCO,2621,-465636610,SUPER,completed
2958,KYMCO,2621,786330569,TOP,completed
2959,KYMCO,2621,-398018269,VENOX,completed
2960,KYMCO,2621,-1063984276,VISAR,completed
2961,KYMCO,2621,2029213687,VITALITY,completed
2962,KYMCO,2621,1928510573,VIVIO,completed
2963,KYMCO,2621,823921979,X-TOWN,completed
2964,KYMCO,2621,1931648278,XCITING,completed
2965,KYMCO,2621,149441753,YAGER,completed
2966,KYMCO,2621,1718278444,YUP,completed
2967,KYMCO,2621,-2037130362,ZING,completed
2968,LADA,63,-843117269,110,completed
2969,LADA,63,-440963094,111,completed
2970,LADA,63,1435089300,112,completed
2971,LADA,63,-1865434142,1200-1500,completed
2972,LADA,63,-874539112,1200-1600,completed
2973,LADA,63,853586000,GRANTA,completed
2974,LADA,63,1328735823,KALINA,completed
2975,LADA,63,2062049742,LARGUS,completed
2976,LADA,63,1074527422,NADESCHDA,completed
2977,LADA,63,2084969033,NIVA,completed
2978,LADA,63,702370127,NOVA,completed
2979,LADA,63,1022903596,OKA,completed
2980,LADA,63,500915780,PRIORA,completed
2981,LADA,63,-1452620630,SAMARA,completed
2982,LADA,63,989570907,TOSCANA,completed
2983,LADA,63,1292609234,VESTA,completed
2984,LADA,63,1446040571,VESTA SW,completed
2985,LADA,63,1422342868,XRAY,completed
2986,LAMBORGHINI,701,-959662828,AVENTADOR,completed
2987,LAMBORGHINI,701,1519721167,CENTENARIO,completed
2988,LAMBORGHINI,701,2146727379,COUNTACH,completed
2989,LAMBORGHINI,701,629556805,DIABLO,completed
2990,LAMBORGHINI,701,1559700132,ESPADA,completed
2991,LAMBORGHINI,701,1284475234,GALLARDO,completed
2992,LAMBORGHINI,701,-892294659,GALLARDO SPYDER,completed
2993,LAMBORGHINI,701,459801911,HURACÁN,completed
2994,LAMBORGHINI,701,-602527531,HURACÁN SPYDER,completed
2995,LAMBORGHINI,701,-166714509,JALPA,completed
2996,LAMBORGHINI,701,444306051,JARAMA,completed
2997,LAMBORGHINI,701,-1760226857,LM-001,completed
2998,LAMBORGHINI,701,-812816291,LM-002,completed
2999,LAMBORGHINI,701,1796852867,MIURA,completed
3000,LAMBORGHINI,701,-620248159,MURCIÉLAGO,completed
3001,LAMBORGHINI,701,-2102975673,REVENTON,completed
3002,LAMBORGHINI,701,155703445,REVUELTO,completed
3003,LAMBORGHINI,701,765347504,TEMERARIO,completed
3004,LAMBORGHINI,701,-265607189,URRACO,completed
3005,LAMBORGHINI,701,-1877050055,URUS,completed
3006,LAMBORGHINI,701,1822431038,VENENO,completed
3007,LAMBRETTA,5130,824384963,V,completed
3008,LANCIA,64,-1722318893,A 112,completed
3009,LANCIA,64,-1985339423,AURELIA,completed
3010,LANCIA,64,-907124510,BETA,completed
3011,LANCIA,64,-1151016144,BETA H.P.E.,completed
3012,LANCIA,64,383059748,DEDRA,completed
3013,LANCIA,64,1418783639,DELTA,completed
3014,LANCIA,64,-642284420,FLAMINIA,completed
3015,LANCIA,64,253645590,FLAMINIA GT,completed
3016,LANCIA,64,856414348,FLAVIA,completed
3017,LANCIA,64,-2126615350,FULVIA,completed
3018,LANCIA,64,303948131,GAMMA,completed
3019,LANCIA,64,-173167241,LYBRA,completed
3020,LANCIA,64,-1222296869,MUSA,completed
3021,LANCIA,64,-1308729161,PHEDRA,completed
3022,LANCIA,64,-495297876,PRISMA,completed
3023,LANCIA,64,46610254,SCORPION,completed
3024,LANCIA,64,1241829726,THEMA,completed
3025,LANCIA,64,-237329078,THESIS,completed
3026,LANCIA,64,454748,TREVI,completed
3027,LANCIA,64,1233221457,VOYAGER,completed
3028,LANCIA,64,-416633010,Y10,completed
3029,LANCIA,64,-1217567257,YPSILON,completed
3030,LANDWIND (JMC),2589,-1903972789,CV9,completed
3031,LAVERDA MOTORCYCLES,4075,104387696,1000,completed
3032,LAVERDA MOTORCYCLES,4075,1465262113,1200,completed
3033,LAVERDA MOTORCYCLES,4075,-112440891,500,completed
3034,LAVERDA MOTORCYCLES,4075,1152690430,650,completed
3035,LAVERDA MOTORCYCLES,4075,1556351596,668,completed
3036,LAVERDA MOTORCYCLES,4075,1797482563,750,completed
3037,LAVERDA MOTORCYCLES,4075,562108756,GHOST,completed
3038,LAVERDA MOTORCYCLES,4075,30930412,OR,completed
3039,LDV,1380,-1919394578,200,completed
3040,LDV,1380,-1775255867,400,completed
3041,LDV,1380,-1623341984,CONVOY,completed
3042,LDV,1380,-1658335839,CUB,completed
3043,LDV,1380,868783910,MAXUS,completed
3044,LDV,1380,-74964758,PILOT,completed
3045,LDV,1380,1874604089,V80,completed
3046,LEAPMOTOR,5201,783982157,C10,completed
3047,LEAPMOTOR,5201,-1857202168,T03,completed
3048,LEVC,5194,-309620492,TX,completed
3049,LEVC,5194,922047928,VN5,completed
3050,LEXMOTO,5068,-1868706094,SB,completed
3051,LEXMOTO,5068,282859412,ZN,completed
3052,LIFAN,3086,-1385450397,LF 250,completed
3053,LIFAN,3086,1061174790,LF QT-15,completed
3054,LIFAN,3086,-1104105596,LF QT-2,completed
3055,LIFAN,3086,-175512128,LF QT-26,completed
3056,LIFAN,3086,1478202576,LF QT-8,completed
3057,LIFAN,3086,153318971,LF QT-9,completed
3058,LIFAN,3086,1734581779,LF T-2D,completed
3059,LIFAN,3086,-1514049354,LF T-2J,completed
3060,LIFAN,3086,656142166,LF T-6,completed
3061,LIFAN,3086,-1612270043,LF T-6(II),completed
3062,LIFAN,3086,-275055659,LF T-6(IV),completed
3063,LIFAN,3086,-681563215,LF T-7,completed
3064,LIFAN,3086,1427010114,LF T-8(IV),completed
3065,LIFAN,3086,-1337760876,LF T-9,completed
3066,LIFAN,3086,-1608307062,MYWAY,completed
3067,LIFAN,3086,-1893628970,X70,completed
3068,LIGIER,1513,2145529076,AMBRA,completed
3069,LIGIER,1513,2093364887,BE UP,completed
3070,LIGIER,1513,141742518,DUE,completed
3071,LIGIER,1513,-321355312,JS RC,completed
3072,LIGIER,1513,1875845090,JS50,completed
3073,LIGIER,1513,968757723,NOVA,completed
3074,LIGIER,1513,1673076798,PULSE 3,completed
3075,LIGIER,1513,-1598181805,PULSE 4,completed
3076,LINCOLN,1200,537247710,CONTINENTAL,completed
3077,LINCOLN,1200,1244148880,LS,completed
3078,LINCOLN,1200,-1539414635,NAVIGATOR,completed
3079,LINCOLN,1200,-828751198,TOWN CAR,completed
3080,LINGBEN,5069,390649260,QT,completed
3081,LIVEWIRE,6869,356164909,ONE,completed
3082,LIVEWIRE,6869,653010196,S2,completed
3083,LML,4231,16566943,STAR,completed
3084,LOTUS,802,-14624783,2 ELEVEN,completed
3085,LOTUS,802,-459537026,3 ELEVEN,completed
3086,LOTUS,802,-1615859475,ECLAT,completed
3087,LOTUS,802,239522866,ELAN,completed
3088,LOTUS,802,1018480771,ELETRE,completed
3089,LOTUS,802,1735107002,ELISE,completed
3090,LOTUS,802,1264455077,ELISE 340 R,completed
3091,LOTUS,802,78450027,ELITE,completed
3092,LOTUS,802,279053440,EMEYA,completed
3093,LOTUS,802,-359209048,EMIRA,completed
3094,LOTUS,802,2042650950,ESPRIT,completed
3095,LOTUS,802,-2086671208,EUROPA,completed
3096,LOTUS,802,-1384675886,EUROPA S,completed
3097,LOTUS,802,-1612602724,EVORA,completed
3098,LOTUS,802,2050207875,EXCEL,completed
3099,LOTUS,802,-1840820117,EXIGE,completed
3100,LTI,3047,-1961604996,TX,completed
3101,LUCID,6519,612082274,AIR,completed
3102,LUXXON,4494,1628850191,66,completed
3103,LUXXON,4494,-747305811,ALEX,completed
3104,LUXXON,4494,-1305255274,CLASSICI,completed
3105,LUXXON,4494,617736645,CONFESSIO,completed
3106,LUXXON,4494,-1769207742,CORONA,completed
3107,LUXXON,4494,-2038519207,CRUISER,completed
3108,LUXXON,4494,-1106128710,E,completed
3109,LUXXON,4494,-1555675403,ECO,completed
3110,LUXXON,4494,765500457,ELVIS,completed
3111,LUXXON,4494,-760295210,EMILY,completed
3112,LUXXON,4494,844614114,EXCEPTIO,completed
3113,LUXXON,4494,906460204,F,completed
3114,LUXXON,4494,-1377023791,JACKFIRE,completed
3115,LUXXON,4494,-1497991118,MAXXITY,completed
3116,LUXXON,4494,-2039649076,PRIME,completed
3117,LUXXON,4494,2113743905,SILVERGLIDE,completed
3118,LUXXON,4494,321111111,SILVERMAX,completed
3119,LUXXON,4494,2108422214,STARFIGHTER,completed
3120,LUXXON,4494,1893278793,SUPERMOTO,completed
3121,LUXXON,4494,-915269538,TREVIS,completed
3122,LUXXON,4494,-812363689,TWINRIDER,completed
3123,LUXXON,4494,1054933094,UNO,completed
3124,LUXXON,4494,1518249278,X,completed
3125,LUXXON,4494,956777518,XXLINE,completed
3126,LYNK & CO,4612,900534106,01,completed
3127,LYNK & CO,4612,1784388308,08,completed
3128,M-HERO,7029,528591282,M 917,completed
3129,MAHINDRA,1280,1257701418,ARMADA,completed
3130,MAHINDRA,1280,1052493199,CJ 3,completed
3131,MAHINDRA,1280,-595415224,E2O / E20 PLUS,completed
3132,MAICO,4076,-1792455824,MD,completed
3133,MALAGUTI,4060,-2104356858,BLOG,completed
3134,MALAGUTI,4060,76778430,CENTRO,completed
3135,MALAGUTI,4060,1717702690,CIAK,completed
3136,MALAGUTI,4060,510928055,CROSSER,completed
3137,MALAGUTI,4060,196597115,DRAKON,completed
3138,MALAGUTI,4060,874233079,DUNE,completed
3139,MALAGUTI,4060,-751656477,F,completed
3140,MALAGUTI,4060,851809183,MADISON,completed
3141,MALAGUTI,4060,1663536564,MISSION,completed
3142,MALAGUTI,4060,-1231785466,MONTE,completed
3143,MALAGUTI,4060,788225363,PASSWORD,completed
3144,MALAGUTI,4060,700824435,PHANTOM,completed
3145,MALAGUTI,4060,2101963505,RST,completed
3146,MALAGUTI,4060,1531427445,SPECTRE,completed
3147,MALAGUTI,4060,147226994,SPIDERMAX,completed
3148,MALAGUTI,4060,196082584,XSM,completed
3149,MALAGUTI,4060,-707341665,YESTERDAY,completed
3150,MAN,69,-1963483562,TGE,completed
3151,MARCOS,1516,-361901394,1600,completed
3152,MARCOS,1516,362852419,2-3 Litre,completed
3153,MARCOS,1516,1853313852,LM,completed
3154,MARCOS,1516,1827297032,MANTA RAY,completed
3155,MARCOS,1516,1536168640,MANTIS,completed
3156,MARCOS,1516,1916702646,MARCASITE,completed
3157,MARCOS,1516,-393344463,TS 250,completed
3158,MARCOS,1516,-1334476083,TS 500,completed
3159,MARCOS,1516,-1534349783,TSO Convertible,completed
3160,MARCOS,1516,-457132204,TSO GT2,completed
3161,MASERATI,771,-1858663609,228,completed
3162,MASERATI,771,247094269,3200 GT,completed
3163,MASERATI,771,1292116084,4200 GT / COUPE,completed
3164,MASERATI,771,1995123073,4200 GT SPYDER,completed
3165,MASERATI,771,-1312750584,BITURBO,completed
3166,MASERATI,771,672932315,BORA,completed
3167,MASERATI,771,-448197801,GHIBLI,completed
3168,MASERATI,771,610563864,GRAN TURISMO,completed
3169,MASERATI,771,1022499911,GRANCABRIO,completed
3170,MASERATI,771,938164007,GRANSPORT,completed
3171,MASERATI,771,1012669710,GRECALE,completed
3172,MASERATI,771,-1842601205,INDY,completed
3173,MASERATI,771,-22935625,KARIF,completed
3174,MASERATI,771,-2020682562,KHAMSIN,completed
3175,MASERATI,771,2100957127,KYALAMI,completed
3176,MASERATI,771,764984456,LEVANTE,completed
3177,MASERATI,771,-292300168,MC 12,completed
3178,MASERATI,771,784377062,MC 20,completed
3179,MASERATI,771,1452315398,MERAK,completed
3180,MASERATI,771,-1647248101,MEXICO,completed
3181,MASERATI,771,66607552,MISTRAL,completed
3182,MASERATI,771,-1559286781,QUATTROPORTE,completed
3183,MASERATI,771,840136836,SHAMAL,completed
3184,MASH,4492,276570430,ADVENTURE,completed
3185,MASH,4492,898035893,BELENA,completed
3186,MASH,4492,-1782108172,BLACK SEVEN,completed
3187,MASH,4492,605594925,CAFERACER,completed
3188,MASH,4492,-352538647,DIRT TRACK,completed
3189,MASH,4492,-1531962936,FALCONE,completed
3190,MASH,4492,-1286390782,FAMILY SIDE,completed
3191,MASH,4492,738230462,FIVE HUNDRED,completed
3192,MASH,4492,293963620,FORCE,completed
3193,MASH,4492,1530277318,SCRAMBLER,completed
3194,MASH,4492,645205672,SEVENTY,completed
3195,MASH,4492,-1852805078,SEVENTY FIVE,completed
3196,MASH,4492,-1156778717,SIDE FORCE,completed
3197,MASH,4492,208861721,SIX HUNDRED,completed
3198,MASH,4492,-1221745432,TWO FIFTY,completed
3199,MASH,4492,624821115,VON DUTCH,completed
3200,MASH,4492,2136891947,X-RIDE,completed
3201,MAXUS,3300,-1057174143,DELIVER 9,completed
3202,MAXUS,3300,-2076662463,eDELIVER 3,completed
3203,MAXUS,3300,-1069677523,eDELIVER 5,completed
3204,MAXUS,3300,-2076585447,eDELIVER 7,completed
3205,MAXUS,3300,-1874256304,eDELIVER 9,completed
3206,MAXUS,3300,-1343395,MIFA 7,completed
3207,MAXUS,3300,-2063504771,MIFA 9,completed
3208,MAXUS,3300,943919843,T90,completed
3209,MAXUS,3300,1393629567,V80,completed
3210,MAYBACH,2164,596938532,57,completed
3211,MAYBACH,2164,860964176,62,completed
3212,MBK,4061,-575054003,BOOSTER,completed
3213,MBK,4061,1760337370,CLUB,completed
3214,MBK,4061,-54834769,DOODO,completed
3215,MBK,4061,-1453519878,EVOLIS,completed
3216,MBK,4061,-1836970374,FIZZ,completed
3217,MBK,4061,-1934983641,FLAME,completed
3218,MBK,4061,-688394697,FLIPPER,completed
3219,MBK,4061,-679938219,FORTE,completed
3220,MBK,4061,752785475,KILIBRE,completed
3221,MBK,4061,1915204001,MACHG,completed
3222,MBK,4061,1290028102,MOBYLETTE,completed
3223,MBK,4061,-1913613115,NITRO,completed
3224,MBK,4061,-1464037016,OCEO,completed
3225,MBK,4061,-882130293,OVETTO,completed
3226,MBK,4061,-1644380029,SKYCRUISER,completed
3227,MBK,4061,2139725235,SKYLINER,completed
3228,MBK,4061,-634643695,STUNT,completed
3229,MBK,4061,-599759942,THUNDER,completed
3230,MCLAREN,1518,-1004082251,540C,completed
3231,MCLAREN,1518,-2124915369,570GT,completed
3232,MCLAREN,1518,207791506,570S,completed
3233,MCLAREN,1518,-17598573,600LT,completed
3234,MCLAREN,1518,207249726,650S,completed
3235,MCLAREN,1518,-221562101,675LT,completed
3236,MCLAREN,1518,1849781440,720S,completed
3237,MCLAREN,1518,-1578803191,750S,completed
3238,MCLAREN,1518,-2063349522,765LT,completed
3239,MCLAREN,1518,-254072875,ARTURA,completed
3240,MCLAREN,1518,343315088,ARTURA Spider,completed
3241,MCLAREN,1518,242179377,F1,completed
3242,MCLAREN,1518,1867817917,GT,completed
3243,MCLAREN,1518,2065079709,GTS,completed
3244,MCLAREN,1518,-1117252023,LM,completed
3245,MCLAREN,1518,250114637,MP4,completed
3246,MCLAREN,1518,2097331183,P1,completed
3247,MCLAREN,1518,710080773,SENNA,completed
3248,MCLAREN,1518,1649524801,SPEEDTAIL,completed
3249,MEGA,845,1984285043,CLUB,completed
3250,MEGA,845,2091134934,CLUB II,completed
3251,MEGA,845,1772882095,D-TRUCK,completed
3252,MEGA,845,-429457119,e-Worker,completed
3253,MEGA,845,-656203105,MONTE CARLO,completed
3254,MEGA,845,-633367796,TRACK,completed
3255,MEGELLI,4618,-975899746,MOTARD,completed
3256,MEGELLI,4618,380685503,NAKED,completed
3257,MEGELLI,4618,-1210749070,SPORT,completed
3258,METROCAB,1520,1268633504,TAXI,completed
3259,MIA ELECTRIC,3961,-741050622,MIA,completed
3260,MICRO,6545,-466910194,MICROLINO,completed
3261,MICROCAR,4219,1077560218,DUE,completed
3262,MICROCAR,4219,-1880011653,FLEX,completed
3263,MICROCAR,4219,-1474033829,M.GO,completed
3264,MICROCAR,4219,-944962056,MC 1,completed
3265,MICROCAR,4219,1766093153,MC 2,completed
3266,MIDDLEBRIDGE,1521,706569890,SCIMITAR GTE,completed
3267,MINELLI,1522,47961004,TF,completed
3268,MITSUOKA,2904,779485349,HIMIKO,completed
3269,MITSUOKA,2904,-1349042669,OROCHI,completed
3270,MORGAN,803,1479211818,3-WHEELER,completed
3271,MORGAN,803,-1765841077,AERO,completed
3272,MORGAN,803,-1100137580,AERO 8,completed
3273,MORGAN,803,-2044422423,AERO SUPERSPORTS,completed
3274,MORGAN,803,741738839,AEROMAX,completed
3275,MORGAN,803,521082526,EVA,completed
3276,MORGAN,803,-2044623778,FOUR FOUR,completed
3277,MORGAN,803,1008645228,PLUS EIGHT,completed
3278,MORGAN,803,-144155423,PLUS FOUR,completed
3279,MORGAN,803,994012030,PLUS SIX,completed
3280,MORGAN,803,1921379315,ROADSTER,completed
3281,MORRIS,78,-1701399064,ITAL,completed
3282,MORRIS,78,233689396,MARINA,completed
3283,MORRIS,78,-1678881427,MINI,completed
3284,MOSKVICH,813,-815270596,2140,completed
3285,MOSKVICH,813,2085031498,2141,completed
3286,MOSKVICH,813,-330581028,403,completed
3287,MOSKVICH,813,-1660786150,407,completed
3288,MOSKVICH,813,33099600,412,completed
3289,MOSKVICH,813,719912426,423,completed
3290,MOSKVICH,813,-1985374998,427,completed
3291,MOSKVICH,813,-156122191,ASLK 2137,completed
3292,MOSKVICH,813,15155969,ASLK 2140,completed
3293,MOTO GUZZI,4062,1498929393,1000,completed
3294,MOTO GUZZI,4062,-2041321365,1200,completed
3295,MOTO GUZZI,4062,29960130,125 TURISMO,completed
3296,MOTO GUZZI,4062,-1860666975,250 TS,completed
3297,MOTO GUZZI,4062,1706072911,850 T,completed
3298,MOTO GUZZI,4062,-2139458215,AUDACE,completed
3299,MOTO GUZZI,4062,2063174273,BELLAGIO,completed
3300,MOTO GUZZI,4062,-1654133003,BREVA,completed
3301,MOTO GUZZI,4062,-1998203237,CALIFORNIA,completed
3302,MOTO GUZZI,4062,1395220278,DAYTONA,completed
3303,MOTO GUZZI,4062,-1562482238,ELDORADO,completed
3304,MOTO GUZZI,4062,1106908158,GRISO,completed
3305,MOTO GUZZI,4062,1303913535,GTS,completed
3306,MOTO GUZZI,4062,1365249122,LE MANS,completed
3307,MOTO GUZZI,4062,80455016,MGS-01,completed
3308,MOTO GUZZI,4062,86958786,MGX,completed
3309,MOTO GUZZI,4062,1240178630,NEVADA,completed
3310,MOTO GUZZI,4062,1778314557,NORGE,completed
3311,MOTO GUZZI,4062,-1292949159,QUOTA,completed
3312,MOTO GUZZI,4062,1141584191,SPORT,completed
3313,MOTO GUZZI,4062,-1005728264,STELVIO,completed
3314,MOTO GUZZI,4062,764552361,V 10,completed
3315,MOTO GUZZI,4062,1068959752,V 100,completed
3316,MOTO GUZZI,4062,1151268205,V 11,completed
3317,MOTO GUZZI,4062,-545855405,V 35,completed
3318,MOTO GUZZI,4062,423115737,V 50,completed
3319,MOTO GUZZI,4062,961771493,V 65,completed
3320,MOTO GUZZI,4062,954191022,V 7,completed
3321,MOTO GUZZI,4062,1733010271,V 75,completed
3322,MOTO GUZZI,4062,-191320953,V 85,completed
3323,MOTO GUZZI,4062,1175330015,V 9,completed
3324,MOTO-MORINI,4077,1676022288,11 1/2,completed
3325,MOTO-MORINI,4077,1596924532,125,completed
3326,MOTO-MORINI,4077,-542778066,250,completed
3327,MOTO-MORINI,4077,510350669,3,completed
3328,MOTO-MORINI,4077,2087993016,350,completed
3329,MOTO-MORINI,4077,2062008799,400,completed
3330,MOTO-MORINI,4077,-361236744,500,completed
3331,MOTO-MORINI,4077,-1497959847,501,completed
3332,MOTO-MORINI,4077,-40180366,6 1/2,completed
3333,MOTO-MORINI,4077,2123605546,9 1/2,completed
3334,MOTO-MORINI,4077,353379214,CALIBRO,completed
3335,MOTO-MORINI,4077,876903051,CAMEL,completed
3336,MOTO-MORINI,4077,-1185436598,COGUARO,completed
3337,MOTO-MORINI,4077,-1905859769,CORSARO,completed
3338,MOTO-MORINI,4077,1506599689,DART,completed
3339,MOTO-MORINI,4077,905055018,EXCALIBUR,completed
3340,MOTO-MORINI,4077,-355486747,GRANPASSO,completed
3341,MOTO-MORINI,4077,-1705633736,MILANO,completed
3342,MOTO-MORINI,4077,938455588,NEW,completed
3343,MOTO-MORINI,4077,-1531739823,SCRAMBLER,completed
3344,MOTO-MORINI,4077,862715811,SPORT,completed
3345,MOTO-MORINI,4077,-282699413,X-CAPE,completed
3346,MOTOBI,4328,228583381,BC,completed
3347,MOTOBI,4328,2078422818,BS,completed
3348,MOTOBI,4328,1075651293,DL,completed
3349,MOTOBI,4328,1245666619,MISANO,completed
3350,MOTOBI,4328,916999529,MODENA,completed
3351,MOTOBI,4328,998400672,RIMINI,completed
3352,MOTOWELL,4493,-211166620,CROGEN,completed
3353,MOTOWELL,4493,802424932,ELENOR,completed
3354,MOTOWELL,4493,-622311772,GAMINI,completed
3355,MOTOWELL,4493,388369376,GRAND MEXON,completed
3356,MOTOWELL,4493,358890939,MAGNET,completed
3357,MOTOWELL,4493,-785241553,RETROSA,completed
3358,MOTOWELL,4493,1467501403,TOP-R,completed
3359,MOTOWELL,4493,504455554,YOYO,completed
3360,MOTRON,6567,1087185218,BREEZY,completed
3361,MOTRON,6567,-435751297,CUBERTINO,completed
3362,MOTRON,6567,2021340887,IDEO,completed
3363,MOTRON,6567,-851977147,NOMAD,completed
3364,MOTRON,6567,345279608,REVOLVER 125,completed
3365,MOTRON,6567,-1756279486,VENTURA,completed
3366,MOTRON,6567,1911166493,VIZION,completed
3367,MOTRON,6567,-2061209831,VOLTZ,completed
3368,MOTRON,6567,-988197611,WHIZZ,completed
3369,MOTRON,6567,-702996179,X-NORD,completed
3370,MPM MOTORS,5204,-1833733377,ERELIS,completed
3371,MV AGUSTA,2761,-1082998815,BRUTALE,completed
3372,MV AGUSTA,2761,1733830726,DRAGSTER,completed
3373,MV AGUSTA,2761,-281858626,F3,completed
3374,MV AGUSTA,2761,-2031310899,F4,completed
3375,MV AGUSTA,2761,1553902275,GT,completed
3376,MV AGUSTA,2761,-1949372177,LXP,completed
3377,MV AGUSTA,2761,1055345590,RIVALE,completed
3378,MV AGUSTA,2761,565976257,RUSH,completed
3379,MV AGUSTA,2761,1842370938,STRADALE,completed
3380,MV AGUSTA,2761,-1845760363,SUPERVELOCE,completed
3381,MV AGUSTA,2761,1234834093,TURISMO VELOCE,completed
3382,MZ,4063,329671617,1000,completed
3383,MZ,4063,-1461476239,660,completed
3384,MZ,4063,-2140594265,BAGHIRA,completed
3385,MZ,4063,-181532362,ETS,completed
3386,MZ,4063,1231910999,ETZ,completed
3387,MZ,4063,-87047626,MASTIFF,completed
3388,MZ,4063,135266548,MOSKITO,completed
3389,MZ,4063,-1791110351,RT,completed
3390,MZ,4063,462519387,SAXON,completed
3391,MZ,4063,-815643916,SKORPION,completed
3392,MZ,4063,-1344518776,TS,completed
3393,NIO,4780,-1470555921,EC6,completed
3394,NIO,4780,-335656761,EL6,completed
3395,NIO,4780,-1854488750,EL8,completed
3396,NIO,4780,1322774797,ES6,completed
3397,NIO,4780,-1411720422,ES7,completed
3398,NIO,4780,2079992930,ES8,completed
3399,NIO,4780,-1318552476,ET5,completed
3400,NIO,4780,-393457542,ET7,completed
3401,NIPPONIA,4334,2136629070,ALTIVA,completed
3402,NIPPONIA,4334,1741198878,AX,completed
3403,NIPPONIA,4334,427059128,BWS,completed
3404,NIPPONIA,4334,1104930336,CG,completed
3405,NIPPONIA,4334,60191091,DION,completed
3406,NIPPONIA,4334,404838924,EZIO,completed
3407,NIPPONIA,4334,-789276564,LEADNV,completed
3408,NIPPONIA,4334,1570727539,LINCE,completed
3409,NIPPONIA,4334,1534962284,MIRO,completed
3410,NIPPONIA,4334,-440653688,SUPER RAYO,completed
3411,NIPPONIA,4334,-194169836,YUNA,completed
3412,NISSAN (DFAC),3141,-1741504062,TIIDA,completed
3413,NIU,4613,1047740289,MQI,completed
3414,NIU,4613,643043284,N1S,completed
3415,NIU,4613,1523877994,NQI,completed
3416,NIU,4613,1067537234,RQI,completed
3417,NOBLE,3625,1946285570,M12,completed
3418,NOBLE,3625,-350003801,M15,completed
3419,NOBLE,3625,-534251884,M400,completed
3420,NOBLE,3625,-224939258,M600,completed
3421,NORTON,4723,-1510827741,COMMANDO,completed
3422,NORTON,4723,1634230875,DOMINATOR,completed
3423,NSU,81,-1381010298,1000,completed
3424,NSU,81,-695882520,1200,completed
3425,NSU,81,1384375388,PRINZ,completed
3426,NSU,81,2141884301,RO 80,completed
3427,NSU,81,-2054660504,SPIDER,completed
3428,NSU,81,1555341983,TT,completed
3429,NSU,81,-1269828060,TTS,completed
3430,OHM,7289,-1369360002,35,completed
3431,OLDSMOBILE,1141,-1624129068,CUTLASS SUPREME,completed
3432,OLTCIT,1527,-2107795498,11,completed
3433,OMODA,7642,967501362,E5,completed
3434,ONLINE,6350,2078031280,BESTIA,completed
3435,ONLINE,6350,806910312,MEMORY,completed
3436,ONLINE,6350,811674404,RT,completed
3437,ONLINE,6350,-509279367,TREVIS,completed
3438,ONLINE,6350,382414134,VT,completed
3439,OPEL,84,1126014242,ADAM,completed
3440,OPEL,84,632210794,AGILA,completed
3441,OPEL,84,-1232225624,AMPERA,completed
3442,OPEL,84,1719596605,ANTARA,completed
3443,OPEL,84,1717485602,ARENA,completed
3444,OPEL,84,833405950,ASCONA,completed
3445,OPEL,84,-1366644461,ASTRA,completed
3446,OPEL,84,1716994540,ASTRA A+,completed
3447,OPEL,84,-1769613837,ASTRA F CLASSIC,completed
3448,OPEL,84,-919445196,ASTRA G CLASSIC,completed
3449,OPEL,84,650557752,ASTRA H CLASSIC,completed
3450,OPEL,84,-649211226,ASTRA J,completed
3451,OPEL,84,-1649847143,CALIBRA,completed
3452,OPEL,84,2068109071,CAMPO,completed
3453,OPEL,84,1977850912,CASCADA,completed
3454,OPEL,84,131312818,COMBO,completed
3455,OPEL,84,-725396133,COMMODORE,completed
3456,OPEL,84,2010092732,CORSA,completed
3457,OPEL,84,-1686265291,CORSA UTILITY,completed
3458,OPEL,84,721818029,CROSSLAND X / CROSSLAND,completed
3459,OPEL,84,-139913815,FRONTERA,completed
3460,OPEL,84,363108240,GRANDLAND / GRANDLAND X,completed
3461,OPEL,84,-223985810,GT,completed
3462,OPEL,84,930106053,INSIGNIA,completed
3463,OPEL,84,2136764836,KADETT,completed
3464,OPEL,84,-2946681,KAPITÄN,completed
3465,OPEL,84,1276259346,KARL,completed
3466,OPEL,84,1919391613,MANTA,completed
3467,OPEL,84,943376815,MERIVA,completed
3468,OPEL,84,-1729753822,MOKKA,completed
3469,OPEL,84,1808445163,MOKKA / MOKKA X,completed
3470,OPEL,84,28624870,MOKKA X,completed
3471,OPEL,84,-274845662,MONTEREY,completed
3472,OPEL,84,1571529747,MONZA,completed
3473,OPEL,84,-1766113175,MOVANO,completed
3474,OPEL,84,-1824232582,OLYMPIA REKORD,completed
3475,OPEL,84,681601787,OMEGA,completed
3476,OPEL,84,343586025,REKORD,completed
3477,OPEL,84,-615504212,ROCKS-E,completed
3478,OPEL,84,-1814262661,SENATOR,completed
3479,OPEL,84,29283326,SIGNUM,completed
3480,OPEL,84,-1681245773,SINTRA,completed
3481,OPEL,84,2047399913,SPEEDSTER,completed
3482,OPEL,84,-353699950,TIGRA,completed
3483,OPEL,84,-896340829,VECTRA,completed
3484,OPEL,84,1112246136,VIVARO,completed
3485,OPEL,84,-1935458268,ZAFIRA,completed
3486,OPEL,84,1193403042,ZAFIRA / ZAFIRA FAMILY,completed
3487,OPEL,84,465069699,ZAFIRA LIFE,completed
3488,OPEL,84,1719259234,ZAFIRA TOURER,completed
3489,ORA,5123,1704208203,07,completed
3490,ORA,5123,-443677390,ES11,completed
3491,OSCA,1529,-1435431584,2500 GT,completed
3492,PAGANI,4164,240513109,HUAYRA,completed
3493,PAGANI,4164,-239376990,ZONDA,completed
3494,PANOZ,1530,-979646854,ROADSTER,completed
3495,PANTHER,1531,280386435,KALLISTA,completed
3496,PANTHER,1531,-2044423692,LIMA,completed
3497,PANTHER,1531,-433312406,SOLO,completed
3498,PERODUA,1533,2064959505,ALZA,completed
3499,PERODUA,1533,627350972,KANCIL,completed
3500,PERODUA,1533,1221226008,KELISA,completed
3501,PERODUA,1533,-139203683,KENARI,completed
3502,PERODUA,1533,-284216689,MYVI,completed
3503,PERODUA,1533,-2087092618,VIVA,completed
3504,PGO MOTORCYCLES,4078,1407496226,BIG MAX,completed
3505,PGO MOTORCYCLES,4078,342853259,BON,completed
3506,PGO MOTORCYCLES,4078,-1443389126,COMET,completed
3507,PGO MOTORCYCLES,4078,-545796150,G-MAX,completed
3508,PGO MOTORCYCLES,4078,1628576144,GALAXY,completed
3509,PGO MOTORCYCLES,4078,1336087155,HOT,completed
3510,PGO MOTORCYCLES,4078,-1946024107,J-BUBU,completed
3511,PGO MOTORCYCLES,4078,1720022833,LIBRA,completed
3512,PGO MOTORCYCLES,4078,-2109448637,LIGERO,completed
3513,PGO MOTORCYCLES,4078,-1124115983,PM-S,completed
3514,PGO MOTORCYCLES,4078,864600365,PM-X,completed
3515,PGO MOTORCYCLES,4078,1625046142,RODOSHOW,completed
3516,PGO MOTORCYCLES,4078,-1408682738,STAR,completed
3517,PGO MOTORCYCLES,4078,-13813247,T-REX,completed
3518,PGO MOTORCYCLES,4078,352806364,TIGRA,completed
3519,PGO MOTORCYCLES,4078,945390585,TORNADO,completed
3520,PGO MOTORCYCLES,4078,15700602,X-HOT,completed
3521,PIAGGIO,181,-2067271,APE (MP) VESPACAR,completed
3522,PIAGGIO,181,934952097,APE 50,completed
3523,PIAGGIO,181,-2106591909,APE CALESSINO,completed
3524,PIAGGIO,181,-642132403,APE CLASSIC,completed
3525,PIAGGIO,181,-1239105550,APE TM,completed
3526,PIAGGIO,181,1529534806,BEVERLY,completed
3527,PIAGGIO,181,1036987829,BOXER,completed
3528,PIAGGIO,181,1672237543,BRAVO,completed
3529,PIAGGIO,181,399055531,CARNABY,completed
3530,PIAGGIO,181,-58091740,CIAO,completed
3531,PIAGGIO,181,372331550,DIESIS,completed
3532,PIAGGIO,181,-1210516375,FLY,completed
3533,PIAGGIO,181,320624393,FREE,completed
3534,PIAGGIO,181,-795092729,GRILLO,completed
3535,PIAGGIO,181,-1293310927,HEXAGON,completed
3536,PIAGGIO,181,1620391715,LIBERTY,completed
3537,PIAGGIO,181,-1338467189,M500,completed
3538,PIAGGIO,181,-185106841,MEDLEY,completed
3539,PIAGGIO,181,-1418870140,MP3,completed
3540,PIAGGIO,181,-698316619,MYMOOVER,completed
3541,PIAGGIO,181,701319445,NRG,completed
3542,PIAGGIO,181,-1566131861,PIAGGIO 1,completed
3543,PIAGGIO,181,-56824913,PORTER,completed
3544,PIAGGIO,181,672948387,PORTER NP6,completed
3545,PIAGGIO,181,-1692801242,QUARGO,completed
3546,PIAGGIO,181,817027953,QUARZ,completed
3547,PIAGGIO,181,1466415640,ROBINSON,completed
3548,PIAGGIO,181,-1451513143,SFERA,completed
3549,PIAGGIO,181,538209461,SI,completed
3550,PIAGGIO,181,1127935686,SKIPPER,completed
3551,PIAGGIO,181,506307728,SKR,completed
3552,PIAGGIO,181,1398435487,STORM,completed
3553,PIAGGIO,181,-1326102056,TPH,completed
3554,PIAGGIO,181,-1002107246,TYPHOON,completed
3555,PIAGGIO,181,1576199837,VELOFAX,completed
3556,PIAGGIO,181,810078838,X-EVO,completed
3557,PIAGGIO,181,-1581348943,X10,completed
3558,PIAGGIO,181,1999086941,X7,completed
3559,PIAGGIO,181,-281992807,X8,completed
3560,PIAGGIO,181,-994944485,X9,completed
3561,PIAGGIO,181,1163376201,ZIP,completed
3562,PININFARINA,3046,1375250875,SPIDEREUROPA,completed
3563,PLYMOUTH,850,1264409554,BREEZE,completed
3564,PLYMOUTH,850,503524790,NEON,completed
3565,PLYMOUTH,850,-152788575,SUNDANCE,completed
3566,PLYMOUTH,850,-130312577,VOYAGER / GRAND VOYAGER,completed
3567,POLARIS,5152,-1418893929,SLINGSHOT,completed
3568,POLESTAR,4817,-471604850,POLESTAR 1,completed
3569,POLESTAR,4817,-2044386054,POLESTAR 2,completed
3570,POLESTAR,4817,895863452,POLESTAR 3,completed
3571,POLESTAR,4817,-54962306,POLESTAR 4,completed
3572,PONTIAC,774,-57138158,BONNEVILLE,completed
3573,PONTIAC,774,-1887230329,FIREBIRD,completed
3574,PONTIAC,774,1390303128,PHOENIX,completed
3575,PONTIAC,774,-497878653,SUNBIRD,completed
3576,PONTIAC,774,639428399,TRANS SPORT,completed
3577,PORSCHE,92,-289807848,356,completed
3578,PORSCHE,92,-2083603290,718 BOXSTER,completed
3579,PORSCHE,92,226300391,718 CAYMAN,completed
3580,PORSCHE,92,-1569449310,911,completed
3581,PORSCHE,92,1383706903,912,completed
3582,PORSCHE,92,-733829556,914,completed
3583,PORSCHE,92,-1950702316,918,completed
3584,PORSCHE,92,-986860341,924,completed
3585,PORSCHE,92,-1329759635,928,completed
3586,PORSCHE,92,513025549,944,completed
3587,PORSCHE,92,1638418647,959,completed
3588,PORSCHE,92,-1968094969,968,completed
3589,PORSCHE,92,-1078983187,BOXSTER,completed
3590,PORSCHE,92,-1565904464,CARRERA GT,completed
3591,PORSCHE,92,-1973489089,CAYENNE,completed
3592,PORSCHE,92,1253145966,CAYMAN,completed
3593,PORSCHE,92,-911161401,MACAN,completed
3594,PORSCHE,92,403145982,PANAMERA,completed
3595,PORSCHE,92,-2041562016,TAYCAN,completed
3596,PREMIER,851,-1510762862,118 NE,completed
3597,PREMIER,851,-335532882,PADMINI,completed
3598,PRIKE,8129,-122881522,XDV,completed
3599,PROTON,778,-706968620,AEROBACK,completed
3600,PROTON,778,-735384515,COMPACT,completed
3601,PROTON,778,216646860,EXORA,completed
3602,PROTON,778,1900155399,GEN 2,completed
3603,PROTON,778,1503029502,IMPIAN,completed
3604,PROTON,778,-1639074710,JUMBUCK,completed
3605,PROTON,778,-307308855,PERSONA,completed
3606,PROTON,778,-1327099536,PERSONA 300,completed
3607,PROTON,778,-807155828,PERSONA 400,completed
3608,PROTON,778,-1255474336,SALOON,completed
3609,PROTON,778,1265994656,SATRIA NEO,completed
3610,PROTON,778,218230190,SAVVY,completed
3611,PROTON,778,-1120191680,SUPRIMA S,completed
3612,PROTON,778,1507985799,WIRA,completed
3613,PUCH,1580,752879266,COBRA,completed
3614,PUCH,1580,-654728658,G-MODELL,completed
3615,PUCH,1580,-608113968,IMOLA,completed
3616,PUCH,1580,-844095875,LIDO,completed
3617,PUCH,1580,1116681032,MAXI,completed
3618,PUCH,1580,-744410856,P,completed
3619,PUCH,1580,693559555,RACING,completed
3620,PUCH,1580,453455406,X,completed
3621,QINGQI,4771,440400892,OFFROAD,completed
3622,QINGQI,4771,-1341637178,QM125,completed
3623,QINGQI,4771,1209347573,QM50,completed
3624,QJMOTOR,6687,-2006997290,SRK,completed
3625,QJMOTOR,6687,1808996591,SRT,completed
3626,QJMOTOR,6687,1332496743,SRV,completed
3627,QOODER,8185,478295254,QOODER,completed
3628,QOODER,8185,1925960070,QV3,completed
3629,QUADRO,4346,1704363444,QOODER,completed
3630,QUADRO,4346,428665172,QUADRO,completed
3631,QUADRO,4346,-1718236293,QV3,completed
3632,RAM,3689,1016606963,1500,completed
3633,RAM,3689,-656882933,RAMPAGE,completed
3634,RANGER,1534,1869702608,REKORD,completed
3635,RAYTON FISSORE,1536,845516690,MAGNUM,completed
3636,REGAL RAPTOR,4377,903545113,SPT,completed
3637,RELIANT,773,-206694793,FOX,completed
3638,RELIANT,773,-2117316706,KITTEN,completed
3639,RELIANT,773,-1313103666,REBEL,completed
3640,RELIANT,773,-643887536,RIALTO,completed
3641,RELIANT,773,720961919,SCIMITAR,completed
3642,RELIANT,773,1061097042,SCIMITAR SABRE,completed
3643,RENAULT TRUCKS,694,-1931191473,B,completed
3644,RENAULT TRUCKS,694,-1810901460,MASCOTT,completed
3645,RENAULT TRUCKS,694,1180889860,MESSENGER,completed
3646,REVA,3555,-614835213,G-WIZ,completed
3647,REX,4290,-923213400,BERGAMO,completed
3648,REX,4290,1990008625,CAPRIOLO,completed
3649,REX,4290,-1530669689,CHOPPER,completed
3650,REX,4290,470810269,E-REX,completed
3651,REX,4290,1401104882,ENDURO,completed
3652,REX,4290,1835577599,ESCAPE,completed
3653,REX,4290,391721747,GENUA,completed
3654,REX,4290,1188143257,IMOLA,completed
3655,REX,4290,-1076348668,MILANO,completed
3656,REX,4290,-1697565353,MONACO,completed
3657,REX,4290,-186151582,MONZA,completed
3658,REX,4290,-2044467977,PALERMO,completed
3659,REX,4290,1373052951,REX,completed
3660,REX,4290,1996495468,REXY,completed
3661,REX,4290,-539379540,RS,completed
3662,REX,4290,1723397274,SC,completed
3663,REX,4290,-387566687,SCOOTER,completed
3664,REX,4290,161594031,SILVERSTREET,completed
3665,REX,4290,2123801142,SPEEDY125,completed
3666,REX,4290,-647587329,SUPERMOTO,completed
3667,REX,4290,-1044894686,TORINO,completed
3668,REX,4290,-440331911,TROPHY,completed
3669,RIEJU,4621,-961131707,MR,completed
3670,RILEY,1539,1729938350,4/72,completed
3671,RILEY,1539,-969253275,ELF,completed
3672,RILEY,1539,67864869,KESTREL,completed
3673,RIVERO,4404,-1303730642,GP,completed
3674,RIVERO,4404,-1553413123,MONZA,completed
3675,RIVERO,4404,1556690843,PHOENIX,completed
3676,RIVERO,4404,926487132,TOSCANA,completed
3677,RIVERO,4404,-1286910355,VENETO,completed
3678,ROLLS-ROYCE,705,1104316955,CORNICHE,completed
3679,ROLLS-ROYCE,705,1312253084,CULLINAN,completed
3680,ROLLS-ROYCE,705,-31460023,DAWN,completed
3681,ROLLS-ROYCE,705,-628003663,GHOST,completed
3682,ROLLS-ROYCE,705,-400412623,PARK WARD,completed
3683,ROLLS-ROYCE,705,2066295846,PHANTOM,completed
3684,ROLLS-ROYCE,705,1228722966,SILVER DAWN,completed
3685,ROLLS-ROYCE,705,280750257,SILVER SERAPH,completed
3686,ROLLS-ROYCE,705,726520205,SILVER SHADOW,completed
3687,ROLLS-ROYCE,705,-1340718615,SILVER SPIRIT,completed
3688,ROLLS-ROYCE,705,-1002186111,SILVER SPUR,completed
3689,ROLLS-ROYCE,705,-1941081172,SILVER WRAITH,completed
3690,ROLLS-ROYCE,705,1222773103,SPECTRE,completed
3691,ROLLS-ROYCE,705,685007330,WRAITH,completed
3692,ROYAL ENFIELD,4386,-365806796,BULLET,completed
3693,ROYAL ENFIELD,4386,-739798239,CLASSIC,completed
3694,ROYAL ENFIELD,4386,-950984684,CLASSIC CHROME,completed
3695,ROYAL ENFIELD,4386,-839119474,CONTINENTAL,completed
3696,ROYAL ENFIELD,4386,1948535421,HIMALAYAN,completed
3697,ROYAL ENFIELD,4386,-687315611,HNTR,completed
3698,ROYAL ENFIELD,4386,-561692954,INTERCEPTOR,completed
3699,ROYAL ENFIELD,4386,-1754446351,METEOR,completed
3700,ROYAL ENFIELD,4386,-2075391075,SHOTGUN,completed
3701,ROYAL ENFIELD,4386,-196351781,SUPER METEOR,completed
3702,ROYAL ENFIELD,4386,-1171026984,THUNDERBIRD,completed
3703,RUF,4152,1388490294,3800,completed
3704,RUF,4152,926051215,Rt 12,completed
3705,RUF,4152,-448706799,Rt 35,completed
3706,RUF,4152,466224103,SCR,completed
3707,SACHS,4064,-559334472,49er,completed
3708,SACHS,4064,-108247896,B,completed
3709,SACHS,4064,-1603133155,BEE,completed
3710,SACHS,4064,-114194445,EAGLE,completed
3711,SACHS,4064,1660267366,GIPSY,completed
3712,SACHS,4064,-1956119099,HUSKY,completed
3713,SACHS,4064,-1611094567,KX,completed
3714,SACHS,4064,-526319639,LIMBO,completed
3715,SACHS,4064,-1807167893,MADASS,completed
3716,SACHS,4064,952274545,MX,completed
3717,SACHS,4064,-494953807,OPTIMA,completed
3718,SACHS,4064,-40013034,PRIMA,completed
3719,SACHS,4064,-1877300693,QUATTROCENTO,completed
3720,SACHS,4064,2043039466,REGGAE,completed
3721,SACHS,4064,-934989981,ROADSTER,completed
3722,SACHS,4064,-565336865,S,completed
3723,SACHS,4064,-970147283,SAMBA,completed
3724,SACHS,4064,1890735384,SPEEDFIGHT,completed
3725,SACHS,4064,393957068,SPEEDFORCE,completed
3726,SACHS,4064,-1963087572,SPEEDJET,completed
3727,SACHS,4064,-1139563990,SPLINTER,completed
3728,SACHS,4064,-357755478,SQUAB,completed
3729,SACHS,4064,-184368699,SR,completed
3730,SACHS,4064,-1885082089,SUPERDUKE,completed
3731,SACHS,4064,1724970671,SWING,completed
3732,SACHS,4064,996494145,SX,completed
3733,SACHS,4064,-1803684218,SYM,completed
3734,SACHS,4064,-1459260799,X-ROAD,completed
3735,SACHS,4064,1645406411,XTC,completed
3736,SACHS,4064,-1105133267,XTC-N,completed
3737,SACHS,4064,-970116969,ZX,completed
3738,SACHS,4064,662747134,ZZ,completed
3739,SANBEN,5078,-471106674,SB,completed
3740,SANGLAS,4079,-1667979206,500,completed
3741,SANTANA,171,899188165,PS10/ANIBAL,completed
3742,SCOMADI,4624,-60010010,TL,completed
3743,SERES,5590,1608526378,5,completed
3744,SEVIC,6178,1562195179,V500,completed
3745,SFM,4497,762946700,BEE,completed
3746,SFM,4497,861106719,MADASS,completed
3747,SFM,4497,-742930618,SPEEDJET,completed
3748,SFM,4497,1101739162,XTC-S,completed
3749,SFM,4497,-742033555,ZX,completed
3750,SFM,4497,1586403405,ZZ,completed
3751,SHELBY,1547,1344401818,SERIES 1,completed
3752,SHERCO,5133,-1746652661,SE,completed
3753,SHERCO,5133,1039117705,SEF,completed
3754,SHINERAY,4661,1918656058,SM,completed
3755,SHINERAY,4661,1648831977,X30,completed
3756,SIMSON,4065,1254940069,HABICHT,completed
3757,SIMSON,4065,-359431270,S,completed
3758,SIMSON,4065,1767786394,SCHWALBE,completed
3759,SIMSON,4065,1502626654,SPATZ,completed
3760,SIMSON,4065,-1688789859,SPERBER,completed
3761,SIMSON,4065,1012196776,SR,completed
3762,SIMSON,4065,1627121227,STAR,completed
3763,SIPANI,1548,-92190428,D-1,completed
3764,SIPANI,1548,1576679184,MONTANA,completed
3765,SKYWELL,5890,757120927,ET5/BE11,completed
3766,SOLO,675,-1875845871,712,completed
3767,SOLO,675,944490829,713,completed
3768,SOLO,675,-1588179810,721,completed
3769,SOLO,675,-2039461098,722,completed
3770,SOLO,675,-243981096,723,completed
3771,SOLO,675,-1920668007,745,completed
3772,SOLO,675,-828643678,746,completed
3773,SOMMER MOTORCYCLES,4400,2098686705,462,completed
3774,SPECTRE,1549,-395321580,R42,completed
3775,SPECTRE,1549,947968235,R45,completed
3776,SPORTEQUIPE,6874,1534870943,SPORTEQUIPE 5,completed
3777,SPORTEQUIPE,6874,-1600184561,SPORTEQUIPE 6,completed
3778,SPORTEQUIPE,6874,413013009,SPORTEQUIPE 7,completed
3779,SPYKER,2755,244025820,C12,completed
3780,SPYKER,2755,-1838860099,C8,completed
3781,SPYKER,2755,635943544,C8 Aileron,completed
3782,SPYKER,2755,260633907,C8 Spyder,completed
3783,SSANGYONG,175,2114004142,ACTYON,completed
3784,SSANGYONG,175,-848888173,ACTYON SPORTS,completed
3785,SSANGYONG,175,216700865,KORANDO,completed
3786,SSANGYONG,175,1462415400,KYRON,completed
3787,SSANGYONG,175,-1531113071,MUSSO,completed
3788,SSANGYONG,175,1609342626,MUSSO GRAND,completed
3789,SSANGYONG,175,-1785785820,MUSSO SPORTS,completed
3790,SSANGYONG,175,785857124,REXTON,completed
3791,SSANGYONG,175,-1349173637,REXTON / REXTON II,completed
3792,SSANGYONG,175,-1131631209,REXTON W / REXTON,completed
3793,SSANGYONG,175,1258416254,RODIUS,completed
3794,SSANGYONG,175,1450547494,STAVIC,completed
3795,SSANGYONG,175,-1495716077,TIVOLI,completed
3796,SSANGYONG,175,1658366687,TIVOLI GRAND,completed
3797,SSANGYONG,175,-595388773,XLV,completed
3798,STANDARD AUTOMOBILE,1550,326237792,GAZEL,completed
3799,STEYR,176,2028971509,HAFLINGER,completed
3800,STREETSCOOTER,4015,468982207,COMPACT,completed
3801,STREETSCOOTER,4015,1799746979,WORK,completed
3802,STREETSCOOTER,4015,-1652329320,WORK L,completed
3803,STREETSCOOTER,4015,1403010814,WORK XL,completed
3804,SUNBEAM,2716,729779192,ALPINE,completed
3805,SUPER SOCO,6479,-1196978546,CPX,completed
3806,SUPER SOCO,6479,980896219,CUX,completed
3807,SUPER SOCO,6479,-1602684415,TC,completed
3808,SUPER SOCO,6479,-1983857829,TS,completed
3809,SUPER SOCO,6479,11266435,TSX,completed
3810,SUR-RON,6905,-1029349537,STORM BEE,completed
3811,SWM,4407,-859563378,GRAN MILANO,completed
3812,SWM,4407,1802539456,GRAN TURISMO,completed
3813,SWM,4407,1337308850,HOKU,completed
3814,SWM,4407,1809503419,OUTLAW,completed
3815,SWM,4407,215628696,RS,completed
3816,SWM,4407,877674361,SILVER VASE,completed
3817,SWM,4407,1675289184,SIXDAYS,completed
3818,SWM,4407,1545085744,SM,completed
3819,SWM,4407,39437406,SUPER DUAL,completed
3820,SWM,4407,1530532004,VAREZ,completed
3821,SWM MOTORS,4611,-1093472005,G01,completed
3822,SWM MOTORS,4611,-471328177,G01FF,completed
3823,SYM,4245,-1135259063,ADX,completed
3824,SYM,4245,-315580370,ALLO,completed
3825,SYM,4245,-1626117258,ATTILA,completed
3826,SYM,4245,703554646,CITYCOM,completed
3827,SYM,4245,464635469,CROX,completed
3828,SYM,4245,1250578896,CRUISYM,completed
3829,SYM,4245,1261238223,EURO MX,completed
3830,SYM,4245,-2114355174,FIDDLE,completed
3831,SYM,4245,-830388555,GTS,completed
3832,SYM,4245,948119718,HD,completed
3833,SYM,4245,1745954301,HUSKY,completed
3834,SYM,4245,649564667,JET,completed
3835,SYM,4245,-1892770418,JOYMAX,completed
3836,SYM,4245,-546120453,JOYRIDE,completed
3837,SYM,4245,-322850026,JUNGLE,completed
3838,SYM,4245,1458399739,MASK,completed
3839,SYM,4245,1560223152,MAXSYM,completed
3840,SYM,4245,402441947,MEGALO,completed
3841,SYM,4245,-135564288,MIO,completed
3842,SYM,4245,-473406295,MMBCU,completed
3843,SYM,4245,1845272576,NH,completed
3844,SYM,4245,-1912149377,ORBIT,completed
3845,SYM,4245,-1590912291,RED DEVIL,completed
3846,SYM,4245,1488051054,RS,completed
3847,SYM,4245,-286562480,SHARK,completed
3848,SYM,4245,331829475,SUPER DUKE,completed
3849,SYM,4245,272303754,SYMPHONY,completed
3850,SYM,4245,146312365,SYMPLY,completed
3851,SYM,4245,-277169038,VS,completed
3852,SYM,4245,897968611,WOLF,completed
3853,SYM,4245,-1318902607,X PRO,completed
3854,SYM,4245,411919675,XS,completed
3855,TALARIA,6906,322385449,STING,completed
3856,TALBOT,110,502731544,1307-1510,completed
3857,TALBOT,110,335965605,160,completed
3858,TALBOT,110,-1135587248,180,completed
3859,TALBOT,110,-2031095486,AVENGER,completed
3860,TALBOT,110,106798213,HORIZON,completed
3861,TALBOT,110,1637763357,MATRA BAGHEERA,completed
3862,TALBOT,110,288079649,MURENA,completed
3863,TALBOT,110,1148157129,RANCHO,completed
3864,TALBOT,110,1459277708,SAMBA,completed
3865,TALBOT,110,-1474762285,SIMCA 1000,completed
3866,TALBOT,110,-1201313526,SIMCA 1100,completed
3867,TALBOT,110,567653216,SIMCA 1200 S,completed
3868,TALBOT,110,-865356348,SIMCA 1300,completed
3869,TALBOT,110,1840907601,SIMCA 1301,completed
3870,TALBOT,110,-823258621,SIMCA 1500,completed
3871,TALBOT,110,64684893,SIMCA 1501,completed
3872,TALBOT,110,-468481698,SIMCA 1609/1610,completed
3873,TALBOT,110,319266856,SIMCA SIM'4,completed
3874,TALBOT,110,321398875,SIMCA SUNBEAM,completed
3875,TALBOT,110,802281878,SOLARA,completed
3876,TALBOT,110,454919826,TAGORA,completed
3877,TATA,178,1280286034,ARIA,completed
3878,TATA,178,-1426134103,INDICA,completed
3879,TATA,178,-465560035,INDIGO,completed
3880,TATA,178,-2142586404,LOADBETA,completed
3881,TATA,178,-1491276675,SAFARI,completed
3882,TATA,178,203845236,SIERRA,completed
3883,TATA,178,-1255145683,TELCOLINE,completed
3884,TATA,178,1395953991,XENON,completed
3885,TAZZARI,3443,1030555635,ZERO,completed
3886,TESLA,3328,-1391328944,MODEL 3,completed
3887,TESLA,3328,1387547813,MODEL S,completed
3888,TESLA,3328,1606141266,MODEL X,completed
3889,TESLA,3328,2116154124,MODEL Y,completed
3890,TESLA,3328,2038457543,ROADSTER,completed
3891,TGB,4401,1616203570,101,completed
3892,TGB,4401,-442936435,303,completed
3893,TGB,4401,1983001398,ARKOS TEC,completed
3894,TGB,4401,-21151801,BELLAVITA,completed
3895,TGB,4401,-865102427,DELIVERY,completed
3896,TGB,4401,-712509035,EXPRESS,completed
3897,TGB,4401,-1735402323,F,completed
3898,TGB,4401,884205765,KEY WEST,completed
3899,TGB,4401,-590881760,LASER,completed
3900,TGB,4401,1915246286,R,completed
3901,TGB,4401,1393736762,SUNSET,completed
3902,TGB,4401,-1234312473,X-MOTION,completed
3903,THINK,3514,127856845,CITY,completed
3904,TINBOT,6690,836035477,TB-ESUM,completed
3905,TINBOT,6690,-1414563760,TB-EXPRESS,completed
3906,TINBOT,6690,-851213301,TB-F10,completed
3907,TINBOT,6690,-381102227,TB-F8,completed
3908,TINBOT,6690,-1723866412,TB-RS1,completed
3909,TOFAS,1551,305062009,DOGAN,completed
3910,TOFAS,1551,-34573693,KARTAL,completed
3911,TOFAS,1551,1141617117,SAHIN,completed
3912,TOGG,5558,-600975679,T10X,completed
3913,TOMOS,4425,-124813687,125SE,completed
3914,TOMOS,4425,1576866124,125SM,completed
3915,TOMOS,4425,654821756,ALPINO,completed
3916,TOMOS,4425,-2117137742,ARROW,completed
3917,TOMOS,4425,-839637230,ATX,completed
3918,TOMOS,4425,-1848041812,BT,completed
3919,TOMOS,4425,720813579,FLEXER,completed
3920,TOMOS,4425,704951271,HIPHOP,completed
3921,TOMOS,4425,554207882,LX,completed
3922,TOMOS,4425,2010591336,RACING,completed
3923,TOMOS,4425,2120245648,REVIVAL TS,completed
3924,TOMOS,4425,987150352,SE125,completed
3925,TOMOS,4425,2014969125,SM125,completed
3926,TOMOS,4425,-53764399,SPORTMATE45,completed
3927,TOMOS,4425,-1145621345,SPORTMATE50,completed
3928,TOMOS,4425,-2130918242,SPRINT,completed
3929,TOMOS,4425,1259637225,ST,completed
3930,TOMOS,4425,147337186,STREETMATE,completed
3931,TORNAX,4080,410805169,M,completed
3932,TORNAX,4080,1124783304,RX,completed
3933,TORNAX,4080,-473661123,TS,completed
3934,TRABANT,187,1011625149,1.1,completed
3935,TRABANT,187,-1937850327,P 601,completed
3936,TURBHO,4496,1655321690,CS,completed
3937,TURBHO,4496,2058584917,CT,completed
3938,TURBHO,4496,-288807947,CX,completed
3939,TURBHO,4496,-1923730110,RB,completed
3940,TURBHO,4496,-2044739807,RG,completed
3941,TURBHO,4496,520342831,RL,completed
3942,TURBHO,4496,2091399485,RM,completed
3943,TURBHO,4496,-1291628815,SE,completed
3944,TURBHO,4496,-283097596,ST,completed
3945,TVR,861,-1463999053,1300,completed
3946,TVR,861,322637987,1600,completed
3947,TVR,861,-525927267,2500,completed
3948,TVR,861,701830071,280,completed
3949,TVR,861,-1259331981,3000,completed
3950,TVR,861,2060220138,350,completed
3951,TVR,861,1226147018,390,completed
3952,TVR,861,-1812636276,400,completed
3953,TVR,861,-91292022,420,completed
3954,TVR,861,-1581765901,450,completed
3955,TVR,861,11635734,CERBERA,completed
3956,TVR,861,-1903915544,CHIMAERA,completed
3957,TVR,861,660321519,GRIFFITH,completed
3958,TVR,861,389271600,S,completed
3959,TVR,861,-87403592,SAGARIS,completed
3960,TVR,861,1358121566,SPEED EIGHT,completed
3961,TVR,861,-497512267,T350 C,completed
3962,TVR,861,1207530377,TAIMAR,completed
3963,TVR,861,1784985694,TAMORA,completed
3964,TVR,861,-57015033,TASMIN,completed
3965,TVR,861,-890835845,TUSCAN,completed
3966,TVR,861,265080848,TYPHON,completed
3967,TVR,861,1983898367,VIXEN,completed
3968,TVS,4554,832785026,APACHE,completed
3969,TVS,4554,-779485580,iQUBE,completed
3970,TVS,4554,-945757253,NTORQ,completed
3971,TVS,4554,1762556428,RAIDER,completed
3972,TVS,4554,584768654,RONIN,completed
3973,UAZ,1553,-1274933732,31512,completed
3974,UAZ,1553,-1242512415,3160,completed
3975,UAZ,1553,916509351,452,completed
3976,UAZ,1553,-1713234830,469 / 469 B,completed
3977,UAZ,1553,1731359092,CARGO,completed
3978,UAZ,1553,-2139642313,HUNTER,completed
3979,UAZ,1553,-576324425,PATRIOT,completed
3980,UAZ,1553,1112328849,PICKUP,completed
3981,UAZ,1553,1227763872,SIMBIR (3162),completed
3982,UM,4555,-1338572378,CHILL,completed
3983,UM,4555,-1553321548,MAX,completed
3984,UM,4555,1711236389,RENEGADE CLASSIC,completed
3985,UM,4555,-739804826,RENEGADE COMMANDO,completed
3986,UM,4555,167403146,RENEGADE FREEDOOM,completed
3987,UM,4555,1701259881,RENEGADE SPORT,completed
3988,UM,4555,-1687987880,RENEGADE VEGAS,completed
3989,UM,4555,-1286682721,SCRAMBLER,completed
3990,UM,4555,-1919685731,XTREET,completed
3991,UMM,1554,-74302858,ALTER,completed
3992,VECTOR,1555,8243997,M12,completed
3993,VENT,7384,-1459541125,BAJA,completed
3994,VENT,7384,-1685398404,DERAPAGE,completed
3995,VENT,7384,-2021557198,X-RUDE,completed
3996,VENTO,4379,2080998199,BKM XEIDON,completed
3997,VENTO,4379,252504408,PHANTERA,completed
3998,VENTO,4379,1271031915,TRITON,completed
3999,VENTO,4379,1047016656,ZIP,completed
4000,VERTIGO,6798,562971075,COMBAT,completed
4001,VERTIGO,6798,758026649,LINKO,completed
4002,VERTIGO,6798,-1261962948,NITRO,completed
4003,VERTIGO,6798,235274636,VERTIGO,completed
4004,VESPA,4069,1676116081,50,completed
4005,VESPA,4069,564178287,946,completed
4006,VESPA,4069,1652410958,COSA,completed
4007,VESPA,4069,-620711622,ELETTRICA,completed
4008,VESPA,4069,-3327027,ET,completed
4009,VESPA,4069,-88387553,GL,completed
4010,VESPA,4069,-1335962068,GS,completed
4011,VESPA,4069,-1201191782,GT,completed
4012,VESPA,4069,-1533212146,GT60,completed
4013,VESPA,4069,1831728876,GTS,completed
4014,VESPA,4069,-810560388,GTV,completed
4015,VESPA,4069,665579580,LX,completed
4016,VESPA,4069,1612515512,LXV,completed
4017,VESPA,4069,1970824994,PK,completed
4018,VESPA,4069,638356123,PRIMAVERA,completed
4019,VESPA,4069,-37359637,PX,completed
4020,VESPA,4069,-1165227721,RALLY,completed
4021,VESPA,4069,43476013,S,completed
4022,VESPA,4069,-1598995108,SEI GIORNI,completed
4023,VESPA,4069,-1376113481,SPRINT,completed
4024,VICTORY MOTORCYCLES,4324,-542932488,BOARDWALK,completed
4025,VICTORY MOTORCYCLES,4324,213142627,CROSS COUNTRY,completed
4026,VICTORY MOTORCYCLES,4324,-704490934,CROSS ROADS,completed
4027,VICTORY MOTORCYCLES,4324,1613598355,GUNNER,completed
4028,VICTORY MOTORCYCLES,4324,-1035881974,HAMMER,completed
4029,VICTORY MOTORCYCLES,4324,-1999339281,HIGHBALL,completed
4030,VICTORY MOTORCYCLES,4324,-2063725825,JACKPOT,completed
4031,VICTORY MOTORCYCLES,4324,423212282,JUDGE,completed
4032,VICTORY MOTORCYCLES,4324,-1743160129,KINGPIN,completed
4033,VICTORY MOTORCYCLES,4324,-459034276,MAGNUM,completed
4034,VICTORY MOTORCYCLES,4324,-457004853,OCTANE,completed
4035,VICTORY MOTORCYCLES,4324,-1970514930,VEGAS,completed
4036,VICTORY MOTORCYCLES,4324,-538616911,VISION,completed
4037,VINFAST,5118,315293423,VF 6,completed
4038,VOGE,5733,-72340917,AC,completed
4039,VOGE,5733,-903450276,ACX,completed
4040,VOGE,5733,1178752288,DS,completed
4041,VOGE,5733,-1058599457,DSX,completed
4042,VOGE,5733,2070818769,R,completed
4043,VOGE,5733,1029858687,RALLY,completed
4044,VOGE,5733,-2031981797,SR1,completed
4045,VOGE,5733,1432371693,SR4,completed
4046,VOYAH,6223,1036048328,DREAMER,completed
4047,VUHL,4607,-988140781,VUHL05,completed
4048,WANGYE,4323,-583407969,WY,completed
4049,WARTBURG,186,-1470103934,353,completed
4050,WESTFIELD,907,-235429571,130,completed
4051,WESTFIELD,907,-599399521,FW,completed
4052,WESTFIELD,907,880522391,SE / SEVEN,completed
4053,WESTFIELD,907,1698053399,XI,completed
4054,WESTFIELD,907,818531790,XTR,completed
4055,WESTFIELD,907,-1426326123,ZE,completed
4056,WEY,4751,366673257,05,completed
4057,WEY,4751,-1515911999,COFFEE 01,completed
4058,WEY,4751,1064204856,COFFEE 02,completed
4059,WIESMANN,1558,-93351635,GT MF4,completed
4060,WIESMANN,1558,-367862997,GT MF5,completed
4061,WIESMANN,1558,110901155,MF3,completed
4062,WIESMANN,1558,-860746594,MF4,completed
4063,WIESMANN,1558,859238333,MF5,completed
4064,WOLSELEY,1541,-831029473,1300,completed
4065,WOLSELEY,1541,-1810739784,16/60,completed
4066,WOLSELEY,1541,-765977607,18/85,completed
4067,WOLSELEY,1541,-1814889407,HORNET,completed
4068,WOLSELEY,1541,-1787481769,SIX,completed
4069,WOTTAN MOTOR,8195,-1698155919,BOT,completed
4070,WOTTAN MOTOR,8195,1790570486,EOS,completed
4071,WOTTAN MOTOR,8195,265451927,GP,completed
4072,WOTTAN MOTOR,8195,920938152,NOX,completed
4073,WOTTAN MOTOR,8195,-2128766026,REBBE,completed
4074,WOTTAN MOTOR,8195,1638382699,STORM,completed
4075,WOTTAN MOTOR,8195,-841912325,TITAN,completed
4076,WOTTAN MOTOR,8195,-1814075402,VICTORIA,completed
4077,WOTTAN MOTOR,8195,1393960766,XFERA,completed
4078,XBUS,6398,-1705826299,XBUS,completed
4079,XEV,6588,-1706353962,YOYO,completed
4080,XGJAO,4667,2103575036,XGJ,completed
4081,XINGYUE,5077,-1305542750,LLX,completed
4082,XPENG,5184,198457906,G6,completed
4083,XPENG,5184,1680911318,G9,completed
4084,XPENG,5184,-287744148,P7,completed
4085,XPENG,5184,-699790406,X9,completed
4086,YADEA,6688,-375097194,DE,completed
4087,YAMAHA,1021,1427746689,AEROX,completed
4088,YAMAHA,1021,-1066097600,AXIS,completed
4089,YAMAHA,1021,804328765,BL,completed
4090,YAMAHA,1021,-468959267,BREEZE,completed
4091,YAMAHA,1021,-1019845956,BT,completed
4092,YAMAHA,1021,-737504693,BWs,completed
4093,YAMAHA,1021,1942193299,CA,completed
4094,YAMAHA,1021,-1762436579,CHAPPY,completed
4095,YAMAHA,1021,-1517641245,CRYPTON,completed
4096,YAMAHA,1021,-1273236045,CRZ,completed
4097,YAMAHA,1021,1392671400,CT,completed
4098,YAMAHA,1021,2050816775,CW,completed
4099,YAMAHA,1021,24988532,CYGNUS,completed
4100,YAMAHA,1021,-1319271348,D'ELIGHT,completed
4101,YAMAHA,1021,-724188314,DS7,completed
4102,YAMAHA,1021,-127027236,DT,completed
4103,YAMAHA,1021,-940247868,EC-03,completed
4104,YAMAHA,1021,-1815134791,FJ,completed
4105,YAMAHA,1021,-1453367851,FJR,completed
4106,YAMAHA,1021,1982475343,FS,completed
4107,YAMAHA,1021,-1148675923,FZ,completed
4108,YAMAHA,1021,-334306312,FZR,completed
4109,YAMAHA,1021,674072879,FZS,completed
4110,YAMAHA,1021,-976864930,FZX,completed
4111,YAMAHA,1021,1094093561,GIGGLE,completed
4112,YAMAHA,1021,-326950189,GTS,completed
4113,YAMAHA,1021,1784865768,JOG,completed
4114,YAMAHA,1021,682466641,MAXSTER,completed
4115,YAMAHA,1021,932083276,MT,completed
4116,YAMAHA,1021,-1006795645,MTN,completed
4117,YAMAHA,1021,-1855556707,MXT NIKEN,completed
4118,YAMAHA,1021,-1090124965,NEOS,completed
4119,YAMAHA,1021,182325820,NMAX,completed
4120,YAMAHA,1021,1967990723,PW,completed
4121,YAMAHA,1021,-682655851,R5,completed
4122,YAMAHA,1021,1237773770,RAY,completed
4123,YAMAHA,1021,-1545430098,RD,completed
4124,YAMAHA,1021,-362416625,RS,completed
4125,YAMAHA,1021,541043130,SCR,completed
4126,YAMAHA,1021,1583038654,SLIDER,completed
4127,YAMAHA,1021,-292095337,SR,completed
4128,YAMAHA,1021,-2051956123,SRX,completed
4129,YAMAHA,1021,-1994112224,SZR,completed
4130,YAMAHA,1021,920194057,TDM,completed
4131,YAMAHA,1021,-1724363402,TDR,completed
4132,YAMAHA,1021,1724929562,TENERE,completed
4133,YAMAHA,1021,1509652593,TEOS,completed
4134,YAMAHA,1021,1214068629,TMAX,completed
4135,YAMAHA,1021,-398071728,TRACER,completed
4136,YAMAHA,1021,-1608383261,TRICITY,completed
4137,YAMAHA,1021,632633294,TRICKER,completed
4138,YAMAHA,1021,1164376261,TRX,completed
4139,YAMAHA,1021,497221912,TT,completed
4140,YAMAHA,1021,1017685092,TW,completed
4141,YAMAHA,1021,1883240886,TX,completed
4142,YAMAHA,1021,619486170,TY,completed
4143,YAMAHA,1021,-1384058493,TZR,completed
4144,YAMAHA,1021,-1859792825,V-MAX,completed
4145,YAMAHA,1021,1949555216,VERSITY,completed
4146,YAMAHA,1021,1120160838,VITY,completed
4147,YAMAHA,1021,602093496,WHY,completed
4148,YAMAHA,1021,1696237719,WR,completed
4149,YAMAHA,1021,1961924619,X-CITY,completed
4150,YAMAHA,1021,1757241539,X-MAX,completed
4151,YAMAHA,1021,-755162468,XC,completed
4152,YAMAHA,1021,2064553650,XENTER,completed
4153,YAMAHA,1021,620481387,XJ,completed
4154,YAMAHA,1021,1430640172,XJR,completed
4155,YAMAHA,1021,738865473,XS,completed
4156,YAMAHA,1021,1197110095,XSR,completed
4157,YAMAHA,1021,-1666470596,XT,completed
4158,YAMAHA,1021,111253333,XTZ,completed
4159,YAMAHA,1021,707549197,XV,completed
4160,YAMAHA,1021,-920944713,XVS,completed
4161,YAMAHA,1021,-547183911,XVZ,completed
4162,YAMAHA,1021,-247570847,XZ,completed
4163,YAMAHA,1021,-776815664,YBR,completed
4164,YAMAHA,1021,-368552079,YP,completed
4165,YAMAHA,1021,541280964,YS,completed
4166,YAMAHA,1021,-1614238585,YZ,completed
4167,YAMAHA,1021,-1513199897,YZF,completed
4168,YAMAHA,1021,-1176868212,YZF-R,completed
4169,YAMAHA,1021,-1186291736,ZEST,completed
4170,YIBEN,5065,1291052858,YB,completed
4171,YUEJIN,3193,130990234,XK,completed
4172,YUGO,2816,-742958960,513,completed
4173,YUGO,2816,322377095,FLORIDA,completed
4174,YUGO,2816,1846380956,SANA,completed
4175,YUGO,2816,1614513656,TEMPO,completed
4176,YULON,1559,-1132695709,101 FEELING,completed
4177,YULON,1559,-486758239,YULON,completed
4178,ZASTAVA,124,-1185628753,10,completed
4179,ZASTAVA,124,601967060,101,completed
4180,ZASTAVA,124,-1474279631,KORAL,completed
4181,ZASTAVA,124,-1223200624,YUGO,completed
4182,ZASTAVA,124,847279034,YUGO TEMPO,completed
4183,ZAZ,1139,-551937959,TAVRIA,completed
4184,ZEEHO,8245,220411773,AE,completed
4185,ZEEKR,6168,-461625526,001,completed
4186,ZEEKR,6168,-1911316512,X,completed
4187,ZENOS CARS,4604,-1795253943,E10,completed
4188,ZERO,4322,1400201698,DS,completed
4189,ZERO,4322,-1532852370,DSR,completed
4190,ZERO,4322,441712304,FX,completed
4191,ZERO,4322,-1734289039,FXE,completed
4192,ZERO,4322,-1410229000,FXS,completed
4193,ZERO,4322,1852734278,S,completed
4194,ZERO,4322,-647933516,SR,completed
4195,ZERO,4322,375293225,SR/F,completed
4196,ZERO,4322,-341739933,SR/S,completed
4197,ZERO,4322,1711452325,XU,completed
4198,ZERO,4322,379222751,ZERO,completed
4199,ZNEN,4802,-1421005021,ZN125,completed
4200,ZNEN,4802,-803171659,ZN150,completed
4201,ZNEN,4802,54908506,ZN250,completed
4202,ZNEN,4802,-1262750416,ZN50,completed
4203,ZONGSHEN,5062,-876970346,ZS 125,completed
4204,ZONGSHEN,5062,-871255231,ZS 150,completed
4205,ZONTES,6502,-1927455126,D,completed
4206,ZONTES,6502,281408942,E,completed
4207,ZONTES,6502,-1944565864,G,completed
4208,ZONTES,6502,565665028,GK,completed
4209,ZONTES,6502,-672371731,R,completed
4210,ZONTES,6502,-1294669859,T,completed
4211,ZONTES,6502,-1400853257,U,completed
4212,ZONTES,6502,-1791568384,V,completed
4213,ZONTES,6502,-408215985,X,completed
4214,ZUENDAPP,678,992341599,BELLA R,completed
4215,ZUENDAPP,678,131274168,C19,completed
4216,ZUENDAPP,678,-1828542716,GS,completed
4217,ZUENDAPP,678,-1549910487,KS,completed
4218,ZUENDAPP,678,1093571585,ZXA,completed
4219,ZUENDAPP,678,1655187022,ZXE,completed
4220,ZUENDAPP,678,-1833206986,ZXM,completed
4221,ZUENDAPP,678,1785330916,ZXS,completed
