id,manufacturer,model,external_id,name,year_from,year_to,status
1,AUDI,A1,38933,A1 Sportback (GBA) 7.2018,7.2018,,completed
2,AUDI,A1,9730,"A1 Sportback (8XA, 8XF) 9.2011-9.2019",9.2011,9.2019,completed
3,AUDI,A1,8604,"A1 (8X1, 8XK) 5.2010-9.2019",5.2010,9.2019,completed
4,ALFA ROMEO,145,278,145 (930_) 7.1994-1.2001,7.1994,1.2001,completed
5,ALFA ROMEO,146,1321,146 (930_) 12.1994-10.2001,12.1994,10.2001,completed
6,ALFA ROMEO,147,4735,147 (937_) 10.2000-12.2010,10.2000,12.2010,completed
7,ALFA ROMEO,155,282,155 (167_) 1.1992-12.1997,1.1992,12.1997,completed
8,ALFA ROMEO,156,2053,156 (932_) 9.1997-10.2005,9.1997,10.2005,completed
9,ALFA ROMEO,156,4635,156 Sportwagon (932_) 2.1997-5.2006,2.1997,5.2006,completed
10,ALFA ROMEO,159,5452,159 (939_) 6.2005-12.2012,6.2005,12.2012,completed
11,ALFA ROMEO,159,5543,159 Sportwagon (939_) 6.2005-12.2012,6.2005,12.2012,completed
12,ALFA ROMEO,164,287,164 (164_) 1.1987-10.1998,1.1987,10.1998,completed
13,ALFA ROMEO,166,3891,166 (936_) 9.1998-6.2007,9.1998,6.2007,completed
14,ALFA ROMEO,1750-2000,1818,1750-2000 (105_) 3.1968-7.1975,3.1968,7.1975,completed
15,ALFA ROMEO,1900,7546,1900 (190_) 10.1950-9.1959,10.1950,9.1959,completed
16,ALFA ROMEO,2300,4626,2300 (102_) 3.1974-12.1987,3.1974,12.1987,completed
17,ALFA ROMEO,2600,7549,2600 Berlina (117_) 1.1962-12.1969,1.1962,12.1969,completed
18,ALFA ROMEO,2600,7547,2600 Sprint (117_) 1.1962-12.1966,1.1962,12.1966,completed
19,ALFA ROMEO,2600,7548,2600 Spider (117_) 1.1961-12.1965,1.1961,12.1965,completed
20,ALFA ROMEO,33,295,33 (907_) 1.1990-9.1994,1.1990,9.1994,completed
21,ALFA ROMEO,33,305,33 Sportwagon (907_) 1.1990-9.1994,1.1990,9.1994,completed
22,ALFA ROMEO,33,300,33 Sportwagon (905_) 1.1984-12.1989,1.1984,12.1989,completed
23,ALFA ROMEO,33,291,33 (905_) 5.1983-12.1993,5.1983,12.1993,completed
24,ALFA ROMEO,4C,11241,4C (960_) 3.2013-12.2020,3.2013,12.2020,completed
25,ALFA ROMEO,4C SPIDER,13239,4C SPIDER (960_) 10.2014-12.2020,10.2014,12.2020,completed
26,ALFA ROMEO,6,309,6 (119_) 4.1979-12.1986,4.1979,12.1986,completed
27,ALFA ROMEO,75,312,75 (162_) 5.1985-12.1992,5.1985,12.1992,completed
28,ALFA ROMEO,8C,9071,8C SPIDER (920_) 1.2008-10.2010,1.2008,10.2010,completed
29,ALFA ROMEO,8C,9069,8C (920_) 1.2007-10.2009,1.2007,10.2009,completed
30,ALFA ROMEO,90,316,90 (162_) 9.1984-11.1987,9.1984,11.1987,completed
31,ALFA ROMEO,ALFASUD,325,ALFASUD Giardinetta (904_) 1.1978-12.1981,1.1978,12.1981,completed
32,ALFA ROMEO,ALFASUD,329,ALFASUD Sprint (902_) 9.1976-12.1989,9.1976,12.1989,completed
33,ALFA ROMEO,ALFASUD,321,ALFASUD (901_) 6.1972-6.1985,6.1972,6.1985,completed
34,ALFA ROMEO,ALFETTA,339,ALFETTA (116_) 7.1974-12.1984,7.1974,12.1984,completed
35,ALFA ROMEO,ALFETTA GT,334,ALFETTA GT (116_) 1.1974-1.1986,1.1974,1.1986,completed
36,ALFA ROMEO,AR 6,3847,AR 6 Bus (280_) 4.1985-12.1989,4.1985,12.1989,completed
37,ALFA ROMEO,AR 6,3848,AR 6 Van (280_) 4.1985-12.1989,4.1985,12.1989,completed
38,ALFA ROMEO,AR 8,3850,AR 8 Platform/Chassis (280_) 4.1978-12.1989,4.1978,12.1989,completed
39,ALFA ROMEO,AR 8,3849,AR 8 Van (280_) 4.1978-12.1989,4.1978,12.1989,completed
40,ALFA ROMEO,ARNA,353,ARNA (920_) 3.1983-12.1986,3.1983,12.1986,completed
41,ALFA ROMEO,BRERA,5479,BRERA (939_) 1.2006-5.2011,1.2006,5.2011,completed
42,ALFA ROMEO,GIULIA,36486,GIULIA (952_) 10.2015,10.2015,,completed
43,ALFA ROMEO,GIULIA,10217,GIULIA SPIDER (101_) 3.1962-2.1969,3.1962,2.1969,completed
44,ALFA ROMEO,GIULIA,345,GIULIA (105_) 1.1962-3.1979,1.1962,3.1979,completed
45,ALFA ROMEO,GIULIA,3686,GIULIA GT (105_) 1.1962-12.1980,1.1962,12.1980,completed
46,ALFA ROMEO,GIULIETTA,8603,GIULIETTA (940_) 4.2010-12.2020,4.2010,12.2020,completed
47,ALFA ROMEO,GIULIETTA,483,GIULIETTA (116_) 10.1977-12.1985,10.1977,12.1985,completed
48,ALFA ROMEO,GIULIETTA,7555,GIULIETTA Coupe (101_) 1.1958-12.1961,1.1958,12.1961,completed
49,ALFA ROMEO,GIULIETTA,7554,GIULIETTA Sprint Speciale (101_) 1.1958-12.1961,1.1958,12.1961,completed
50,ALFA ROMEO,GIULIETTA,7553,GIULIETTA Estate (101_) 1.1957-12.1962,1.1957,12.1962,completed
51,ALFA ROMEO,GIULIETTA,7551,GIULIETTA Berlina (101_) 1.1955-12.1962,1.1955,12.1962,completed
52,ALFA ROMEO,GIULIETTA,7552,GIULIETTA Spider (101_) 1.1955-12.1962,1.1955,12.1962,completed
53,ALFA ROMEO,GIULIETTA,7550,GIULIETTA Sprint (101_) 1.1954-12.1962,1.1954,12.1962,completed
54,ALFA ROMEO,GT,5080,GT (937_) 11.2003-9.2010,11.2003,9.2010,completed
55,ALFA ROMEO,GT,536,GT (105_) 3.1963-12.1977,3.1963,12.1977,completed
56,ALFA ROMEO,GTA,4625,GTA Coupe (113_) 5.1968-12.1976,5.1968,12.1976,completed
57,ALFA ROMEO,GTV,1460,GTV (916_) 9.1994-10.2005,9.1994,10.2005,completed
58,ALFA ROMEO,GTV,3389,GTV (116_) 1.1978-2.1987,1.1978,2.1987,completed
59,ALFA ROMEO,JUNIOR,45381,"JUNIOR (626_, 627_) 4.2024",4.2024,,completed
60,ALFA ROMEO,MATTA,7556,MATTA Open Off-Road Vehicle (AR5_) 1.1952-12.1954,1.1952,12.1954,completed
61,ALFA ROMEO,MITO,7587,MITO (955_) 8.2008-10.2018,8.2008,10.2018,completed
62,ALFA ROMEO,MONTREAL,1819,MONTREAL (105_) 12.1972-3.1979,12.1972,3.1979,completed
63,ALFA ROMEO,RZ,3602,RZ (162_) 1.1992-12.1994,1.1992,12.1994,completed
64,ALFA ROMEO,SPIDER,5567,SPIDER (939_) 3.2006-3.2011,3.2006,3.2011,completed
65,ALFA ROMEO,SPIDER,1461,SPIDER (916_) 9.1994-4.2005,9.1994,4.2005,completed
66,ALFA ROMEO,SPIDER,293,SPIDER (115_) 1.1971-12.1993,1.1971,12.1993,completed
67,ALFA ROMEO,SPIDER,289,SPIDER (105_) 3.1966-12.1977,3.1966,12.1977,completed
68,ALFA ROMEO,SPIDER,10181,SPIDER (102_) 1.1958-12.1961,1.1958,12.1961,completed
69,ALFA ROMEO,STELVIO,37292,STELVIO (949_) 12.2016,12.2016,,completed
70,ALFA ROMEO,SZ,3507,SZ (162_) 9.1988-8.1994,9.1988,8.1994,completed
71,ALFA ROMEO,TONALE,42679,TONALE (965_) 3.2022,3.2022,,completed
72,AUDI,100,36,100 C4 Avant (4A5) 12.1990-11.1994,12.1990,11.1994,completed
73,AUDI,100,19,100 C4 Saloon (4A2) 12.1990-4.1996,12.1990,4.1996,completed
74,AUDI,100,30,"100 C3 Avant (445, 446) 8.1982-11.1990",8.1982,11.1990,completed
75,AUDI,100,13,"100 C3 Saloon (443, 444) 8.1982-7.1991",8.1982,7.1991,completed
76,AUDI,100,25,"100 C2 Avant (435, 436) 7.1977-2.1983",7.1977,2.1983,completed
77,AUDI,100,10,"100 C2 Saloon (431, 433, 434) 6.1976-8.1984",6.1976,8.1984,completed
78,AUDI,100,48,100 C1 Coupe (817) 1.1970-12.1976,1.1970,12.1976,completed
79,AUDI,100,53,"100 C1 Saloon (801, 803, 805, 807, 811, 813, F104) 11.1968-7.1976",11.1968,7.1976,completed
80,AUDI,200,1940,"200 C3 Avant (447, 448) 9.1983-12.1991",9.1983,12.1991,completed
81,AUDI,200,176,"200 C3 Saloon (447, 448) 6.1983-12.1991",6.1983,12.1991,completed
82,AUDI,200,172,"200 C2 Saloon (437, 438) 10.1979-9.1982",10.1979,9.1982,completed
83,AUDI,50,433,50 (863) 8.1974-7.1978,8.1974,7.1978,completed
84,AUDI,60,1500,"60 (613, 615) 9.1968-8.1972",9.1968,8.1972,completed
85,AUDI,60,1501,"60 Variant (613, 615) 9.1968-8.1972",9.1968,8.1972,completed
86,AUDI,75,1502,"75 (613, 615) 9.1968-8.1972",9.1968,8.1972,completed
87,AUDI,75,4553,75 Variant (615) 9.1968-8.1972,9.1968,8.1972,completed
88,AUDI,80,6,80 B4 Avant (8C5) 9.1991-1.1996,9.1991,1.1996,completed
89,AUDI,80,1,80 B4 Saloon (8C2) 9.1991-7.1995,9.1991,7.1995,completed
90,AUDI,80,31,"80 B3 Saloon (893, 894, 8A2) 6.1986-10.1991",6.1986,10.1991,completed
91,AUDI,80,26,"80 B2 Saloon (811, 813, 814, 819, 853) 8.1978-3.1987",8.1978,3.1987,completed
92,AUDI,80,14,"80 B1 Saloon (80, 82) 5.1972-7.1978",5.1972,7.1978,completed
93,AUDI,80,8554,80 (613) 9.1966-8.1968,9.1966,8.1968,completed
94,AUDI,80,8555,80 Variant 9.1966-8.1968,9.1966,8.1968,completed
95,AUDI,90,84,"90 B3 (893, 894, 8A2) 4.1987-9.1991",4.1987,9.1991,completed
96,AUDI,90,78,"90 B2 (813, 814, 853) 8.1984-7.1988",8.1984,7.1988,completed
97,AUDI,A1 / S1,9730,"A1 Sportback (8XA, 8XF) 9.2011-9.2019",9.2011,9.2019,completed
98,AUDI,A1 / S1,8604,"A1 (8X1, 8XK) 5.2010-9.2019",5.2010,9.2019,completed
99,AUDI,A1 Allstreet,43038,A1 Allstreet (GBH) 7.2022,7.2022,,completed
100,AUDI,A1 City Carver,40147,A1 City Carver (GBH) 7.2019-6.2022,7.2019,6.2022,completed
101,AUDI,A2,4382,A2 (8Z0) 2.2000-8.2005,2.2000,8.2005,completed
102,AUDI,A3,40796,"A3 Limousine (8YS, 8YM) 3.2020",3.2020,,completed
103,AUDI,A3,40531,"A3 Sportback (8YA, 8YF) 11.2019",11.2019,,completed
104,AUDI,A3,11611,"A3 Convertible (8V7, 8VE) 10.2013-4.2021",10.2013,4.2021,completed
105,AUDI,A3,11282,"A3 Limousine (8VS, 8VM) 5.2013-8.2021",5.2013,8.2021,completed
106,AUDI,A3,10459,"A3 Sportback (8VA, 8VF) 9.2012-8.2021",9.2012,8.2021,completed
107,AUDI,A3,10253,"A3 (8V1, 8VK) 4.2012-10.2020",4.2012,10.2020,completed
108,AUDI,A3,6724,A3 Convertible (8P7) 4.2008-12.2013,4.2008,12.2013,completed
109,AUDI,A3,5143,A3 Sportback (8PA) 9.2004-12.2015,9.2004,12.2015,completed
110,AUDI,A3,4955,A3 (8P1) 5.2003-12.2013,5.2003,12.2013,completed
111,AUDI,A3,1557,A3 (8L1) 9.1996-9.2006,9.1996,9.2006,completed
112,AUDI,A3 / S3,11611,"A3 Convertible (8V7, 8VE) 10.2013-4.2021",10.2013,4.2021,completed
113,AUDI,A3 / S3,11282,"A3 Limousine (8VS, 8VM) 5.2013-8.2021",5.2013,8.2021,completed
114,AUDI,A3 / S3,10459,"A3 Sportback (8VA, 8VF) 9.2012-8.2021",9.2012,8.2021,completed
115,AUDI,A3 / S3,10253,"A3 (8V1, 8VK) 4.2012-10.2020",4.2012,10.2020,completed
116,AUDI,A3 / S3,5143,A3 Sportback (8PA) 9.2004-12.2015,9.2004,12.2015,completed
117,AUDI,A3 / S3,4955,A3 (8P1) 5.2003-12.2013,5.2003,12.2013,completed
118,AUDI,A3 / S3,1557,A3 (8L1) 9.1996-9.2006,9.1996,9.2006,completed
119,AUDI,A3 Allstreet,45351,A3 Allstreet (8YJ) 2.2024,2.2024,,completed
120,AUDI,A4,14696,"A4 B9 Avant (8W5, 8WD) 8.2015",8.2015,,completed
121,AUDI,A4,14695,"A4 B9 (8W2, 8WC) 5.2015",5.2015,,completed
122,AUDI,A4,6988,A4 B8 Avant (8K5) 11.2007-6.2017,11.2007,6.2017,completed
123,AUDI,A4,6418,A4 B8 (8K2) 8.2007-6.2017,8.2007,6.2017,completed
124,AUDI,A4,5376,A4 B7 (8EC) 11.2004-1.2009,11.2004,1.2009,completed
125,AUDI,A4,5377,A4 B7 Avant (8ED) 11.2004-11.2008,11.2004,11.2008,completed
126,AUDI,A4,4840,A4 B6 Convertible (8H7) 1.2002-12.2009,1.2002,12.2009,completed
127,AUDI,A4,41689,A4 B7 Convertible (8HE) 1.2002-1.2010,1.2002,1.2010,completed
128,AUDI,A4,4731,A4 B6 (8E2) 11.2000-12.2005,11.2000,12.2005,completed
129,AUDI,A4,4797,A4 B6 Avant (8E5) 2.2000-12.2005,2.2000,12.2005,completed
130,AUDI,A4,253,A4 B5 (8D2) 11.1994-12.2001,11.1994,12.2001,completed
131,AUDI,A4,3485,A4 B5 Avant (8D5) 11.1994-12.2002,11.1994,12.2002,completed
132,AUDI,A4 / S4,6988,A4 B8 Avant (8K5) 11.2007-6.2017,11.2007,6.2017,completed
133,AUDI,A4 / S4,6418,A4 B8 (8K2) 8.2007-6.2017,8.2007,6.2017,completed
134,AUDI,A4 / S4,5376,A4 B7 (8EC) 11.2004-1.2009,11.2004,1.2009,completed
135,AUDI,A4 / S4,5377,A4 B7 Avant (8ED) 11.2004-11.2008,11.2004,11.2008,completed
136,AUDI,A4 / S4,4840,A4 B6 Convertible (8H7) 1.2002-12.2009,1.2002,12.2009,completed
137,AUDI,A4 / S4,41689,A4 B7 Convertible (8HE) 1.2002-1.2010,1.2002,1.2010,completed
138,AUDI,A4 / S4,4731,A4 B6 (8E2) 11.2000-12.2005,11.2000,12.2005,completed
139,AUDI,A4 / S4,4797,A4 B6 Avant (8E5) 2.2000-12.2005,2.2000,12.2005,completed
140,AUDI,A4 Allroad,36378,"A4 Allroad B9 (8WH, 8WJ) 1.2016",1.2016,,completed
141,AUDI,A4 Allroad,8031,A4 Allroad B8 (8KH) 4.2009-6.2017,4.2009,6.2017,completed
142,AUDI,A5,45726,A5 Avant (FU5) 7.2024,7.2024,,completed
143,AUDI,A5,45725,A5 Hatchback (FU2) 7.2024,7.2024,,completed
144,AUDI,A5,37293,"A5 Convertible (F57, F5E) 11.2016",11.2016,,completed
145,AUDI,A5,36928,"A5 (F53, F5P) 6.2016",6.2016,,completed
146,AUDI,A5,37116,"A5 Sportback (F5A, F5F) 6.2016",6.2016,,completed
147,AUDI,A5,8030,A5 Convertible (8F7) 2.2009-10.2017,2.2009,10.2017,completed
148,AUDI,A5,8159,A5 Sportback (8TA) 7.2007-10.2017,7.2007,10.2017,completed
149,AUDI,A5,6243,A5 (8T3) 6.2007-10.2017,6.2007,10.2017,completed
150,AUDI,A5 / S5,8030,A5 Convertible (8F7) 2.2009-10.2017,2.2009,10.2017,completed
151,AUDI,A5 / S5,8159,A5 Sportback (8TA) 7.2007-10.2017,7.2007,10.2017,completed
152,AUDI,A5 / S5,6243,A5 (8T3) 6.2007-10.2017,6.2007,10.2017,completed
153,AUDI,A6,38844,A6 C8 Avant (4A5) 5.2018,5.2018,,completed
154,AUDI,A6,38843,A6 C8 (4A2) 2.2018,2.2018,,completed
155,AUDI,A6,9627,"A6 C7 Avant (4G5, 4GD) 5.2011-11.2019",5.2011,11.2019,completed
156,AUDI,A6,9154,"A6 C7 (4G2, 4GC) 11.2010-11.2019",11.2010,11.2019,completed
157,AUDI,A6,5381,A6 C6 Avant (4F5) 11.2004-8.2011,11.2004,8.2011,completed
158,AUDI,A6,5110,A6 C6 (4F2) 4.2004-8.2011,4.2004,8.2011,completed
159,AUDI,A6,3395,"A6 C5 Avant (4B5, 4B6) 11.1997-1.2006",11.1997,1.2006,completed
160,AUDI,A6,1891,"A6 C5 (4B2, 4B4) 1.1997-12.2005",1.1997,12.2005,completed
161,AUDI,A6,258,A6 C4 (4A2) 6.1994-1.1998,6.1994,1.1998,completed
162,AUDI,A6,3468,A6 C4 Avant (4A5) 6.1994-1.1998,6.1994,1.1998,completed
163,AUDI,A6 / S6,9627,"A6 C7 Avant (4G5, 4GD) 5.2011-11.2019",5.2011,11.2019,completed
164,AUDI,A6 / S6,9154,"A6 C7 (4G2, 4GC) 11.2010-11.2019",11.2010,11.2019,completed
165,AUDI,A6 / S6,5110,A6 C6 (4F2) 4.2004-8.2011,4.2004,8.2011,completed
166,AUDI,A6 Allroad,39591,A6 Allroad C8 (4AH) 11.2018,11.2018,,completed
167,AUDI,A6 Allroad,10161,"A6 Allroad C7 (4GH, 4GJ) 1.2012-9.2018",1.2012,9.2018,completed
168,AUDI,A6 Allroad,5546,A6 Allroad C6 (4FH) 3.2006-8.2011,3.2006,8.2011,completed
169,AUDI,A6 e-tron,45735,A6 e-tron Avant (GH5) 7.2024,7.2024,,completed
170,AUDI,A6 e-tron,45736,A6 e-tron Sportback (GHA) 7.2024,7.2024,,completed
171,AUDI,A7,38471,A7 Sportback (4KA) 10.2017,10.2017,,completed
172,AUDI,A7,8986,"A7 Sportback (4GA, 4GF) 7.2010-11.2019",7.2010,11.2019,completed
173,AUDI,A7 / S7,8986,"A7 Sportback (4GA, 4GF) 7.2010-11.2019",7.2010,11.2019,completed
174,AUDI,A8,38219,"A8 D5 (4N2, 4N8, 4NC, 4NL, 4NX) 6.2017",6.2017,,completed
175,AUDI,A8,8627,"A8 D4 (4H2, 4H8, 4HC, 4HL) 11.2009-11.2019",11.2009,11.2019,completed
176,AUDI,A8,4935,"A8 D3 (4E2, 4E8) 10.2002-12.2010",10.2002,12.2010,completed
177,AUDI,A8,265,"A8 D2 (4D2, 4D8) 3.1994-12.2005",3.1994,12.2005,completed
178,AUDI,A8 / S8,8627,"A8 D4 (4H2, 4H8, 4HC, 4HL) 11.2009-11.2019",11.2009,11.2019,completed
179,AUDI,A8 / S8,4935,"A8 D3 (4E2, 4E8) 10.2002-12.2010",10.2002,12.2010,completed
180,AUDI,A8L,8627,"A8 D4 (4H2, 4H8, 4HC, 4HL) 11.2009-11.2019",11.2009,11.2019,completed
181,AUDI,A8L,4935,"A8 D3 (4E2, 4E8) 10.2002-12.2010",10.2002,12.2010,completed
182,AUDI,ALLROAD,4632,ALLROAD C5 (4BH) 5.2000-8.2005,5.2000,8.2005,completed
183,AUDI,CABRIOLET,438,CABRIOLET B3 (8G7) 5.1991-8.2000,5.1991,8.2000,completed
184,AUDI,COUPE,202,"COUPE B3 (89, 8B3) 10.1988-12.1996",10.1988,12.1996,completed
185,AUDI,COUPE,194,"COUPE B2 (81, 855, 856) 7.1980-10.1988",7.1980,10.1988,completed
186,AUDI,E-TRON,40160,E-TRON Sportback (GEA) 9.2019-7.2023,9.2019,7.2023,completed
187,AUDI,E-TRON,39213,E-TRON (GEN) 9.2018-7.2023,9.2018,7.2023,completed
188,AUDI,E-TRON GT,41812,"E-TRON GT Saloon (F83, F8P) 7.2020",7.2020,,completed
189,AUDI,F103,8553,"72 Variant (613, 615) 4.1966-8.1968",4.1966,8.1968,completed
190,AUDI,F103,8552,"72 (613, 615) 8.1965-8.1968",8.1965,8.1968,completed
191,AUDI,Q2,36543,"Q2 (GAB, GAG) 6.2016",6.2016,,completed
192,AUDI,Q3,40155,Q3 Sportback (F3N) 6.2019,6.2019,,completed
193,AUDI,Q3,38997,Q3 (F3B) 7.2018,7.2018,,completed
194,AUDI,Q3,9731,"Q3 (8UB, 8UG) 6.2011-3.2020",6.2011,3.2020,completed
195,AUDI,Q4,42202,Q4 E-TRON Sportback (F4N) 6.2021,6.2021,,completed
196,AUDI,Q4,41930,Q4 E-TRON SUV (F4B) 7.2020,7.2020,,completed
197,AUDI,Q5,45817,Q5 (GUB) 1.2025,1.2025,,completed
198,AUDI,Q5,41715,Q5 Sportback (FYT) 11.2020,11.2020,,completed
199,AUDI,Q5,37161,"Q5 (FYB, FYG) 5.2016",5.2016,,completed
200,AUDI,Q5,7534,Q5 (8RB) 11.2008-4.2019,11.2008,4.2019,completed
201,AUDI,Q6,45332,Q6 E-TRON (GFB) 4.2024,4.2024,,completed
202,AUDI,Q7,14159,"Q7 (4MB, 4MG, 4MQ) 1.2015",1.2015,,completed
203,AUDI,Q7,5461,Q7 (4LB) 3.2006-1.2016,3.2006,1.2016,completed
204,AUDI,Q8,38836,"Q8 (4MN, 4MT) 2.2018",2.2018,,completed
205,AUDI,Q8 E-TRON,43701,Q8 E-TRON Sportback (GET) 11.2022-3.2025,11.2022,3.2025,completed
206,AUDI,Q8 E-TRON,43700,Q8 E-TRON SUV (GEG) 11.2022-3.2025,11.2022,3.2025,completed
207,AUDI,QUATTRO,3910,QUATTRO (85) 7.1980-7.1991,7.1980,7.1991,completed
208,AUDI,R8,36765,"R8 Spyder (4S9, 4SR) 5.2016",5.2016,,completed
209,AUDI,R8,14514,"R8 (4S3, 4SP) 7.2015",7.2015,,completed
210,AUDI,R8,8262,"R8 Spyder (427, 429) 2.2010-8.2016",2.2010,8.2016,completed
211,AUDI,R8,6244,"R8 (422, 423) 4.2007-12.2016",4.2007,12.2016,completed
212,AUDI,SUPER 90,4554,SUPER 90 9.1966-11.1971,9.1966,11.1971,completed
213,AUDI,TT,13274,"TT Roadster (FV9, FVR) 11.2014",11.2014,,completed
214,AUDI,TT,12912,"TT (FV3, FVP) 7.2014",7.2014,,completed
215,AUDI,TT,5608,TT Roadster (8J9) 3.2007-9.2014,3.2007,9.2014,completed
216,AUDI,TT,5544,TT (8J3) 7.2006-2.2015,7.2006,2.2015,completed
217,AUDI,TT,4089,TT Roadster (8N9) 10.1999-2.2007,10.1999,2.2007,completed
218,AUDI,TT,3851,TT (8N3) 10.1998-2.2007,10.1998,2.2007,completed
219,AUDI,V8,485,"V8 (441, 442, 4C2, 4C8) 10.1988-2.1994",10.1988,2.1994,completed
220,BMW,1,90001,1 (F70) 7.2024,7.2024,,completed
221,BMW,1,39565,1 (F40) 7.2019,7.2019,,completed
222,BMW,1,11003,1 (F21) 12.2011-12.2019,12.2011,12.2019,completed
223,BMW,1,9620,1 (F20) 7.2011-6.2019,7.2011,6.2019,completed
224,BMW,1,6713,1 Convertible (E88) 12.2007-12.2013,12.2007,12.2013,completed
225,BMW,1,6441,1 Coupe (E82) 10.2006-10.2013,10.2006,10.2013,completed
226,BMW,1,5114,1 (E81) 9.2006-9.2012,9.2006,9.2012,completed
227,BMW,1,10974,1 (E87) 2.2003-12.2013,2.2003,12.2013,completed
228,BMW,1500-2000,187,"1500-2000 (115, 116, 118, 121) 10.1962-11.1972",10.1962,11.1972,completed
229,BMW,1502-2002,1602,1502-2002 Touring (E6) 1.1971-7.1975,1.1971,7.1975,completed
230,BMW,1502-2002,1608,1502-2002 Convertible (E10) 12.1967-10.1975,12.1967,10.1975,completed
231,BMW,1502-2002,164,1502-2002 (E10) 9.1967-7.1977,9.1967,7.1977,completed
232,BMW,1600 GT,1640,1600 GT Coupe 10.1967-5.1969,10.1967,5.1969,completed
233,BMW,2,42440,2 Active Tourer (U06) 11.2021,11.2021,,completed
234,BMW,2,41933,"2 Coupe (G42, G87) 8.2021",8.2021,,completed
235,BMW,2,39800,2 Gran Coupe (F44) 11.2019,11.2019,,completed
236,BMW,2,13830,2 Gran Tourer (F46) 7.2014,7.2014,,completed
237,BMW,2,39642,2 Gran Tourer Van (F46) 7.2014,7.2014,,completed
238,BMW,2,13176,2 Convertible (F23) 3.2014-6.2021,3.2014,6.2021,completed
239,BMW,2,12791,2 Active Tourer (F45) 11.2013-10.2021,11.2013,10.2021,completed
240,BMW,2,39641,2 Active Tourer Van (F45) 11.2013-10.2021,11.2013,10.2021,completed
241,BMW,2,11599,"2 Coupe (F22, F87) 10.2012-6.2021",10.2012,6.2021,completed
242,BMW,2.5-3.2,224,2.5-3.2 Coupe (E9) 9.1967-3.1976,9.1967,3.1976,completed
243,BMW,2000,40960,2000 Coupe (120) 10.1965-6.1970,10.1965,6.1970,completed
244,BMW,2500-3.3,219,2500-3.3 (E3) 10.1968-4.1977,10.1968,4.1977,completed
245,BMW,3,39625,"3 Touring (G21, G81) 7.2019",7.2019,,completed
246,BMW,3,40436,3 Touring Van (G21) 7.2019,7.2019,,completed
247,BMW,3,39027,"3 (G20, G80, G28) 11.2018-12.2025",11.2018,12.2025,completed
248,BMW,3,11207,3 Gran Turismo (F34) 7.2012,7.2012,,completed
249,BMW,3,10266,3 Touring (F31) 7.2012-6.2019,7.2012,6.2019,completed
250,BMW,3,9831,"3 (F30, F80) 11.2011-10.2018",11.2011,10.2018,completed
251,BMW,3,6241,3 Convertible (E93) 5.2006-12.2013,5.2006,12.2013,completed
252,BMW,3,5569,3 Coupe (E92) 1.2005-12.2013,1.2005,12.2013,completed
253,BMW,3,5430,3 Touring (E91) 12.2004-12.2012,12.2004,12.2012,completed
254,BMW,3,5389,3 (E90) 2.2004-12.2013,2.2004,12.2013,completed
255,BMW,3,4751,3 Compact (E46) 3.2001-2.2005,3.2001,2.2005,completed
256,BMW,3,4571,3 Convertible (E46) 4.2000-12.2007,4.2000,12.2007,completed
257,BMW,3,4088,3 Touring (E46) 6.1999-7.2005,6.1999,7.2005,completed
258,BMW,3,3999,3 Coupe (E46) 12.1998-7.2006,12.1998,7.2006,completed
259,BMW,3,3397,3 (E46) 12.1997-5.2005,12.1997,5.2005,completed
260,BMW,3,1311,3 Touring (E36) 8.1994-12.1999,8.1994,12.1999,completed
261,BMW,3,299,3 Compact (E36) 1.1994-8.2000,1.1994,8.2000,completed
262,BMW,3,434,3 Convertible (E36) 3.1993-11.1999,3.1993,11.1999,completed
263,BMW,3,308,3 Coupe (E36) 10.1991-5.1999,10.1991,5.1999,completed
264,BMW,3,304,3 (E36) 9.1990-11.1998,9.1990,11.1998,completed
265,BMW,3,294,3 Touring (E30) 7.1987-10.1994,7.1987,10.1994,completed
266,BMW,3,290,3 (E30) 9.1982-3.1992,9.1982,3.1992,completed
267,BMW,3,430,3 Convertible (E30) 9.1982-11.1993,9.1982,11.1993,completed
268,BMW,3,286,3 (E21) 6.1975-3.1984,6.1975,3.1984,completed
269,BMW,315,44515,315 Convertible 4.1934-6.1937,4.1934,6.1937,completed
270,BMW,315,44518,315 Roadster 4.1934-7.1935,4.1934,7.1935,completed
271,BMW,315,44513,315 Saloon 4.1934-6.1937,4.1934,6.1937,completed
272,BMW,319,44691,319 Roadster 2.1935-7.1936,2.1935,7.1936,completed
273,BMW,319,44690,319 Convertible 12.1934-3.1937,12.1934,3.1937,completed
274,BMW,319,44689,319 Saloon 12.1934-3.1937,12.1934,3.1937,completed
275,BMW,320,44694,320 Convertible 2.1937-12.1938,2.1937,12.1938,completed
276,BMW,320,44693,320 Saloon 2.1937-12.1938,2.1937,12.1938,completed
277,BMW,321,44697,321 Convertible 12.1938-4.1941,12.1938,4.1941,completed
278,BMW,321,44696,321 Saloon 12.1938-4.1941,12.1938,4.1941,completed
279,BMW,326,44699,326 Convertible 2.1936-4.1941,2.1936,4.1941,completed
280,BMW,326,44698,326 Saloon 2.1936-4.1941,2.1936,4.1941,completed
281,BMW,340,37692,340 10.1949-6.1952,10.1949,6.1952,completed
282,BMW,4,42096,4 Gran Coupe (G26) 7.2021,7.2021,,completed
283,BMW,4,41276,"4 Convertible (G23, G83) 11.2020",11.2020,,completed
284,BMW,4,40742,"4 Coupe (G22, G82) 7.2020",7.2020,,completed
285,BMW,4,11900,4 Gran Coupe (F36) 3.2014-5.2021,3.2014,5.2021,completed
286,BMW,4,11600,"4 Convertible (F33, F83) 10.2013-8.2020",10.2013,8.2020,completed
287,BMW,4,11300,"4 Coupe (F32, F82) 7.2013-6.2020",7.2013,6.2020,completed
288,BMW,5,45189,"5 Touring (G61, G99) 3.2024",3.2024,,completed
289,BMW,5,44382,"5 (G60, G90, G68) 7.2023",7.2023,,completed
290,BMW,5,37535,5 Touring (G31) 3.2017,3.2017,,completed
291,BMW,5,37157,"5 (G30, F90) 9.2016",9.2016,,completed
292,BMW,5,8762,5 Touring (F11) 11.2009-2.2017,11.2009,2.2017,completed
293,BMW,5,8541,5 (F10) 1.2009-10.2016,1.2009,10.2016,completed
294,BMW,5,8274,5 Gran Turismo (F07) 1.2009-12.2018,1.2009,12.2018,completed
295,BMW,5,5079,5 Touring (E61) 3.2004-12.2010,3.2004,12.2010,completed
296,BMW,5,4993,5 (E60) 12.2001-3.2010,12.2001,3.2010,completed
297,BMW,5,1892,5 Touring (E39) 9.1996-6.2004,9.1996,6.2004,completed
298,BMW,5,1449,5 (E39) 9.1995-12.2003,9.1995,12.2003,completed
299,BMW,5,459,5 Touring (E34) 7.1991-7.1996,7.1991,7.1996,completed
300,BMW,5,464,5 (E34) 2.1987-12.1995,2.1987,12.1995,completed
301,BMW,5,452,5 (E28) 5.1981-12.1987,5.1981,12.1987,completed
302,BMW,5,456,5 (E12) 3.1972-8.1981,3.1972,8.1981,completed
303,BMW,501,1642,501 7.1952-1.1959,7.1952,1.1959,completed
304,BMW,502,37691,502 Saloon 9.1954-12.1963,9.1954,12.1963,completed
305,BMW,503,3390,503 Convertible (E03) 1.1957-5.1961,1.1957,5.1961,completed
306,BMW,507,37690,507 (E03) 10.1956-7.1959,10.1956,7.1959,completed
307,BMW,6,38046,6 Gran Turismo (G32) 6.2017,6.2017,,completed
308,BMW,6,11034,6 Gran Coupe (F06) 3.2012-10.2018,3.2012,10.2018,completed
309,BMW,6,9160,6 Coupe (F13) 7.2011-10.2017,7.2011,10.2017,completed
310,BMW,6,9159,6 Convertible (F12) 12.2010-6.2018,12.2010,6.2018,completed
311,BMW,6,5087,6 Convertible (E64) 3.2004-12.2010,3.2004,12.2010,completed
312,BMW,6,5086,6 (E63) 9.2003-12.2013,9.2003,12.2013,completed
313,BMW,6,486,6 (E24) 10.1975-4.1989,10.1975,4.1989,completed
314,BMW,600,4002,600 (111) 12.1957-5.1961,12.1957,5.1961,completed
315,BMW,7,42916,7 (G70) 7.2022,7.2022,,completed
316,BMW,7,14283,"7 (G11, G12) 7.2015-6.2022",7.2015,6.2022,completed
317,BMW,7,7864,"7 (F01, F02, F03, F04) 2.2008-12.2015",2.2008,12.2015,completed
318,BMW,7,4816,"7 (E65, E66, E67) 7.2001-12.2009",7.2001,12.2009,completed
319,BMW,7,549,7 (E38) 3.1994-12.2001,3.1994,12.2001,completed
320,BMW,7,544,7 (E32) 3.1985-10.1994,3.1985,10.1994,completed
321,BMW,7,539,7 (E23) 5.1977-4.1988,5.1977,4.1988,completed
322,BMW,700,4805,700 Coupe (AE) 8.1959-4.1964,8.1959,4.1964,completed
323,BMW,700,2054,700 (107) 1.1959-11.1966,1.1959,11.1966,completed
324,BMW,8,39628,"8 Gran Coupe (G16, F93) 7.2019",7.2019,,completed
325,BMW,8,39034,"8 Convertible (G14, F91) 11.2018",11.2018,,completed
326,BMW,8,38775,"8 Coupe (G15, F92) 7.2018",7.2018,,completed
327,BMW,8,67,8 (E31) 1.1990-12.1999,1.1990,12.1999,completed
328,BMW,C,12008,C,,,completed
329,BMW,C1,12107,C1,,,completed
330,BMW,CE 02,44884,CE 02,,,completed
331,BMW,CE 04,43918,CE 04,,,completed
332,BMW,F ( - 800cc),12108,F ( - 800cc),,,completed
333,BMW,F (801cc - ),45309,F (801cc - ),,,completed
334,BMW,G,12109,G,,,completed
335,BMW,GLAS,36965,GLAS (602) 9.1967-5.1968,9.1967,5.1968,completed
336,BMW,HP,12110,HP,,,completed
337,BMW,i3,11443,i3 (I01) 8.2013-7.2022,8.2013,7.2022,completed
338,BMW,i8,38331,i8 Roadster (I15) 3.2018-6.2020,3.2018,6.2020,completed
339,BMW,i8,11902,i8 (I12) 3.2014-6.2020,3.2014,6.2020,completed
340,BMW,ISETTA,1435,"ISETTA (100, 103) 1.1956-11.1963",1.1956,11.1963,completed
341,BMW,iX,41979,iX (I20) 7.2021,7.2021,,completed
342,BMW,K,12111,K,,,completed
343,BMW,M,41760,M,,,completed
344,BMW,M1,1790,M1 (E26) 5.1979-5.1983,5.1979,5.1983,completed
345,BMW,R,14014,R,,,completed
346,BMW,R 100,12735,R 100,,,completed
347,BMW,R 1100,12741,R 1100,,,completed
348,BMW,R 1150,12742,R 1150,,,completed
349,BMW,R 1200,12743,R 1200,,,completed
350,BMW,R 1250,39516,R 1250,,,completed
351,BMW,R 1300,45242,R 1300,,,completed
352,BMW,R 18,40728,R 18,,,completed
353,BMW,R 25,13552,R 25,,,completed
354,BMW,R 45,14697,R 45,,,completed
355,BMW,R 50,12739,R 50,,,completed
356,BMW,R 60,12740,R 60,,,completed
357,BMW,R 65,12733,R 65,,,completed
358,BMW,R 69,14480,R 69,,,completed
359,BMW,R 75,12737,R 75,,,completed
360,BMW,R 80,12738,R 80,,,completed
361,BMW,R 850,12734,R 850,,,completed
362,BMW,R 90,12736,R 90,,,completed
363,BMW,R 900,13082,R 900,,,completed
364,BMW,S,12112,S,,,completed
365,BMW,V8,1641,V8 Coupe (502) 9.1954-7.1966,9.1954,7.1966,completed
366,BMW,X1,43036,X1 (U11) 7.2022,7.2022,,completed
367,BMW,X1,14383,X1 (F48) 11.2014-12.2022,11.2014,12.2022,completed
368,BMW,X1,8277,X1 (E84) 3.2009-6.2015,3.2009,6.2015,completed
369,BMW,X2,44861,X2 (U10) 11.2023,11.2023,,completed
370,BMW,X2,38274,X2 (F39) 11.2017-10.2023,11.2017,10.2023,completed
371,BMW,X3,45659,X3 (G45) 8.2024,8.2024,,completed
372,BMW,X3,38057,"X3 (G01, F97, G08) 7.2017",7.2017,,completed
373,BMW,X3,39646,X3 Van (G01) 7.2017,7.2017,,completed
374,BMW,X3,8763,X3 (F25) 9.2010-12.2017,9.2010,12.2017,completed
375,BMW,X3,5085,X3 (E83) 1.2003-12.2011,1.2003,12.2011,completed
376,BMW,X4,38487,"X4 (G02, F98) 4.2018",4.2018,,completed
377,BMW,X4,11945,X4 (F26) 5.2013-3.2018,5.2013,3.2018,completed
378,BMW,X5,40437,X5 Van (G05) 11.2019,11.2019,,completed
379,BMW,X5,38751,"X5 (G05, F95) 8.2018",8.2018,,completed
380,BMW,X5,11482,"X5 (F15, F85) 8.2013-7.2018",8.2013,7.2018,completed
381,BMW,X5,6414,X5 (E70) 2.2006-7.2013,2.2006,7.2013,completed
382,BMW,X5,4343,X5 (E53) 1.2000-12.2006,1.2000,12.2006,completed
383,BMW,X6,39650,"X6 (G06, F96) 8.2019",8.2019,,completed
384,BMW,X6,12845,"X6 (F16, F86) 8.2014-7.2019",8.2014,7.2019,completed
385,BMW,X6,7378,"X6 (E71, E72) 6.2007-12.2015",6.2007,12.2015,completed
386,BMW,X7,39060,X7 (G07) 3.2019,3.2019,,completed
387,BMW,XM,43810,XM (G09) 12.2022,12.2022,,completed
388,BMW,Z1,138,Z1 Roadster 6.1988-6.1991,6.1988,6.1991,completed
389,BMW,Z3,2079,Z3 Coupe (E36) 4.1997-6.2003,4.1997,6.2003,completed
390,BMW,Z3,3483,Z3 Roadster (E36) 10.1995-1.2003,10.1995,1.2003,completed
391,BMW,Z4,39028,Z4 Roadster (G29) 11.2018,11.2018,,completed
392,BMW,Z4,8033,Z4 Roadster (E89) 2.2009-8.2016,2.2009,8.2016,completed
393,BMW,Z4,5516,Z4 Coupe (E86) 3.2006-12.2009,3.2006,12.2009,completed
394,BMW,Z4,4924,Z4 Roadster (E85) 9.2002-12.2009,9.2002,12.2009,completed
395,BMW,Z8,4279,Z8 Roadster (E52) 1.2000-12.2003,1.2000,12.2003,completed
396,CHEVROLET,ALERO,4090,ALERO 3.1999-9.2004,3.1999,9.2004,completed
397,CHEVROLET,ASTRO,5889,ASTRO Bus 10.1994-5.2005,10.1994,5.2005,completed
398,CHEVROLET,ASTRO,5890,ASTRO Van 10.1994-5.2005,10.1994,5.2005,completed
399,CHEVROLET,ASTRO,5887,ASTRO Bus 10.1984-9.1994,10.1984,9.1994,completed
400,CHEVROLET,ASTRO,5888,ASTRO Van 10.1984-9.1994,10.1984,9.1994,completed
401,CHEVROLET,AVALANCHE,7535,AVALANCHE 6.2005-12.2013,6.2005,12.2013,completed
402,CHEVROLET,AVEO,9591,AVEO Hatchback (T300) 3.2011,3.2011,,completed
403,CHEVROLET,AVEO,9592,AVEO Saloon (T300) 3.2011,3.2011,,completed
404,CHEVROLET,AVEO,7372,"AVEO / KALOS Hatchback (T250, T255) 6.2006",6.2006,,completed
405,CHEVROLET,AVEO,5556,"AVEO / KALOS Saloon (T250, T255) 3.2005",3.2005,,completed
406,CHEVROLET,AVEO / GENTRA,5556,"AVEO / KALOS Saloon (T250, T255) 3.2005",3.2005,,completed
407,CHEVROLET,AVEO / KALOS,7372,"AVEO / KALOS Hatchback (T250, T255) 6.2006",6.2006,,completed
408,CHEVROLET,AVEO / KALOS,5556,"AVEO / KALOS Saloon (T250, T255) 3.2005",3.2005,,completed
409,CHEVROLET,AVEO / KALOS,10519,AVEO / KALOS Hatchback (T200) 2.2003-12.2008,2.2003,12.2008,completed
410,CHEVROLET,AVEO / KALOS,10823,AVEO / KALOS Saloon (T200) 1.2003-12.2008,1.2003,12.2008,completed
411,CHEVROLET,AVEO U-VA,7372,"AVEO / KALOS Hatchback (T250, T255) 6.2006",6.2006,,completed
412,CHEVROLET,BERETTA,1990,BERETTA Coupe (1_37) 1.1987-12.1996,1.1987,12.1996,completed
413,CHEVROLET,BLAZER S10,1976,BLAZER S10 10.1993-9.2005,10.1993,9.2005,completed
414,CHEVROLET,BLAZER S10,3514,BLAZER S10 9.1982-12.1994,9.1982,12.1994,completed
415,CHEVROLET,C1500,5912,C1500 Pickup 1.1988-12.2000,1.1988,12.2000,completed
416,CHEVROLET,C2500,5916,C2500 Pickup 10.1996-12.2001,10.1996,12.2001,completed
417,CHEVROLET,CAMARO,14576,CAMARO 9.2015,9.2015,,completed
418,CHEVROLET,CAMARO,36523,CAMARO Convertible 9.2015,9.2015,,completed
419,CHEVROLET,CAMARO,9589,CAMARO Convertible 1.2011,1.2011,,completed
420,CHEVROLET,CAMARO,9590,CAMARO 2.2009-12.2015,2.2009,12.2015,completed
421,CHEVROLET,CAMARO,1999,CAMARO 12.1992-12.2002,12.1992,12.2002,completed
422,CHEVROLET,CAMARO,5921,CAMARO Convertible 10.1992-12.2002,10.1992,12.2002,completed
423,CHEVROLET,CAMARO,1998,CAMARO (FP_) 6.1981-12.1992,6.1981,12.1992,completed
424,CHEVROLET,CAMARO,1997,CAMARO 9.1969-12.1981,9.1969,12.1981,completed
425,CHEVROLET,CAPRICE,36799,CAPRICE 9.1990-12.1996,9.1990,12.1996,completed
426,CHEVROLET,CAPRICE,36354,CAPRICE Estate 9.1990-12.1996,9.1990,12.1996,completed
427,CHEVROLET,CAPRICE,2001,CAPRICE 9.1976-12.1990,9.1976,12.1990,completed
428,CHEVROLET,CAPRICE,34979,CAPRICE Coupe 9.1976-1.1989,9.1976,1.1989,completed
429,CHEVROLET,CAPRICE,34977,CAPRICE Estate 9.1976-12.1990,9.1976,12.1990,completed
430,CHEVROLET,CAPTIVA,5597,"CAPTIVA (C100, C140) 6.2006",6.2006,,completed
431,CHEVROLET,CAPTIVA,41553,CAPTIVA Van (C100) 6.2006,6.2006,,completed
432,CHEVROLET,CAPTIVA SPORT,10284,CAPTIVA SPORT 1.2007,1.2007,,completed
433,CHEVROLET,CAVALIER,5934,CAVALIER Saloon 10.1991-9.1996,10.1991,9.1996,completed
434,CHEVROLET,CAVALIER,5933,CAVALIER Convertible 1.1988-12.1994,1.1988,12.1994,completed
435,CHEVROLET,CAVALIER,5931,CAVALIER Saloon 1.1988-12.1994,1.1988,12.1994,completed
436,CHEVROLET,CAVALIER,5932,CAVALIER Coupe 9.1987-12.1994,9.1987,12.1994,completed
437,CHEVROLET,CORSA,5965,CORSA Saloon 3.1994-12.2010,3.1994,12.2010,completed
438,CHEVROLET,CORSICA,1991,CORSICA (1_69) 1.1987-12.1996,1.1987,12.1996,completed
439,CHEVROLET,CORVETTE,40420,CORVETTE Convertible (C8) 10.2019,10.2019,,completed
440,CHEVROLET,CORVETTE,40419,CORVETTE (C8) 7.2019,7.2019,,completed
441,CHEVROLET,CORVETTE,11488,CORVETTE (C7) 9.2013-12.2019,9.2013,12.2019,completed
442,CHEVROLET,CORVETTE,11489,CORVETTE Convertible (C7) 9.2013-12.2019,9.2013,12.2019,completed
443,CHEVROLET,CORVETTE,5096,CORVETTE (C6) 9.2004-12.2013,9.2004,12.2013,completed
444,CHEVROLET,CORVETTE,5547,CORVETTE Convertible (C6) 9.2004-12.2013,9.2004,12.2013,completed
445,CHEVROLET,CORVETTE,4067,CORVETTE Convertible 9.1997-9.2004,9.1997,9.2004,completed
446,CHEVROLET,CORVETTE,1977,CORVETTE Coupe (C5) 1.1997-12.2004,1.1997,12.2004,completed
447,CHEVROLET,CORVETTE,2002,CORVETTE Convertible (1YY) 2.1983-9.1997,2.1983,9.1997,completed
448,CHEVROLET,CORVETTE,6766,CORVETTE 9.1982-12.1997,9.1982,12.1997,completed
449,CHEVROLET,CORVETTE,30675,CORVETTE Convertible 9.1967-12.1982,9.1967,12.1982,completed
450,CHEVROLET,CRUZE,10516,CRUZE Station Wagon (J308) 8.2012,8.2012,,completed
451,CHEVROLET,CRUZE,9625,CRUZE Hatchback (J305) 12.2010,12.2010,,completed
452,CHEVROLET,CRUZE,8127,CRUZE (J300) 5.2009,5.2009,,completed
453,CHEVROLET,EPICA,5578,EPICA (KL1_) 6.2004-12.2011,6.2004,12.2011,completed
454,CHEVROLET,EVANDA,5407,EVANDA 3.2005,3.2005,,completed
455,CHEVROLET,EXPRESS,7536,EXPRESS Bus 1.2003,1.2003,,completed
456,CHEVROLET,G20,35008,G20 Extended Cargo Van 9.1970-12.1996,9.1970,12.1996,completed
457,CHEVROLET,G20,13843,G20 Standard Cargo Van 9.1970-12.1996,9.1970,12.1996,completed
458,CHEVROLET,HHR,6451,HHR 9.2005-12.2011,9.2005,12.2011,completed
459,CHEVROLET,IMPALA,4082,IMPALA Saloon 1.1999-12.2005,1.1999,12.2005,completed
460,CHEVROLET,IMPALA,35018,IMPALA Estate 9.1976-12.1982,9.1976,12.1982,completed
461,CHEVROLET,IMPALA,35014,IMPALA Saloon 9.1976-12.1985,9.1976,12.1985,completed
462,CHEVROLET,KALOS,5556,"AVEO / KALOS Saloon (T250, T255) 3.2005",3.2005,,completed
463,CHEVROLET,LACETTI,11436,LACETTI Estate (J200) 5.2003,5.2003,,completed
464,CHEVROLET,LACETTI,5403,LACETTI (J200) 3.2003,3.2003,,completed
465,CHEVROLET,LACETTI,14179,LACETTI Saloon (J200) 3.2003-3.2013,3.2003,3.2013,completed
466,CHEVROLET,LOVA,5556,"AVEO / KALOS Saloon (T250, T255) 3.2005",3.2005,,completed
467,CHEVROLET,LUMINA,6083,LUMINA Saloon 9.1994-12.2001,9.1994,12.2001,completed
468,CHEVROLET,LUMINA,6081,LUMINA Saloon 10.1989-12.1994,10.1989,12.1994,completed
469,CHEVROLET,LUMINA APV,1975,LUMINA APV MPV 9.1988-12.1996,9.1988,12.1996,completed
470,CHEVROLET,MALIBU,10003,MALIBU (V300) 1.2012,1.2012,,completed
471,CHEVROLET,MALIBU,2003,MALIBU 9.1977-12.1983,9.1977,12.1983,completed
472,CHEVROLET,MATIZ,5400,"MATIZ (M200, M250) 3.2005",3.2005,,completed
473,CHEVROLET,MONTE CARLO,14060,MONTE CARLO Coupe 9.1969-12.1972,9.1969,12.1972,completed
474,CHEVROLET,NIVA,9719,NIVA (2123) 9.2002,9.2002,,completed
475,CHEVROLET,NOVA,11329,NOVA Saloon 1.1973-12.1979,1.1973,12.1979,completed
476,CHEVROLET,NUBIRA,5405,NUBIRA Estate 1.2005-12.2011,1.2005,12.2011,completed
477,CHEVROLET,NUBIRA,5404,NUBIRA Saloon 1.2005-12.2012,1.2005,12.2012,completed
478,CHEVROLET,OPTRA,6107,"OPTRA Saloon (1J_, J200) 4.2003-12.2012",4.2003,12.2012,completed
479,CHEVROLET,ORLANDO,9083,ORLANDO (J309) 12.2010,12.2010,,completed
480,CHEVROLET,REZZO,5406,REZZO MPV (U100) 3.2005,3.2005,,completed
481,CHEVROLET,S10,10907,S10 Pickup 1.1994-12.2012,1.1994,12.2012,completed
482,CHEVROLET,S10 Pick Up,6131,S10 Pick Up 9.1981-9.1991,9.1981,9.1991,completed
483,CHEVROLET,SILVERADO 1500,12924,SILVERADO 1500 Crew Cab Pickup 9.2013,9.2013,,completed
484,CHEVROLET,SILVERADO 1500,12925,SILVERADO 1500 Extended Cab Pickup 9.2013,9.2013,,completed
485,CHEVROLET,SILVERADO 1500,11133,SILVERADO 1500 9.2006,9.2006,,completed
486,CHEVROLET,SILVERADO 1500,36116,SILVERADO 1500 Crew Cab Pickup 9.2006-12.2013,9.2006,12.2013,completed
487,CHEVROLET,SILVERADO 1500,36117,SILVERADO 1500 Extended Cab Pickup 9.2006-12.2013,9.2006,12.2013,completed
488,CHEVROLET,SILVERADO 1500,36118,SILVERADO 1500 Standard Cab Pickup 9.2006-12.2013,9.2006,12.2013,completed
489,CHEVROLET,SILVERADO 2500,13097,SILVERADO 2500 Crew Cab Pickup 9.2012,9.2012,,completed
490,CHEVROLET,SILVERADO 2500,13098,SILVERADO 2500 Extended Cab Pickup 9.2012,9.2012,,completed
491,CHEVROLET,SILVERADO 2500,13096,SILVERADO 2500 Standard Cab Pickup 9.2012,9.2012,,completed
492,CHEVROLET,SILVERADO 2500,11129,SILVERADO 2500 9.1998,9.1998,,completed
493,CHEVROLET,SILVERADO 2500 HD,10909,SILVERADO 2500 HD 9.2006,9.2006,,completed
494,CHEVROLET,SONIC,9591,AVEO Hatchback (T300) 3.2011,3.2011,,completed
495,CHEVROLET,SPARK,8543,SPARK (M300) 12.2009,12.2009,,completed
496,CHEVROLET,SPARK,6155,SPARK 5.2005,5.2005,,completed
497,CHEVROLET,SPARK,5400,"MATIZ (M200, M250) 3.2005",3.2005,,completed
498,CHEVROLET,SPARK LITE,5400,"MATIZ (M200, M250) 3.2005",3.2005,,completed
499,CHEVROLET,SUBURBAN,7538,SUBURBAN (GMT 900) 1.2005,1.2005,,completed
500,CHEVROLET,TAHOE,12982,TAHOE (K2UC) 7.2014,7.2014,,completed
501,CHEVROLET,TAHOE,4605,TAHOE (B2W) 9.1999-12.2006,9.1999,12.2006,completed
502,CHEVROLET,TAHOE,6172,TAHOE (GMT400) 10.1993-4.2001,10.1993,4.2001,completed
503,CHEVROLET,TRAILBLAZER,4835,TRAILBLAZER (KC_) 9.2001-12.2009,9.2001,12.2009,completed
504,CHEVROLET,TRANS SPORT,1915,TRANS SPORT 8.1996-9.2005,8.1996,9.2005,completed
505,CHEVROLET,TRAX,10819,TRAX 12.2012,12.2012,,completed
506,CHEVROLET,VOLT,9563,VOLT 4.2011,4.2011,,completed
507,CHEVROLET,ZAFIRA,6220,ZAFIRA (F75) 2.1999-12.2012,2.1999,12.2012,completed
508,CHRYSLER,300C,10881,300C (LX) 9.2010,9.2010,,completed
509,CHRYSLER,300C,5117,"300C (LX, LE) 9.2004",9.2004,,completed
510,CHRYSLER,300C,5464,"300C Touring (LX, LE) 9.2004-12.2010",9.2004,12.2010,completed
511,CHRYSLER,300M,3557,300M (LR) 7.1998-9.2004,7.1998,9.2004,completed
512,CHRYSLER,CIRRUS,5945,CIRRUS 5.1994-9.2000,5.1994,9.2000,completed
513,CHRYSLER,CONCORDE,5962,CONCORDE 10.1997-12.2004,10.1997,12.2004,completed
514,CHRYSLER,CONCORDE,5961,CONCORDE 9.1992-9.1997,9.1992,9.1997,completed
515,CHRYSLER,CROSSFIRE,5142,CROSSFIRE Roadster 5.2004-12.2008,5.2004,12.2008,completed
516,CHRYSLER,CROSSFIRE,5048,CROSSFIRE 7.2003-12.2008,7.2003,12.2008,completed
517,CHRYSLER,DAYTONA,2005,DAYTONA Coupe 10.1984-10.1992,10.1984,10.1992,completed
518,CHRYSLER,DELTA,10298,DELTA 8.2011,8.2011,,completed
519,CHRYSLER,ES,13449,ES 1.1988-12.1991,1.1988,12.1991,completed
520,CHRYSLER,GRAND VOYAGER,6443,GRAND VOYAGER V (RT) 10.2007,10.2007,,completed
521,CHRYSLER,LE BARON,1293,LE BARON Convertible 9.1986-1.1997,9.1986,1.1997,completed
522,CHRYSLER,LE BARON,1292,LE BARON Saloon 9.1986-12.1994,9.1986,12.1994,completed
523,CHRYSLER,LE BARON,7919,LE BARON Coupe 1.1986-12.1993,1.1986,12.1993,completed
524,CHRYSLER,NEON,4368,NEON II 8.1999-12.2006,8.1999,12.2006,completed
525,CHRYSLER,NEON,1452,NEON (PL) 5.1994-9.2000,5.1994,9.2000,completed
526,CHRYSLER,NEW YORKER,1455,NEW YORKER 1.1992-9.1998,1.1992,9.1998,completed
527,CHRYSLER,PT CRUISER,39203,PT CRUISER Combi Van (PT_) 10.2002-8.2008,10.2002,8.2008,completed
528,CHRYSLER,PT CRUISER,4606,PT CRUISER (PT_) 6.2000-12.2010,6.2000,12.2010,completed
529,CHRYSLER,PT CRUISER,5106,PT CRUISER Convertible 6.2000-12.2010,6.2000,12.2010,completed
530,CHRYSLER,SARATOGA,2006,SARATOGA 9.1989-12.1995,9.1989,12.1995,completed
531,CHRYSLER,SEBRING,7090,SEBRING Convertible (JS) 5.2007-12.2010,5.2007,12.2010,completed
532,CHRYSLER,SEBRING,7091,SEBRING (JS) 9.2006-12.2010,9.2006,12.2010,completed
533,CHRYSLER,SEBRING,4764,SEBRING Convertible (JR) 4.2001-6.2007,4.2001,6.2007,completed
534,CHRYSLER,SEBRING,4730,SEBRING (JR) 9.2000-6.2007,9.2000,6.2007,completed
535,CHRYSLER,SEBRING,6145,SEBRING Coupe (FJ) 5.1995-9.2000,5.1995,9.2000,completed
536,CHRYSLER,STRATUS,1552,STRATUS Convertible (JX) 4.1996-4.2001,4.1996,4.2001,completed
537,CHRYSLER,STRATUS,1491,STRATUS (JA) 9.1994-4.2001,9.1994,4.2001,completed
538,CHRYSLER,VIPER,3945,VIPER 8.1992-12.1998,8.1992,12.1998,completed
539,CHRYSLER,VIPER,3946,VIPER Convertible 10.1991-12.1998,10.1991,12.1998,completed
540,CHRYSLER,VISION,1434,VISION 9.1993-12.1997,9.1993,12.1997,completed
541,CHRYSLER,VOYAGER,874,"VOYAGER IV (RG, RS) 9.1999-12.2008",9.1999,12.2008,completed
542,CHRYSLER,VOYAGER,41758,VOYAGER IV VAN (S_) 9.1999-12.2008,9.1999,12.2008,completed
543,CHRYSLER,VOYAGER,41743,VOYAGER III VAN (GS_) 1.1995-12.2001,1.1995,12.2001,completed
544,CHRYSLER,VOYAGER,9703,VOYAGER II (ES) 8.1990-9.1995,8.1990,9.1995,completed
545,CHRYSLER,VOYAGER,3477,VOYAGER I (AS) 8.1984-9.1990,8.1984,9.1990,completed
546,CHRYSLER,VOYAGER / GRAND VOYAGER,41606,VOYAGER / GRAND VOYAGER IV (RG) 2.2000-2.2008,2.2000,2.2008,completed
547,CHRYSLER,VOYAGER / GRAND VOYAGER,1456,"VOYAGER / GRAND VOYAGER III (GS_, NS_) 1.1992-3.2001",1.1992,3.2001,completed
548,CHRYSLER,YPSILON,10297,YPSILON 5.2011,5.2011,,completed
549,CITROËN,2 CV,168,2 CV 3.1963-8.1991,3.1963,8.1991,completed
550,CITROËN,ACADIANE,4500,ACADIANE 8.1978-10.1988,8.1978,10.1988,completed
551,CITROËN,AMI,41794,AMI (9A_) 4.2020,4.2020,,completed
552,CITROËN,AMI,1661,AMI Break 5.1968-12.1977,5.1968,12.1977,completed
553,CITROËN,AMI,1660,AMI 1.1963-12.1977,1.1963,12.1977,completed
554,CITROËN,AX,393,AX (ZA-_) 7.1986-12.1998,7.1986,12.1998,completed
555,CITROËN,AXEL,3502,AXEL 10.1981-3.1991,10.1981,3.1991,completed
556,CITROËN,BERLINGO,38837,"BERLINGO (ER_, EC_) 6.2018",6.2018,,completed
557,CITROËN,BERLINGO,39023,BERLINGO Box Body/MPV (K9) 6.2018,6.2018,,completed
558,CITROËN,BERLINGO,6732,BERLINGO Box Body/MPV (B9) 4.2008-4.2021,4.2008,4.2021,completed
559,CITROËN,BERLINGO,11260,BERLINGO Platform/Chassis (B9) 4.2008-4.2021,4.2008,4.2021,completed
560,CITROËN,BERLINGO,1553,BERLINGO / BERLINGO FIRST Box Body/MPV (M_) 7.1996-12.2011,7.1996,12.2011,completed
561,CITROËN,BERLINGO,1567,"BERLINGO / BERLINGO FIRST MPV (MF_, GJK_, GFK_) 7.1996",7.1996,,completed
562,CITROËN,BERLINGO / BERLINGO FIRST,1553,BERLINGO / BERLINGO FIRST Box Body/MPV (M_) 7.1996-12.2011,7.1996,12.2011,completed
563,CITROËN,BERLINGO / BERLINGO FIRST,1567,"BERLINGO / BERLINGO FIRST MPV (MF_, GJK_, GFK_) 7.1996",7.1996,,completed
564,CITROËN,BERLINGO MULTISPACE,6731,BERLINGO MULTISPACE (B9) 4.2008-4.2021,4.2008,4.2021,completed
565,CITROËN,BX,413,BX Break (XB-_) 4.1983-12.1994,4.1983,12.1994,completed
566,CITROËN,BX,410,BX (XB-_) 10.1982-12.1994,10.1982,12.1994,completed
567,CITROËN,BX,39812,BX Van (XB-_) 9.1982-1.1992,9.1982,1.1992,completed
568,CITROËN,C-CROSSER,6230,"C-CROSSER (VU_, VV_) 2.2007-12.2012",2.2007,12.2012,completed
569,CITROËN,C-CROSSER,41605,C-CROSSER Van (VU_) 2.2007-12.2012,2.2007,12.2012,completed
570,CITROËN,C-CROSSER ENTERPRISE,8612,"C-CROSSER ENTERPRISE (VU_, VV_) 1.2009",1.2009,,completed
571,CITROËN,C-ELYSEE,10869,C-ELYSEE (DD_) 11.2012,11.2012,,completed
572,CITROËN,C-ZERO,8527,C-ZERO 10.2010,10.2010,,completed
573,CITROËN,C1,12793,"C1 II (PA_, PS_) 4.2014-7.2021",4.2014,7.2021,completed
574,CITROËN,C1,5413,"C1 (PM_, PN_) 6.2005-9.2014",6.2005,9.2014,completed
575,CITROËN,C15,38911,C15 Platform/Chassis (VDPD) 11.1992-10.2002,11.1992,10.2002,completed
576,CITROËN,C15,7601,C15 Estate 4.1987-8.2000,4.1987,8.2000,completed
577,CITROËN,C15,421,C15 Box Body/MPV (VD_) 10.1984-10.2006,10.1984,10.2006,completed
578,CITROËN,C2,4998,C2 (JM_) 7.2003-9.2017,7.2003,9.2017,completed
579,CITROËN,C2 ENTERPRISE,8610,C2 ENTERPRISE (JG_) 11.2003-12.2009,11.2003,12.2009,completed
580,CITROËN,C25,425,"C25 Bus (280_, 290_) 7.1981-2.1994",7.1981,2.1994,completed
581,CITROËN,C25,3522,"C25 Platform/Chassis (280_, 290_) 7.1981-3.1994",7.1981,3.1994,completed
582,CITROËN,C25,3521,"C25 Van (280_, 290_) 7.1981-7.1994",7.1981,7.1994,completed
583,CITROËN,C3,45170,"C3 IV (CC_, CB_) 1.2024",1.2024,,completed
584,CITROËN,C3,39647,"C3 III Van (SX_, SY_) 7.2016",7.2016,,completed
585,CITROËN,C3,8254,C3 II (SC_) 9.2009,9.2009,,completed
586,CITROËN,C3,4990,C3 Pluriel (HB_) 5.2003,5.2003,,completed
587,CITROËN,C3,4841,"C3 I (FC_, FN_) 2.2002-12.2013",2.2002,12.2013,completed
588,CITROËN,C3 / C3 ORIGIN,37098,C3 III (SX) 7.2016,7.2016,,completed
589,CITROËN,C3 AIRCROSS,45456,C3 AIRCROSS III (SJ_) 11.2023,11.2023,,completed
590,CITROËN,C3 AIRCROSS,38129,"C3 AIRCROSS II (2R_, 2C_) 6.2017",6.2017,,completed
591,CITROËN,C3 AIRCROSS,39648,"C3 AIRCROSS II Van (2R_, 2C_) 6.2017",6.2017,,completed
592,CITROËN,C3 PICASSO,7578,C3 PICASSO (SH_) 12.2008,12.2008,,completed
593,CITROËN,C35,4911,C35 Bus 11.1973-1.1994,11.1973,1.1994,completed
594,CITROËN,C35,5447,C35 Platform/Chassis 11.1973-1.1994,11.1973,1.1994,completed
595,CITROËN,C4,40970,"C4 III (BA_, BB_, BC_) 10.2020",10.2020,,completed
596,CITROËN,C4,14320,C4 II Saloon (NC_) 1.2013,1.2013,,completed
597,CITROËN,C4,38908,C4 II Hatchback Van (NC_) 11.2009,11.2009,,completed
598,CITROËN,C4,9006,C4 II (NC_) 2.2009,2.2009,,completed
599,CITROËN,C4,8498,C4 I Saloon 7.2006-11.2014,7.2006,11.2014,completed
600,CITROËN,C4,38917,C4 I Hatchback Van (LR_) 2.2005-12.2010,2.2005,12.2010,completed
601,CITROËN,C4,5220,C4 Coupe (LA_) 11.2004-12.2013,11.2004,12.2013,completed
602,CITROËN,C4,5221,C4 I (LC_) 11.2004-12.2014,11.2004,12.2014,completed
603,CITROËN,C4 AIRCROSS,9900,C4 AIRCROSS 8.2010,8.2010,,completed
604,CITROËN,C4 CACTUS,12794,C4 CACTUS 9.2014,9.2014,,completed
605,CITROËN,C4 CACTUS,39651,"C4 CACTUS Van (0B_, 0P_) 9.2014",9.2014,,completed
606,CITROËN,C4 GRAND PICASSO,11572,"C4 GRAND PICASSO II (DA_, DE_) 6.2013",6.2013,,completed
607,CITROËN,C4 GRAND PICASSO,6231,C4 GRAND PICASSO I (UA_) 10.2006-12.2013,10.2006,12.2013,completed
608,CITROËN,C4 PICASSO,11238,C4 PICASSO II 1.2013,1.2013,,completed
609,CITROËN,C4 PICASSO,5601,C4 PICASSO I MPV (UD_) 10.2006-12.2015,10.2006,12.2015,completed
610,CITROËN,C4 SPACETOURER,38679,C4 SPACETOURER (3D_) 4.2018,4.2018,,completed
611,CITROËN,C4 SPACETOURER,39655,C4 SPACETOURER Van (3D_) 4.2018,4.2018,,completed
612,CITROËN,C4 X,43684,"C4 X (BD_, BE_, BF_) 9.2022",9.2022,,completed
613,CITROËN,C5,6729,C5 III (RD_) 2.2008-5.2017,2.2008,5.2017,completed
614,CITROËN,C5,6730,C5 III Break (RW_) 2.2008-5.2017,2.2008,5.2017,completed
615,CITROËN,C5,5391,C5 II Break (RE_) 9.2004-8.2008,9.2004,8.2008,completed
616,CITROËN,C5,5390,C5 II (RC_) 8.2004-9.2008,8.2004,9.2008,completed
617,CITROËN,C5,38916,C5 I Estate Van (DE_) 6.2002-8.2004,6.2002,8.2004,completed
618,CITROËN,C5,4775,C5 I Break (DE_) 6.2001-9.2004,6.2001,9.2004,completed
619,CITROËN,C5,4749,C5 I (DC_) 3.2001-3.2005,3.2001,3.2005,completed
620,CITROËN,C5 AIRCROSS,38929,"C5 AIRCROSS (AC_, AJ_, AR_, A4_) 11.2018",11.2018,,completed
621,CITROËN,C5 X,42435,"C5 X (ND_, NC_) 9.2021",9.2021,,completed
622,CITROËN,C6,5432,C6 (TD_) 9.2005-12.2013,9.2005,12.2013,completed
623,CITROËN,C8,4904,"C8 (EA_, EB_) 6.2002",6.2002,,completed
624,CITROËN,C8,41604,"C8 Van (EA_, EB_) 6.2002",6.2002,,completed
625,CITROËN,CX,249,CX II 7.1985-12.1992,7.1985,12.1992,completed
626,CITROËN,CX,3911,CX II Break 7.1985-12.1992,7.1985,12.1992,completed
627,CITROËN,CX,235,CX I Break (MA) 9.1975-8.1985,9.1975,8.1985,completed
628,CITROËN,CX,244,CX I (MA) 9.1974-8.1985,9.1974,8.1985,completed
629,CITROËN,DISPATCH,37499,DISPATCH III Platform/Chassis (V_) 9.2016,9.2016,,completed
630,CITROËN,DISPATCH,36452,DISPATCH III Van (V_) 4.2016,4.2016,,completed
631,CITROËN,DS,1657,DS Break 1.1972-7.1975,1.1972,7.1975,completed
632,CITROËN,DS,283,DS 5.1959-8.1975,5.1959,8.1975,completed
633,CITROËN,DS,4680,DS Convertible 8.1956-6.1974,8.1956,6.1974,completed
634,CITROËN,DS3,11128,DS3 Convertible 1.2013-7.2015,1.2013,7.2015,completed
635,CITROËN,DS3,8255,DS3 (SA_) 11.2009-12.2016,11.2009,12.2016,completed
636,CITROËN,DS4,9130,DS4 (NX_) 3.2011-7.2015,3.2011,7.2015,completed
637,CITROËN,DS5,9685,DS5 9.2011-12.2016,9.2011,12.2016,completed
638,CITROËN,DYANE,296,DYANE 8.1967-10.1984,8.1967,10.1984,completed
639,CITROËN,E-MEHARI,36854,E-MEHARI 6.2016,6.2016,,completed
640,CITROËN,EVASION,389,"EVASION MPV (22, U6) 3.1994-7.2002",3.1994,7.2002,completed
641,CITROËN,EVASION,41607,"EVASION Van (U6_, AF_) 3.1994-10.2002",3.1994,10.2002,completed
642,CITROËN,GRAND C4 SPACETOURER,38680,"GRAND C4 SPACETOURER (3A_, 3E_) 4.2018",4.2018,,completed
643,CITROËN,GRAND C4 SPACETOURER,39656,"GRAND C4 SPACETOURER Van (3A_, 3E_) 4.2018",4.2018,,completed
644,CITROËN,GS,527,GS Break 7.1971-7.1986,7.1971,7.1986,completed
645,CITROËN,GS,523,GS 9.1970-7.1986,9.1970,7.1986,completed
646,CITROËN,HY,4532,HY 11.1969-8.1977,11.1969,8.1977,completed
647,CITROËN,ID,1659,ID Break 1.1966-8.1975,1.1966,8.1975,completed
648,CITROËN,ID,1658,ID 8.1959-8.1975,8.1959,8.1975,completed
649,CITROËN,ID,4681,ID Convertible 3.1956-12.1965,3.1956,12.1965,completed
650,CITROËN,JUMPER,5575,JUMPER III Bus 4.2006,4.2006,,completed
651,CITROËN,JUMPER,4895,"JUMPER II Bus (244, Z_) 4.2002",4.2002,,completed
652,CITROËN,JUMPER,4896,JUMPER II Van (244) 4.2002,4.2002,,completed
653,CITROËN,JUMPER,4909,JUMPER II Platform/Chassis (244) 2.2002,2.2002,,completed
654,CITROËN,JUMPER,4053,JUMPER I Platform/Chassis (230) 3.1994-4.2002,3.1994,4.2002,completed
655,CITROËN,JUMPER,16,JUMPER I Bus (230P) 2.1994-4.2002,2.1994,4.2002,completed
656,CITROËN,JUMPER,3396,JUMPER I Van (230L) 2.1994-8.2002,2.1994,8.2002,completed
657,CITROËN,JUMPY,37059,JUMPY III Bus (V_) 4.2016,4.2016,,completed
658,CITROËN,JUMPY,5640,JUMPY II (VF7) 1.2007-3.2016,1.2007,3.2016,completed
659,CITROËN,JUMPY,5641,JUMPY II Van 1.2007-3.2016,1.2007,3.2016,completed
660,CITROËN,JUMPY,14858,JUMPY II Platform/Chassis 11.2006,11.2006,,completed
661,CITROËN,JUMPY,4684,"JUMPY I Platform/Chassis (BU_, BV_, BW_, BX_) 10.1999-10.2006",10.1999,10.2006,completed
662,CITROËN,JUMPY,1542,JUMPY I (U6U_) 6.1994-12.2006,6.1994,12.2006,completed
663,CITROËN,JUMPY,4683,"JUMPY I Van (BS_, BT_, BY_, BZ_) 6.1994-10.2006",6.1994,10.2006,completed
664,CITROËN,LNA,231,LNA 11.1976-10.1986,11.1976,10.1986,completed
665,CITROËN,MEHARI,4682,MEHARI 5.1968-10.1987,5.1968,10.1987,completed
666,CITROËN,NEMO,8143,NEMO MPV 4.2009,4.2009,,completed
667,CITROËN,NEMO,6733,NEMO Box Body/MPV (AA_) 2.2008,2.2008,,completed
668,CITROËN,RELAY,5577,RELAY III Platform/Chassis 4.2006,4.2006,,completed
669,CITROËN,RELAY,5576,RELAY III Van 4.2006,4.2006,,completed
670,CITROËN,SAXO,1540,"SAXO (S0, S1) 2.1996-4.2004",2.1996,4.2004,completed
671,CITROËN,SM,1683,SM 4.1970-12.1975,4.1970,12.1975,completed
672,CITROËN,SPACETOURER,36350,SPACETOURER Bus (V_) 4.2016,4.2016,,completed
673,CITROËN,TRACTION AVANT,8563,"TRACTION AVANT (7C, 11B) 3.1950-4.1956",3.1950,4.1956,completed
674,CITROËN,VISA,4686,VISA Convertible 3.1983-10.1988,3.1983,10.1988,completed
675,CITROËN,VISA,502,VISA 9.1978-3.1991,9.1978,3.1991,completed
676,CITROËN,XANTIA,38912,XANTIA Estate Van (X2_) 12.1997-4.2003,12.1997,4.2003,completed
677,CITROËN,XANTIA,1457,"XANTIA Break (X1_, X2_) 6.1995-4.2003",6.1995,4.2003,completed
678,CITROËN,XANTIA,76,"XANTIA (X1_, X2_) 3.1993-4.2003",3.1993,4.2003,completed
679,CITROËN,XM,3416,XM (Y4) 5.1994-10.2000,5.1994,10.2000,completed
680,CITROËN,XM,3912,XM Break (Y4) 5.1994-10.2000,5.1994,10.2000,completed
681,CITROËN,XM,122,XM (Y3) 5.1989-10.1994,5.1989,10.1994,completed
682,CITROËN,XM,127,XM Break (Y3) 5.1989-7.1994,5.1989,7.1994,completed
683,CITROËN,XSARA,9983,XSARA Estate Van 5.1998-8.2005,5.1998,8.2005,completed
684,CITROËN,XSARA,37943,XSARA Hatchback Van (N3_) 5.1998-3.2005,5.1998,3.2005,completed
685,CITROËN,XSARA,3433,XSARA Coupe (N0) 1.1998-4.2005,1.1998,4.2005,completed
686,CITROËN,XSARA,3392,XSARA Break (N2) 10.1997-3.2010,10.1997,3.2010,completed
687,CITROËN,XSARA,2042,XSARA (N1) 4.1997-12.2005,4.1997,12.2005,completed
688,CITROËN,XSARA PICASSO,4172,XSARA PICASSO (N68) 9.1999-6.2012,9.1999,6.2012,completed
689,CITROËN,ZX,3469,ZX Break (N2) 10.1993-7.1999,10.1993,7.1999,completed
690,CITROËN,ZX,153,ZX (N2) 3.1991-7.1999,3.1991,7.1999,completed
691,DACIA,1300,1831,1300 12.1972-5.1983,12.1972,5.1983,completed
692,DACIA,1300,1842,1300 Estate 12.1972-5.1983,12.1972,5.1983,completed
693,DACIA,1310,1843,1310 Estate 5.1983-7.2004,5.1983,7.2004,completed
694,DACIA,1310,1832,"1310 Saloon (U, X) 5.1983-7.2004",5.1983,7.2004,completed
695,DACIA,BIGSTER,45884,BIGSTER 10.2024,10.2024,,completed
696,DACIA,DOKKER,11137,DOKKER Box Body/MPV 11.2012-12.2021,11.2012,12.2021,completed
697,DACIA,DOKKER,10868,DOKKER MPV (KE_) 11.2012-12.2021,11.2012,12.2021,completed
698,DACIA,DUSTER,45296,"DUSTER (PYM_, PYN_) 11.2023",11.2023,,completed
699,DACIA,DUSTER,38462,DUSTER (HM_) 10.2017,10.2017,,completed
700,DACIA,DUSTER,14955,DUSTER SUV Van (HS_) 4.2011,4.2011,,completed
701,DACIA,DUSTER,8547,DUSTER (HS_) 4.2010-1.2018,4.2010,1.2018,completed
702,DACIA,JOGGER,42575,JOGGER (RK_) 9.2021,9.2021,,completed
703,DACIA,LODGY,10162,LODGY (JS_) 3.2012,3.2012,,completed
704,DACIA,LOGAN,42574,LOGAN III (3K_) 5.2021,5.2021,,completed
705,DACIA,LOGAN,11138,LOGAN II 10.2012,10.2012,,completed
706,DACIA,LOGAN,8042,LOGAN Pickup (US_) 3.2008,3.2008,,completed
707,DACIA,LOGAN,8041,LOGAN EXPRESS (FS_) 10.2007,10.2007,,completed
708,DACIA,LOGAN,5380,LOGAN (LS_) 8.2004,8.2004,,completed
709,DACIA,LOGAN MCV,11291,LOGAN MCV II 2.2013,2.2013,,completed
710,DACIA,LOGAN MCV,5620,LOGAN MCV (KS_) 2.2007,2.2007,,completed
711,DACIA,NOVA,8022,NOVA 4.1996-3.2003,4.1996,3.2003,completed
712,DACIA,SANDERO,42137,SANDERO III 1.2021,1.2021,,completed
713,DACIA,SANDERO,10963,SANDERO II (B8_) 10.2012,10.2012,,completed
714,DACIA,SANDERO,7539,SANDERO (BS_) 6.2008-6.2013,6.2008,6.2013,completed
715,DACIA,SOLENZA,6445,SOLENZA (B41_) 2.2003,2.2003,,completed
716,DACIA,SPRING,41338,SPRING 10.2020,10.2020,,completed
717,DAEWOO,CIELO,5944,CIELO 6.1994-12.2007,6.1994,12.2007,completed
718,DAEWOO,DAMAS,5975,DAMAS Bus 3.1995-12.2011,3.1995,12.2011,completed
719,DAEWOO,DAMAS,5976,DAMAS Van 10.1991-12.2011,10.1991,12.2011,completed
720,DAEWOO,ESPERO,1303,ESPERO (KLEJ) 10.1991-9.1999,10.1991,9.1999,completed
721,DAEWOO,EVANDA,4973,EVANDA (KLAL) 8.2002,8.2002,,completed
722,DAEWOO,KALOS,6057,KALOS Saloon (KLAS) 11.2002-12.2004,11.2002,12.2004,completed
723,DAEWOO,KALOS,4950,KALOS (KLAS) 9.2002,9.2002,,completed
724,DAEWOO,KORANDO,4087,KORANDO Cabrio (KJ) 2.1999,2.1999,,completed
725,DAEWOO,KORANDO,4086,KORANDO (KJ) 11.1998,11.1998,,completed
726,DAEWOO,LACETTI,5046,LACETTI Hatchback (KLAN) 2.2002,2.2002,,completed
727,DAEWOO,LANOS,3512,LANOS (KLAT) 4.1997,4.1997,,completed
728,DAEWOO,LANOS,3410,LANOS Saloon (KLAT) 2.1997,2.1997,,completed
729,DAEWOO,LEGANZA,3413,LEGANZA (KLAV) 3.1997-4.2004,3.1997,4.2004,completed
730,DAEWOO,LEMANS,6075,LEMANS 9.1990-5.1997,9.1990,5.1997,completed
731,DAEWOO,MATIZ,38145,"MATIZ (M200, M250) 1.2005-12.2018",1.2005,12.2018,completed
732,DAEWOO,MATIZ,3890,"MATIZ (M100, M150) 9.1998",9.1998,,completed
733,DAEWOO,MATIZ,8585,MATIZ Hatchback Van (KLA4) 8.1998-8.2002,8.1998,8.2002,completed
734,DAEWOO,MUSSO,4085,MUSSO (FJ) 7.1998,7.1998,,completed
735,DAEWOO,NEXIA,1304,NEXIA 2.1995-8.1997,2.1995,8.1997,completed
736,DAEWOO,NEXIA,1305,NEXIA Saloon 2.1995-6.2008,2.1995,6.2008,completed
737,DAEWOO,NUBIRA,4979,NUBIRA Saloon (J200) 7.2003,7.2003,,completed
738,DAEWOO,NUBIRA,5607,NUBIRA Wagon (J200) 7.2003,7.2003,,completed
739,DAEWOO,NUBIRA,38270,NUBIRA Estate (J150) 6.1999-10.2003,6.1999,10.2003,completed
740,DAEWOO,NUBIRA,38269,NUBIRA Saloon (J150) 6.1999-10.2003,6.1999,10.2003,completed
741,DAEWOO,NUBIRA,3411,NUBIRA (J100) 4.1997,4.1997,,completed
742,DAEWOO,NUBIRA,3513,NUBIRA Saloon (J100) 4.1997,4.1997,,completed
743,DAEWOO,NUBIRA,3412,NUBIRA Wagon (J100) 4.1997,4.1997,,completed
744,DAEWOO,PRINCE,5831,PRINCE (J19) 8.1990-8.1999,8.1990,8.1999,completed
745,DAEWOO,REXTON,4925,REXTON (GAB_) 4.2002,4.2002,,completed
746,DAEWOO,REZZO,4642,REZZO (U100) 6.2000,6.2000,,completed
747,DAEWOO,TICO,1306,TICO (KLY3) 2.1995-12.2000,2.1995,12.2000,completed
748,DAEWOO,TOSCA,6186,TOSCA 2.2006,2.2006,,completed
749,DAIHATSU,55 WIDE,5844,55 WIDE Pick-up 4.1980-4.1983,4.1980,4.1983,completed
750,DAIHATSU,55 WIDE,5846,55 WIDE Platform/Chassis 4.1980-4.1983,4.1980,4.1983,completed
751,DAIHATSU,55 WIDE,5845,55 WIDE Van 9.1977-4.1983,9.1977,4.1983,completed
752,DAIHATSU,APPLAUSE,4180,APPLAUSE II Hatchback (A101) 7.1997-5.2000,7.1997,5.2000,completed
753,DAIHATSU,APPLAUSE,1181,"APPLAUSE I Hatchback (A101, A111) 6.1989-7.1997",6.1989,7.1997,completed
754,DAIHATSU,CHARADE,9726,CHARADE VIII 5.2011,5.2011,,completed
755,DAIHATSU,CHARADE,1968,CHARADE IV Saloon (G203) 3.1993-1.2001,3.1993,1.2001,completed
756,DAIHATSU,CHARADE,1179,"CHARADE IV (G200, G202) 1.1993-9.2000",1.1993,9.2000,completed
757,DAIHATSU,CHARADE,1182,"CHARADE III (G100, G101, G102) 1.1987-7.1993",1.1987,7.1993,completed
758,DAIHATSU,CHARADE,5015,CHARADE III Saloon (G102) 1.1987-7.1993,1.1987,7.1993,completed
759,DAIHATSU,CHARADE,1174,"CHARADE II (G11, G30) 1.1983-5.1987",1.1983,5.1987,completed
760,DAIHATSU,CHARADE,1183,CHARADE I (G10) 10.1977-5.1984,10.1977,5.1984,completed
761,DAIHATSU,CHARMANT,1178,CHARMANT (A) 10.1981-7.1987,10.1981,7.1987,completed
762,DAIHATSU,COPEN,5033,"COPEN (L880_, L881_) 3.2002-9.2012",3.2002,9.2012,completed
763,DAIHATSU,CUORE,6454,"CUORE VII (L275_, L285_, L276_) 12.2006",12.2006,,completed
764,DAIHATSU,CUORE,4996,"CUORE VI (L251, L250_, L260_) 3.2003",3.2003,,completed
765,DAIHATSU,CUORE,4054,CUORE V (L7_) 10.1998-5.2003,10.1998,5.2003,completed
766,DAIHATSU,CUORE,1327,CUORE IV (L501) 8.1994-12.1999,8.1994,12.1999,completed
767,DAIHATSU,CUORE,1175,"CUORE III (L200, L201) 8.1990-4.1995",8.1990,4.1995,completed
768,DAIHATSU,CUORE,3475,"CUORE II (L80, L81) 9.1985-12.1990",9.1985,12.1990,completed
769,DAIHATSU,CUORE,1180,"CUORE I (L55, L60) 8.1980-9.1985",8.1980,9.1985,completed
770,DAIHATSU,EXTOL,5151,"EXTOL Bus (S22_, S23_) 7.2000-11.2011",7.2000,11.2011,completed
771,DAIHATSU,EXTOL,10464,EXTOL Van 7.2000,7.2000,,completed
772,DAIHATSU,FEROZA,1969,FEROZA Hard Top (F300) 10.1988-12.1999,10.1988,12.1999,completed
773,DAIHATSU,FEROZA,1176,FEROZA Soft Top (F300) 10.1988-12.1999,10.1988,12.1999,completed
774,DAIHATSU,FOURTRAK,1970,"FOURTRAK (F7, F8) 6.1984-12.1998",6.1984,12.1998,completed
775,DAIHATSU,GRAN MAX,13591,GRAN MAX Bus (S40_) 10.2007,10.2007,,completed
776,DAIHATSU,GRAN MAX,13592,GRAN MAX Platform/Chassis (S40_) 10.2007,10.2007,,completed
777,DAIHATSU,GRAN MAX,40851,GRAN MAX Van (S40_) 10.2007,10.2007,,completed
778,DAIHATSU,GRAN MOVE,1884,GRAN MOVE (G3) 10.1996,10.1996,,completed
779,DAIHATSU,HIJET,10578,HIJET Platform/Chassis 12.2004,12.2004,,completed
780,DAIHATSU,HIJET,6031,HIJET Platform/Chassis 4.1998,4.1998,,completed
781,DAIHATSU,HIJET,3516,HIJET Bus (S85) 6.1993,6.1993,,completed
782,DAIHATSU,HIJET,3517,HIJET Van (S8_) 10.1991-10.2005,10.1991,10.2005,completed
783,DAIHATSU,HIJET,6029,HIJET Platform/Chassis (_U20) 7.1986-10.1990,7.1986,10.1990,completed
784,DAIHATSU,HIJET,4498,HIJET Bus 6.1986-6.1990,6.1986,6.1990,completed
785,DAIHATSU,HIJET,4499,HIJET Van (S8_) 6.1986-10.1990,6.1986,10.1990,completed
786,DAIHATSU,MATERIA,6225,MATERIA (M4_) 10.2006,10.2006,,completed
787,DAIHATSU,MOVE,1885,MOVE (L9_) 4.1997-9.2002,4.1997,9.2002,completed
788,DAIHATSU,MOVE,38105,MOVE (L6_) 6.1994-11.1999,6.1994,11.1999,completed
789,DAIHATSU,ROCKY Soft Top,1177,"ROCKY Soft Top (F7, F8) 2.1985-12.1998",2.1985,12.1998,completed
790,DAIHATSU,RUGGER,7351,RUGGER 5.1993-12.1999,5.1993,12.1999,completed
791,DAIHATSU,RUGGER,7350,RUGGER 4.1984-4.1993,4.1984,4.1993,completed
792,DAIHATSU,SIRION,5392,SIRION (M3_) 1.2005,1.2005,,completed
793,DAIHATSU,SPARCAR,4497,SPARCAR Bus (S7_) 7.1982-6.1986,7.1982,6.1986,completed
794,DAIHATSU,SPARCAR,4496,SPARCAR Van (S7_) 7.1982-6.1986,7.1982,6.1986,completed
795,DAIHATSU,STORIA,3546,STORIA (M1) 4.1998-4.2005,4.1998,4.2005,completed
796,DAIHATSU,TAFT,7141,TAFT 5.1993-6.2001,5.1993,6.2001,completed
797,DAIHATSU,TAFT,4487,TAFT 9.1976-2.1985,9.1976,2.1985,completed
798,DAIHATSU,TERIOS,5579,"TERIOS (J2_, F7__) 11.2005-12.2018",11.2005,12.2018,completed
799,DAIHATSU,TERIOS,2049,TERIOS (J1_) 3.1997-10.2006,3.1997,10.2006,completed
800,DAIHATSU,TERIOS KID,14972,"TERIOS KID (J11_, J13_) 5.1997-10.2012",5.1997,10.2012,completed
801,DAIHATSU,TREVIS,6229,TREVIS 6.2006,6.2006,,completed
802,DAIHATSU,WILDCAT/ROCKY,3913,WILDCAT/ROCKY (F70) 2.1985-4.1987,2.1985,4.1987,completed
803,DAIHATSU,WILDCAT/ROCKY,1971,WILDCAT/ROCKY (F75) 2.1985-4.1987,2.1985,4.1987,completed
804,DAIHATSU,YRV,4742,YRV (M2) 2.2001,2.2001,,completed
805,DODGE,AVENGER,6410,AVENGER 6.2007-12.2014,6.2007,12.2014,completed
806,DODGE,CALIBER,5628,CALIBER 6.2006,6.2006,,completed
807,DODGE,CARAVAN,4864,CARAVAN (RG_) 2.2000-12.2007,2.2000,12.2007,completed
808,DODGE,CARAVAN,4859,CARAVAN 1.1995-3.2001,1.1995,3.2001,completed
809,DODGE,CHALLENGER,10273,CHALLENGER Coupe 9.2007,9.2007,,completed
810,DODGE,CHARGER,10272,CHARGER 9.2010,9.2010,,completed
811,DODGE,DART,31163,DART Coupe 9.1969-12.1976,9.1969,12.1976,completed
812,DODGE,DURANGO,10275,DURANGO (WD) 12.2010,12.2010,,completed
813,DODGE,DURANGO,6798,DURANGO (HB) 9.2003-12.2010,9.2003,12.2010,completed
814,DODGE,GRAND CARAVAN,7417,GRAND CARAVAN 6.2007,6.2007,,completed
815,DODGE,JOURNEY,7572,JOURNEY 6.2008,6.2008,,completed
816,DODGE,JOURNEY,41686,JOURNEY VAN (JC) 6.2008,6.2008,,completed
817,DODGE,NEON,4855,NEON II 8.1999,8.1999,,completed
818,DODGE,NEON,4848,NEON 5.1994-8.1999,5.1994,8.1999,completed
819,DODGE,NITRO,7573,NITRO 9.2006-12.2013,9.2006,12.2013,completed
820,DODGE,NITRO,41681,NITRO VAN (KA) 9.2006-12.2011,9.2006,12.2011,completed
821,DODGE,RAM,6804,RAM Bus 10.1985-9.1993,10.1985,9.1993,completed
822,DODGE,RAM 1500,10950,"RAM 1500 Pickup (DJ, DS) 10.2008",10.2008,,completed
823,DODGE,RAM 1500,35954,RAM 1500 Crew Cab Pickup 9.2008-12.2010,9.2008,12.2010,completed
824,DODGE,RAM 1500,13126,RAM 1500 Extended Cab Pickup 9.2008-12.2010,9.2008,12.2010,completed
825,DODGE,RAM 1500,13125,RAM 1500 Standard Cab Pickup 9.2008-12.2010,9.2008,12.2010,completed
826,DODGE,RAM 1500,35131,RAM 1500 Crew Cab Pickup 9.2001-12.2008,9.2001,12.2008,completed
827,DODGE,RAM 1500,35132,RAM 1500 Extended Crew Cab Pickup 9.2001-12.2008,9.2001,12.2008,completed
828,DODGE,RAM 1500,35956,RAM 1500 Standard Cab Pickup 9.2001-12.2008,9.2001,12.2008,completed
829,DODGE,RAM 1500,10951,"RAM 1500 Pickup (D1, DC, DH, DM, DR) 6.2001-9.2008",6.2001,9.2008,completed
830,DODGE,RAM 2500,13123,RAM 2500 Crew Cab Pickup (DJ) 9.2008-12.2010,9.2008,12.2010,completed
831,DODGE,RAM 2500,13124,RAM 2500 Extended Crew Cab Pickup 9.2008-12.2010,9.2008,12.2010,completed
832,DODGE,RAM 2500,12974,RAM 2500 Standard Cab Pickup (DJ) 9.2008-12.2010,9.2008,12.2010,completed
833,DODGE,RAM 2500,10903,"RAM 2500 Pickup (DJ, DS) 1.2008",1.2008,,completed
834,DODGE,RAM 2500,11636,RAM 2500 Cab & Chassis 9.2001-12.2008,9.2001,12.2008,completed
835,DODGE,RAM 2500,35959,RAM 2500 Crew Cab Pickup 9.2001-12.2008,9.2001,12.2008,completed
836,DODGE,RAM 2500,35960,RAM 2500 Extended Crew Cab Pickup 9.2001-12.2008,9.2001,12.2008,completed
837,DODGE,RAM 2500,11120,"RAM 2500 Pickup (D1, DC, DH, DM, DR) 9.2001-12.2009",9.2001,12.2009,completed
838,DODGE,RAM 2500,35134,RAM 2500 Standard Cab Pickup 9.2001-12.2008,9.2001,12.2008,completed
839,DODGE,RAM 2500,11117,"RAM 2500 Pickup (BE, BR) 1.1993-12.2002",1.1993,12.2002,completed
840,DODGE,RAM 3500,11339,"RAM 3500 Pickup (DR, DH, D1, DC, DM) 1.2002-12.2009",1.2002,12.2009,completed
841,DODGE,RAM 3500,35962,RAM 3500 Crew Cab Pickup 9.2001-12.2008,9.2001,12.2008,completed
842,DODGE,RAM 3500,35963,RAM 3500 Extended Crew Cab Pickup 9.2001-12.2008,9.2001,12.2008,completed
843,DODGE,RAM 3500,35138,RAM 3500 Standard Cab Pickup 9.2001-12.2008,9.2001,12.2008,completed
844,DODGE,RAMCHARGER,6806,RAMCHARGER 1.1980-12.1996,1.1980,12.1996,completed
845,DODGE,STRATUS,4857,STRATUS 9.1994-4.2001,9.1994,4.2001,completed
846,DODGE,VIPER,10277,VIPER Coupe 1.2003,1.2003,,completed
847,DODGE,VIPER,5094,VIPER Convertible 9.2002-12.2017,9.2002,12.2017,completed
848,DODGE,VIPER,13203,VIPER Coupe 9.2002-12.2010,9.2002,12.2010,completed
849,FIAT,1100-1900,1858,1100-1900 (101_) 1.1950-12.1970,1.1950,12.1970,completed
850,FIAT,124,36387,124 Spider (348_) 3.2016,3.2016,,completed
851,FIAT,124,1838,124 Coupe (124_) 6.1967-2.1976,6.1967,2.1976,completed
852,FIAT,124,1837,124 Familiare (124_) 4.1967-3.1975,4.1967,3.1975,completed
853,FIAT,124,1836,124 (124_) 7.1966-7.1975,7.1966,7.1975,completed
854,FIAT,124,112,124 Spider (124_) 1.1966-11.1985,1.1966,11.1985,completed
855,FIAT,125,1859,125 (125_) 7.1967-3.1974,7.1967,3.1974,completed
856,FIAT,126,123,126 (126_) 9.1972-9.2000,9.1972,9.2000,completed
857,FIAT,127,1860,127 Panorama (127_) 1.1977-12.1986,1.1977,12.1986,completed
858,FIAT,127,128,127 (127_) 6.1971-5.1996,6.1971,5.1996,completed
859,FIAT,128,36944,128 Saloon (128_) 3.1983-9.1991,3.1983,9.1991,completed
860,FIAT,128,133,128 Coupe (128_) 3.1972-2.1981,3.1972,2.1981,completed
861,FIAT,128,1839,128 Familiare (128_) 10.1969-10.1982,10.1969,10.1982,completed
862,FIAT,128,139,128 (128_) 3.1969-12.1984,3.1969,12.1984,completed
863,FIAT,130,1841,130 Coupe (130_) 10.1971-3.1978,10.1971,3.1978,completed
864,FIAT,130,1840,130 (130_) 6.1969-3.1978,6.1969,3.1978,completed
865,FIAT,131,154,131 Familiare/Panorama (131_) 3.1975-12.1984,3.1975,12.1984,completed
866,FIAT,131,149,131 (131_) 10.1974-3.1987,10.1974,3.1987,completed
867,FIAT,132,3938,132 (132_) 4.1972-12.1982,4.1972,12.1982,completed
868,FIAT,147,4580,147 Panorama (147_) 4.1980-12.1995,4.1980,12.1995,completed
869,FIAT,147,4579,147 (147_) 10.1976-12.1996,10.1976,12.1996,completed
870,FIAT,1500,1863,1500 Convertible (116_) 6.1964-10.1967,6.1964,10.1967,completed
871,FIAT,1500-2300,1910,1500-2300 (118_) 7.1962-12.1970,7.1962,12.1970,completed
872,FIAT,1900,7563,1900 Coupe (101_) 1.1956-12.1958,1.1956,12.1958,completed
873,FIAT,238,790,238 (238_) 9.1966-6.1982,9.1966,6.1982,completed
874,FIAT,241,9120,241 Van (241_) 1.1966-12.1979,1.1966,12.1979,completed
875,FIAT,242,4531,242 Bus (242_) 10.1975-7.1982,10.1975,7.1982,completed
876,FIAT,242,803,242 Van (242_) 10.1975-7.1982,10.1975,7.1982,completed
877,FIAT,500,6396,500 (312_) 7.2007,7.2007,,completed
878,FIAT,500,437,"500 (111_, 101_, 110_) 1.1957-1.1976",1.1957,1.1976,completed
879,FIAT,500,1864,500 Estate (101_) 5.1950-12.1966,5.1950,12.1966,completed
880,FIAT,500 C,8500,500 C (312_) 9.2009,9.2009,,completed
881,FIAT,500e,41502,500e (332_) 10.2020,10.2020,,completed
882,FIAT,500e,41503,500e Convertible (332_) 10.2020,10.2020,,completed
883,FIAT,500L,10453,"500L (351_, 352_) 9.2012",9.2012,,completed
884,FIAT,500X,13243,500X (334_) 9.2014,9.2014,,completed
885,FIAT,600,1865,600 (113_) 3.1955-2.1977,3.1955,2.1977,completed
886,FIAT,600e / 600,44533,"600e / 600 (365_, 364_) 7.2023",7.2023,,completed
887,FIAT,850,1845,850 Spider (100_) 10.1965-12.1973,10.1965,12.1973,completed
888,FIAT,850,1866,850 (100_) 7.1964-10.1972,7.1964,10.1972,completed
889,FIAT,850,61,850 Coupe (100_) 7.1964-12.1972,7.1964,12.1972,completed
890,FIAT,900T/E Panorama,4575,900   T/E Panorama (200_) 1.1978-1.1986,1.1978,1.1986,completed
891,FIAT,900T/E Pulmino,4574,900   T/E Pulmino (200_) 1.1978-1.1986,1.1978,1.1986,completed
892,FIAT,ARGENTA,348,ARGENTA (132_) 5.1977-3.1987,5.1977,3.1987,completed
893,FIAT,BARCHETTA,1322,BARCHETTA (183_) 3.1995-5.2005,3.1995,5.2005,completed
894,FIAT,BRAVA,1458,BRAVA (182_) 10.1995-6.2003,10.1995,6.2003,completed
895,FIAT,BRAVO,6242,BRAVO II (198_) 11.2006-12.2016,11.2006,12.2016,completed
896,FIAT,BRAVO,1459,BRAVO I (182_) 10.1995-10.2001,10.1995,10.2001,completed
897,FIAT,CAMPAGNOLA,4584,CAMPAGNOLA (110_) 6.1974-10.1989,6.1974,10.1989,completed
898,FIAT,CINQUECENTO,15,CINQUECENTO (170_) 7.1991-7.1999,7.1991,7.1999,completed
899,FIAT,COUPE,3464,COUPE (175_) 11.1993-8.2000,11.1993,8.2000,completed
900,FIAT,CROMA,39026,CROMA Estate Van (194_) 4.2006-12.2011,4.2006,12.2011,completed
901,FIAT,CROMA,5449,CROMA (194_) 6.2005-12.2011,6.2005,12.2011,completed
902,FIAT,CROMA,226,CROMA (154_) 12.1985-12.1996,12.1985,12.1996,completed
903,FIAT,DINO,7954,DINO Coupe (135) 1.1967-12.1972,1.1967,12.1972,completed
904,FIAT,DINO,7953,DINO Spider (135) 1.1966-12.1972,1.1966,12.1972,completed
905,FIAT,DOBLO,43544,"DOBLO Box Body/MPV (510_, 511_) 6.2022",6.2022,,completed
906,FIAT,DOBLO,43543,"DOBLO MPV (510_, 511_, 360_, 361_) 6.2022",6.2022,,completed
907,FIAT,DOBLO,8618,DOBLO Cargo (263_) 2.2010,2.2010,,completed
908,FIAT,DOBLO,9205,DOBLO Platform/Chassis (263_) 2.2010-12.2023,2.2010,12.2023,completed
909,FIAT,DOBLO,8617,DOBLO Bus (263_) 11.2009-12.2023,11.2009,12.2023,completed
910,FIAT,DOBLO,4728,"DOBLO MPV (119_, 223_) 3.2001",3.2001,,completed
911,FIAT,DOBLO,4743,DOBLO Box Body/MPV (223_) 11.2000,11.2000,,completed
912,FIAT,DUCATO,5630,DUCATO Bus (250_) 7.2006,7.2006,,completed
913,FIAT,DUCATO,5632,DUCATO Platform/Chassis (250_) 7.2006,7.2006,,completed
914,FIAT,DUCATO,5631,DUCATO Van (250_) 7.2006,7.2006,,completed
915,FIAT,DUCATO,4893,DUCATO Bus (244_) 12.2001,12.2001,,completed
916,FIAT,DUCATO,4906,DUCATO Platform/Chassis (244_) 12.2001,12.2001,,completed
917,FIAT,DUCATO,4894,DUCATO Van (244_) 12.2001,12.2001,,completed
918,FIAT,DUCATO,1889,DUCATO Bus (230_) 3.1994-5.2005,3.1994,5.2005,completed
919,FIAT,DUCATO,4056,DUCATO Platform/Chassis (230_) 3.1994-4.2002,3.1994,4.2002,completed
920,FIAT,DUCATO,288,DUCATO Van (230_) 3.1994-5.2005,3.1994,5.2005,completed
921,FIAT,DUCATO,1888,DUCATO Panorama (290_) 1.1990-5.1994,1.1990,5.1994,completed
922,FIAT,DUCATO,3506,DUCATO Platform/Chassis (290_) 3.1989-5.1994,3.1989,5.1994,completed
923,FIAT,DUCATO,1594,DUCATO Van (290_) 3.1989-5.1994,3.1989,5.1994,completed
924,FIAT,DUCATO,3940,DUCATO Panorama (280_) 7.1982-8.1990,7.1982,8.1990,completed
925,FIAT,DUCATO,4562,DUCATO Platform/Chassis (280_) 7.1982-8.1990,7.1982,8.1990,completed
926,FIAT,DUCATO,1890,DUCATO Van (280_) 1.1982-2.1991,1.1982,2.1991,completed
927,FIAT,DUNA,3407,DUNA (146_) 1.1987-12.1991,1.1987,12.1991,completed
928,FIAT,DUNA,3408,DUNA Weekend (146_) 1.1987-10.2001,1.1987,10.2001,completed
929,FIAT,ELBA,4588,ELBA (146_) 10.1985-12.1997,10.1985,12.1997,completed
930,FIAT,FIORINO,7383,FIORINO Box Body/MPV (225_) 1.2007,1.2007,,completed
931,FIAT,FIORINO,41653,FIORINO MPV (225_) 1.2007,1.2007,,completed
932,FIAT,FIORINO,418,FIORINO Box Body/MPV (146_) 1.1988,1.1988,,completed
933,FIAT,FIORINO,41651,FIORINO MPV (146_) 1.1988-5.2000,1.1988,5.2000,completed
934,FIAT,FIORINO,422,FIORINO (147_) 1.1980-10.1993,1.1980,10.1993,completed
935,FIAT,FIORINO,414,FIORINO (127_) 10.1977-12.1987,10.1977,12.1987,completed
936,FIAT,FIORINO Pick up,4533,FIORINO Pick up (146_) 1.1988-5.2001,1.1988,5.2001,completed
937,FIAT,FIORINO Pick up,4534,FIORINO Pick up (147_) 10.1977-10.1989,10.1977,10.1989,completed
938,FIAT,FREEMONT,9564,FREEMONT (345_) 8.2011,8.2011,,completed
939,FIAT,FULLBACK,36352,"FULLBACK Pickup (502_, 503_) 1.2016",1.2016,,completed
940,FIAT,GRANDE PUNTO,38275,GRANDE PUNTO Van (199_) 10.2005-6.2013,10.2005,6.2013,completed
941,FIAT,GRANDE PUNTO,5450,GRANDE PUNTO (199_) 6.2005,6.2005,,completed
942,FIAT,IDEA,5097,IDEA (350_) 12.2003,12.2003,,completed
943,FIAT,JAGST,1867,JAGST (770_) 3.1968-2.1971,3.1968,2.1971,completed
944,FIAT,LINEA,6409,"LINEA (323_, 110_) 10.2006",10.2006,,completed
945,FIAT,MAREA,1571,MAREA Weekend (185_) 9.1996-12.2007,9.1996,12.2007,completed
946,FIAT,MAREA,1570,MAREA (185_) 5.1996-12.2007,5.1996,12.2007,completed
947,FIAT,MULTIPLA,3998,MULTIPLA (186_) 4.1999-6.2010,4.1999,6.2010,completed
948,FIAT,MULTIPLA VAN,41683,MULTIPLA VAN (186_) 4.1999-6.2010,4.1999,6.2010,completed
949,FIAT,PALIO,2046,"PALIO (178_, 171_, 371_) 4.1996",4.1996,,completed
950,FIAT,PALIO,2047,"PALIO Weekend (178_, 173_, 373_, 374_, 171_) 4.1996",4.1996,,completed
951,FIAT,PANDA,10004,"PANDA (312_, 319_) 2.2012",2.2012,,completed
952,FIAT,PANDA,7868,PANDA Hatchback Van (169_) 3.2004,3.2004,,completed
953,FIAT,PANDA,5055,PANDA (169_) 9.2003,9.2003,,completed
954,FIAT,PANDA,4586,PANDA Hatchback Van (141_) 1.1986-2.2004,1.1986,2.2004,completed
955,FIAT,PANDA,399,PANDA (141_) 3.1980-7.2004,3.1980,7.2004,completed
956,FIAT,PANDA VAN,13905,"PANDA VAN (312_, 519_) 2.2012",2.2012,,completed
957,FIAT,PREMIO,4596,PREMIO (146_) 3.1985-12.1996,3.1985,12.1996,completed
958,FIAT,PUNTO,10199,PUNTO (199_) 1.2012,1.2012,,completed
959,FIAT,PUNTO,9153,PUNTO Hatchback Van (199_) 4.2008,4.2008,,completed
960,FIAT,PUNTO,4770,PUNTO Hatchback Van (188_) 2.2000-12.2010,2.2000,12.2010,completed
961,FIAT,PUNTO,4278,PUNTO (188_) 9.1999-7.2012,9.1999,7.2012,completed
962,FIAT,PUNTO,3391,PUNTO Van (176_) 4.1996-2.2000,4.1996,2.2000,completed
963,FIAT,PUNTO,462,PUNTO Convertible (176_) 4.1994-6.2000,4.1994,6.2000,completed
964,FIAT,PUNTO,458,PUNTO (176_) 9.1993-9.1999,9.1993,9.1999,completed
965,FIAT,PUNTO EVO,38299,PUNTO EVO Hatchback Van (199_) 3.2009-2.2012,3.2009,2.2012,completed
966,FIAT,PUNTO EVO,8358,PUNTO EVO (199_) 7.2008,7.2008,,completed
967,FIAT,QUBO,7805,QUBO (225_) 2.2008,2.2008,,completed
968,FIAT,REGATA,34,REGATA (138_) 9.1983-8.1995,9.1983,8.1995,completed
969,FIAT,REGATA,38,REGATA Weekend (138_) 6.1983-8.1995,6.1983,8.1995,completed
970,FIAT,SCUDO,42860,SCUDO Bus 1.2022,1.2022,,completed
971,FIAT,SCUDO,42862,SCUDO Platform/Chassis 1.2022,1.2022,,completed
972,FIAT,SCUDO,42861,SCUDO Van 1.2022,1.2022,,completed
973,FIAT,SCUDO,5647,"SCUDO Bus (270_, 272_) 1.2007-3.2016",1.2007,3.2016,completed
974,FIAT,SCUDO,5649,"SCUDO Platform/Chassis (270_, 272_) 1.2007-3.2016",1.2007,3.2016,completed
975,FIAT,SCUDO,5648,"SCUDO Van (270_, 272_) 1.2007-3.2016",1.2007,3.2016,completed
976,FIAT,SCUDO,36213,SCUDO Platform/Chassis (220_) 9.1996-12.2006,9.1996,12.2006,completed
977,FIAT,SCUDO,1543,SCUDO Bus (220_) 2.1996-12.2006,2.1996,12.2006,completed
978,FIAT,SCUDO,4016,SCUDO Van (220_) 2.1996-12.2006,2.1996,12.2006,completed
979,FIAT,SEDICI,5560,SEDICI (189_) 6.2006-10.2014,6.2006,10.2014,completed
980,FIAT,SEICENTO / 600,4905,SEICENTO / 600 Hatchback Van (287_) 1.1998-1.2010,1.1998,1.2010,completed
981,FIAT,SEICENTO / 600,3399,SEICENTO / 600 (187_) 11.1997-1.2010,11.1997,1.2010,completed
982,FIAT,SIENA,4589,"SIENA (178_, 172_, 372_) 4.1996-12.2016",4.1996,12.2016,completed
983,FIAT,STILO,4951,STILO Multi Wagon (192_) 1.2003-8.2008,1.2003,8.2008,completed
984,FIAT,STILO,4787,STILO (192_) 10.2001-11.2010,10.2001,11.2010,completed
985,FIAT,STRADA,4199,"STRADA Pickup (178_, 278_) 2.1998",2.1998,,completed
986,FIAT,STRADA,81,STRADA Convertible (138_) 10.1979-7.1989,10.1979,7.1989,completed
987,FIAT,STRADA,86,STRADA (138_) 1.1978-12.1988,1.1978,12.1988,completed
988,FIAT,TALENTO,36750,TALENTO Bus (296_) 6.2016,6.2016,,completed
989,FIAT,TALENTO,36752,TALENTO Platform/Chassis (296_) 6.2016,6.2016,,completed
990,FIAT,TALENTO,36751,TALENTO Van (296_) 6.2016,6.2016,,completed
991,FIAT,TALENTO,4778,TALENTO Bus (290_) 3.1989-3.1994,3.1989,3.1994,completed
992,FIAT,TALENTO,4774,TALENTO Platform/Chassis (290_) 3.1989-3.1994,3.1989,3.1994,completed
993,FIAT,TALENTO,4773,TALENTO Van (290_) 3.1989-3.1994,3.1989,3.1994,completed
994,FIAT,TEMPRA,41793,TEMPRA S.W. (159_) 4.1990-7.1996,4.1990,7.1996,completed
995,FIAT,TEMPRA,364,TEMPRA (159_) 3.1990-12.1998,3.1990,12.1998,completed
996,FIAT,TEMPRA,369,TEMPRA S.W. (159_) 3.1990-10.1997,3.1990,10.1997,completed
997,FIAT,TIPO,36527,"TIPO Estate (356_, 357_) 3.2016",3.2016,,completed
998,FIAT,TIPO,36526,"TIPO Hatchback (356_, 357_) 3.2016",3.2016,,completed
999,FIAT,TIPO,14915,"TIPO Saloon (356_, 357_) 10.2015",10.2015,,completed
1000,FIAT,TIPO,404,TIPO (160_) 7.1987-10.1997,7.1987,10.1997,completed
1001,FIAT,TOPOLINO,44814,TOPOLINO 9.2023,9.2023,,completed
1002,FIAT,ULYSSE,42859,ULYSSE Bus 1.2022,1.2022,,completed
1003,FIAT,ULYSSE,4936,ULYSSE (179_) 8.2002-6.2011,8.2002,6.2011,completed
1004,FIAT,ULYSSE,476,ULYSSE (220_) 6.1994-8.2002,6.1994,8.2002,completed
1005,FIAT,UNO,11255,UNO Van (146_) 2.1988-12.2013,2.1988,12.2013,completed
1006,FIAT,UNO,480,"UNO (146_, 158_) 1.1983-12.2013",1.1983,12.2013,completed
1007,FIAT,X 1/9,71,X 1/9 (128_) 11.1972-12.1989,11.1972,12.1989,completed
1008,FORD,A-SERIES,44813,A-SERIES 1.1973-12.1982,1.1973,12.1982,completed
1009,FORD,B-MAX,10257,B-MAX (JK) 10.2012,10.2012,,completed
1010,FORD,B-MAX,13361,B-MAX Van (JK) 8.2012,8.2012,,completed
1011,FORD,C-MAX,13360,C-MAX II Van 10.2010-6.2019,10.2010,6.2019,completed
1012,FORD,C-MAX,8995,"C-MAX II (DXA/CB7, DXA/CEU) 4.2010-6.2019",4.2010,6.2019,completed
1013,FORD,C-MAX,6240,C-MAX (DM2) 2.2007-9.2010,2.2007,9.2010,completed
1014,FORD,CAPRI,3958,CAPRI III (GECP) 1.1978-4.1987,1.1978,4.1987,completed
1015,FORD,CAPRI,474,CAPRI II (GECP) 2.1974-12.1977,2.1974,12.1977,completed
1016,FORD,CAPRI,469,CAPRI I (ECJ) 12.1968-2.1974,12.1968,2.1974,completed
1017,FORD,CONSUL,1684,CONSUL (GGFL) 1.1972-12.1975,1.1972,12.1975,completed
1018,FORD,CONSUL,1685,CONSUL Coupe (GGCL) 1.1972-12.1975,1.1972,12.1975,completed
1019,FORD,CONSUL,1686,CONSUL Turnier (GGNL) 1.1972-12.1975,1.1972,12.1975,completed
1020,FORD,CORTINA,4699,CORTINA 10.1962-3.1972,10.1962,3.1972,completed
1021,FORD,CORTINA,4700,CORTINA Coupe 10.1962-3.1972,10.1962,3.1972,completed
1022,FORD,CORTINA,4701,CORTINA Estate 10.1962-3.1972,10.1962,3.1972,completed
1023,FORD,COUGAR,3556,COUGAR (EC_) 8.1998-12.2001,8.1998,12.2001,completed
1024,FORD,ECONOVAN,1050,"ECONOVAN (KBA, KCA) 3.1986-3.1992",3.1986,3.1992,completed
1025,FORD,ECONOVAN,4057,ECONOVAN Van (KAA) 5.1985-3.1992,5.1985,3.1992,completed
1026,FORD,ECOSPORT,11479,ECOSPORT 9.2011-12.2022,9.2011,12.2022,completed
1027,FORD,ESCORT,1463,"ESCORT VI (GAL, AAL, ABL) 1.1995-10.2002",1.1995,10.2002,completed
1028,FORD,ESCORT,1605,ESCORT VI Estate Van (AVL) 1.1995-6.2001,1.1995,6.2001,completed
1029,FORD,ESCORT,1464,"ESCORT VI Saloon (GAL, AFL) 1.1995-8.2002",1.1995,8.2002,completed
1030,FORD,ESCORT,1465,"ESCORT VI Turnier (GAL, ANL) 1.1995-10.2002",1.1995,10.2002,completed
1031,FORD,ESCORT,1466,ESCORT VI Convertible (ALL) 3.1994-8.2000,3.1994,8.2000,completed
1032,FORD,ESCORT,372,ESCORT V Saloon (AFL) 8.1993-1.1995,8.1993,1.1995,completed
1033,FORD,ESCORT,349,"ESCORT V (AAL, ABL) 7.1990-9.1996",7.1990,9.1996,completed
1034,FORD,ESCORT,3960,"ESCORT V Convertible (ALL, BJ2) 7.1990-1.1995",7.1990,1.1995,completed
1035,FORD,ESCORT,1604,ESCORT V Express (AVF) 7.1990-12.1994,7.1990,12.1994,completed
1036,FORD,ESCORT,358,ESCORT V Turnier (ANL) 7.1990-1.1995,7.1990,1.1995,completed
1037,FORD,ESCORT,1603,ESCORT IV Express (AVF) 2.1986-7.1990,2.1986,7.1990,completed
1038,FORD,ESCORT,3444,ESCORT IV Convertible (ALF) 1.1986-11.1992,1.1986,11.1992,completed
1039,FORD,ESCORT,344,"ESCORT IV Turnier (AWF, AVF) 10.1985-10.1990",10.1985,10.1990,completed
1040,FORD,ESCORT,326,ESCORT III Convertible (ALD) 9.1983-12.1989,9.1983,12.1989,completed
1041,FORD,ESCORT,335,"ESCORT IV (GAF, AWF, ABFT) 3.1983-10.1994",3.1983,10.1994,completed
1042,FORD,ESCORT,1606,ESCORT III Express (AVA) 1.1981-2.1986,1.1981,2.1986,completed
1043,FORD,ESCORT,322,ESCORT III (GAA) 9.1980-7.1986,9.1980,7.1986,completed
1044,FORD,ESCORT,330,ESCORT III Turnier (AWA) 9.1980-12.1985,9.1980,12.1985,completed
1045,FORD,ESCORT,3959,ESCORT II Turnier 4.1975-7.1981,4.1975,7.1981,completed
1046,FORD,ESCORT,317,ESCORT II (ATH) 3.1973-7.1981,3.1973,7.1981,completed
1047,FORD,ESCORT,1643,ESCORT I Turnier (ADH) 6.1968-3.1979,6.1968,3.1979,completed
1048,FORD,ESCORT,313,"ESCORT I (AFH, ATH) 1.1968-2.1976",1.1968,2.1976,completed
1049,FORD,ESCORT CLASSIC,4711,ESCORT CLASSIC Turnier (ANL) 2.1999-7.2000,2.1999,7.2000,completed
1050,FORD,ESCORT CLASSIC,4710,"ESCORT CLASSIC (AAL, ABL) 10.1998-7.2000",10.1998,7.2000,completed
1051,FORD,FIESTA,38818,FIESTA VII Van 9.2018,9.2018,,completed
1052,FORD,FIESTA,37787,"FIESTA VII (HJ, HF) 5.2017",5.2017,,completed
1053,FORD,FIESTA,9929,FIESTA Saloon 4.2010-4.2017,4.2010,4.2017,completed
1054,FORD,FIESTA,8611,FIESTA VI Van 8.2008-4.2017,8.2008,4.2017,completed
1055,FORD,FIESTA,7585,"FIESTA VI (CB1, CCN) 6.2008",6.2008,,completed
1056,FORD,FIESTA,7384,FIESTA V Van 5.2002-12.2010,5.2002,12.2010,completed
1057,FORD,FIESTA,4802,"FIESTA V (JH_, JD_) 11.2001-12.2014",11.2001,12.2014,completed
1058,FORD,FIESTA,4051,FIESTA Hatchback Van (JV_) 5.1998-8.2003,5.1998,8.2003,completed
1059,FORD,FIESTA,1517,"FIESTA Box Body/MPV (J5_, J3_) 2.1996",2.1996,,completed
1060,FORD,FIESTA,1467,"FIESTA IV (JA_, JB_) 8.1995-6.2006",8.1995,6.2006,completed
1061,FORD,FIESTA,3449,"FIESTA Box Body/MPV (F3L, F5L) 4.1989-2.1996",4.1989,2.1996,completed
1062,FORD,FIESTA,411,FIESTA III (GFJ) 1.1989-1.1997,1.1989,1.1997,completed
1063,FORD,FIESTA,407,FIESTA II (FBD) 9.1983-11.1989,9.1983,11.1989,completed
1064,FORD,FIESTA,3388,FIESTA Hatchback Van (FVD) 3.1983-12.1995,3.1983,12.1995,completed
1065,FORD,FIESTA,2056,FIESTA Hatchback Van (WFVT) 5.1976-11.1986,5.1976,11.1986,completed
1066,FORD,FIESTA,402,FIESTA I (GFBT) 5.1976-8.1983,5.1976,8.1983,completed
1067,FORD,FOCUS,39142,FOCUS IV Saloon (HM) 11.2018-11.2025,11.2018,11.2025,completed
1068,FORD,FOCUS,38774,FOCUS IV Turnier (HP) 9.2018-11.2025,9.2018,11.2025,completed
1069,FORD,FOCUS,38611,FOCUS IV (HN) 1.2018-11.2025,1.2018,11.2025,completed
1070,FORD,FOCUS,36895,FOCUS III Hatchback Van 1.2011-2.2020,1.2011,2.2020,completed
1071,FORD,FOCUS,9155,FOCUS III 7.2010-2.2020,7.2010,2.2020,completed
1072,FORD,FOCUS,9156,FOCUS III Saloon 7.2010-2.2020,7.2010,2.2020,completed
1073,FORD,FOCUS,9157,FOCUS III Turnier 7.2010-2.2020,7.2010,2.2020,completed
1074,FORD,FOCUS,5561,FOCUS II Convertible 10.2006-9.2010,10.2006,9.2010,completed
1075,FORD,FOCUS,5454,"FOCUS II Saloon (DB_, FCH, DH) 4.2005-9.2013",4.2005,9.2013,completed
1076,FORD,FOCUS,5210,"FOCUS II (DA_, HCP, DP) 7.2004-9.2013",7.2004,9.2013,completed
1077,FORD,FOCUS,39233,FOCUS II Estate Van 7.2004-7.2011,7.2004,7.2011,completed
1078,FORD,FOCUS,5397,"FOCUS II Station Wagon (DA_, FFS, DS) 7.2004-9.2012",7.2004,9.2012,completed
1079,FORD,FOCUS,3590,FOCUS I Saloon (DFW) 2.1999-11.2009,2.1999,11.2009,completed
1080,FORD,FOCUS,3589,FOCUS I Turnier (DNW) 2.1999-12.2007,2.1999,12.2007,completed
1081,FORD,FOCUS,3588,"FOCUS I (DAW, DBW) 9.1998-11.2009",9.1998,11.2009,completed
1082,FORD,FOCUS,38849,FOCUS I Estate Van (DNW) 8.1998-3.2005,8.1998,3.2005,completed
1083,FORD,FOCUS C-MAX,5056,FOCUS C-MAX (DM2) 10.2003-3.2007,10.2003,3.2007,completed
1084,FORD,FUSION,13128,MONDEO V Hatchback (CE) 9.2014-3.2022,9.2014,3.2022,completed
1085,FORD,FUSION,13129,MONDEO V Saloon (CD) 9.2012-3.2022,9.2012,3.2022,completed
1086,FORD,FUSION,4885,FUSION (JU_) 8.2002-12.2012,8.2002,12.2012,completed
1087,FORD,GALAXY,39652,GALAXY MK III VAN (CK) 3.2019-4.2023,3.2019,4.2023,completed
1088,FORD,GALAXY,13969,GALAXY III (CK) 1.2015-4.2023,1.2015,4.2023,completed
1089,FORD,GALAXY,5541,GALAXY II (WA6) 5.2006-6.2015,5.2006,6.2015,completed
1090,FORD,GALAXY,41613,GALAXY MK II VAN (WA6) 5.2006-6.2015,5.2006,6.2015,completed
1091,FORD,GALAXY,1317,GALAXY I (WGR) 3.1995-5.2006,3.1995,5.2006,completed
1092,FORD,GALAXY,41616,GALAXY MK I VAN (WGR) 3.1995-5.2006,3.1995,5.2006,completed
1093,FORD,GRANADA,3446,GRANADA Mk III Turnier (GGE) 5.1988-9.1994,5.1988,9.1994,completed
1094,FORD,GRANADA,223,GRANADA Mk III Saloon (GGE) 1.1986-12.1994,1.1986,12.1994,completed
1095,FORD,GRANADA,218,"GRANADA Mk III  (GAE, GGE) 4.1985-9.1994",4.1985,9.1994,completed
1096,FORD,GRANADA,514,GRANADA II (GU) 8.1977-8.1985,8.1977,8.1985,completed
1097,FORD,GRANADA,518,GRANADA Turnier (GNU) 8.1977-8.1985,8.1977,8.1985,completed
1098,FORD,GRANADA,79,"GRANADA (GGTL, GGFL) 1.1972-8.1977",1.1972,8.1977,completed
1099,FORD,GRANADA,1687,GRANADA I Coupe (GGCL) 1.1972-2.1976,1.1972,2.1976,completed
1100,FORD,GRANADA,1688,GRANADA Turnier (GGNL) 1.1972-8.1977,1.1972,8.1977,completed
1101,FORD,GRAND C-MAX,8996,"GRAND C-MAX (DXA/CB7, DXA/CEU) 12.2010-6.2019",12.2010,6.2019,completed
1102,FORD,GRAND C-MAX,13359,GRAND C-MAX Van 12.2010-6.2019,12.2010,6.2019,completed
1103,FORD,GT,37789,GT 9.2016,9.2016,,completed
1104,FORD,GT,5146,GT 6.2003,6.2003,,completed
1105,FORD,IKON,4802,"FIESTA V (JH_, JD_) 11.2001-12.2014",11.2001,12.2014,completed
1106,FORD,KA,8000,KA (RU8) 10.2008-5.2016,10.2008,5.2016,completed
1107,FORD,KA,1572,KA (RB_) 9.1996-11.2008,9.1996,11.2008,completed
1108,FORD,KA Van,9830,KA Van (RB) 5.2002-5.2005,5.2002,5.2005,completed
1109,FORD,KA+,13141,"KA+ III (UK, FK) 8.2014",8.2014,,completed
1110,FORD,KA+,13140,"KA+ III Saloon (TK, FK) 8.2014",8.2014,,completed
1111,FORD,KUGA,39686,KUGA III (DFK) 7.2019,7.2019,,completed
1112,FORD,KUGA,11097,KUGA II (DM2) 5.2012,5.2012,,completed
1113,FORD,KUGA,13357,KUGA II VAN 5.2012-12.2019,5.2012,12.2019,completed
1114,FORD,KUGA,7367,KUGA I 2.2008-11.2012,2.2008,11.2012,completed
1115,FORD,KUGA,41619,KUGA I VAN 2.2008-11.2012,2.2008,11.2012,completed
1116,FORD,MAVERICK,4641,MAVERICK 2.2001,2.2001,,completed
1117,FORD,MAVERICK,9852,MAVERICK VAN 6.1996-4.1998,6.1996,4.1998,completed
1118,FORD,MAVERICK,1310,"MAVERICK (UDS, UNS) 2.1993-4.1998",2.1993,4.1998,completed
1119,FORD,MONDEO,13128,MONDEO V Hatchback (CE) 9.2014-3.2022,9.2014,3.2022,completed
1120,FORD,MONDEO,13127,MONDEO V Turnier (CF) 9.2014-3.2022,9.2014,3.2022,completed
1121,FORD,MONDEO,13129,MONDEO V Saloon (CD) 9.2012-3.2022,9.2012,3.2022,completed
1122,FORD,MONDEO,6238,MONDEO IV (BA7) 3.2007-1.2015,3.2007,1.2015,completed
1123,FORD,MONDEO,6237,MONDEO IV Saloon (BA7) 3.2007-1.2015,3.2007,1.2015,completed
1124,FORD,MONDEO,6239,MONDEO IV Turnier (BA7) 3.2007-1.2015,3.2007,1.2015,completed
1125,FORD,MONDEO,39189,MONDEO IV Van 3.2007-1.2015,3.2007,1.2015,completed
1126,FORD,MONDEO,4725,MONDEO III (B5Y) 10.2000-3.2007,10.2000,3.2007,completed
1127,FORD,MONDEO,4721,MONDEO III Saloon (B4Y) 10.2000-9.2007,10.2000,9.2007,completed
1128,FORD,MONDEO,4726,MONDEO III Turnier (BWY) 10.2000-3.2007,10.2000,3.2007,completed
1129,FORD,MONDEO,1573,MONDEO II (BAP) 8.1996-9.2000,8.1996,9.2000,completed
1130,FORD,MONDEO,3487,MONDEO II Saloon (BFP) 8.1996-9.2000,8.1996,9.2000,completed
1131,FORD,MONDEO,1574,MONDEO II Turnier (BNP) 8.1996-9.2000,8.1996,9.2000,completed
1132,FORD,MONDEO,284,MONDEO I (GBP) 2.1993-8.1996,2.1993,8.1996,completed
1133,FORD,MONDEO,3447,MONDEO I Saloon (GBP) 1.1993-8.1996,1.1993,8.1996,completed
1134,FORD,MONDEO,292,MONDEO I Turnier (BNP) 1.1993-8.1996,1.1993,8.1996,completed
1135,FORD,ORION,378,ORION III (GAL) 1.1990-9.1996,1.1990,9.1996,completed
1136,FORD,ORION,373,ORION II (AFF) 12.1985-7.1990,12.1985,7.1990,completed
1137,FORD,ORION,368,ORION I (AFD) 7.1983-3.1986,7.1983,3.1986,completed
1138,FORD,P 100,4549,P 100 II 10.1987-12.1992,10.1987,12.1992,completed
1139,FORD,P 100,4550,P 100 I 4.1982-9.1987,4.1982,9.1987,completed
1140,FORD,PUMA,39675,"PUMA (J2K, CF7) 9.2019",9.2019,,completed
1141,FORD,PUMA,3961,PUMA (EC_) 3.1997-6.2002,3.1997,6.2002,completed
1142,FORD,RANGER,44486,RANGER IV 8.2022,8.2022,,completed
1143,FORD,RANGER,9853,RANGER (TKE) 4.2011,4.2011,,completed
1144,FORD,RANGER,9028,RANGER (ET) 1.2005-7.2012,1.2005,7.2012,completed
1145,FORD,RANGER,4509,"RANGER (ER, EQ, R_) 4.1997-12.2011",4.1997,12.2011,completed
1146,FORD,S-MAX,13884,"S-MAX (CJ, WA6) 1.2015-4.2023",1.2015,4.2023,completed
1147,FORD,S-MAX,5542,S-MAX (WA6) 5.2006-12.2014,5.2006,12.2014,completed
1148,FORD,SCORPIO,1315,"SCORPIO II (GFR, GGR) 10.1994-8.1998",10.1994,8.1998,completed
1149,FORD,SCORPIO,1316,"SCORPIO II Turnier (GNR, GGR) 10.1994-8.1998",10.1994,8.1998,completed
1150,FORD,SIERRA,246,"SIERRA II (GBG, GB4) 1.1987-2.1993",1.1987,2.1993,completed
1151,FORD,SIERRA,241,"SIERRA II Hatchback (GBC, GBG) 1.1987-3.1993",1.1987,3.1993,completed
1152,FORD,SIERRA,260,SIERRA II Turnier (BNG) 1.1987-2.1993,1.1987,2.1993,completed
1153,FORD,SIERRA,36948,SIERRA I Hatchback 2.1984-10.1995,2.1984,10.1995,completed
1154,FORD,SIERRA,251,SIERRA I Hatchback (GBC) 8.1982-2.1987,8.1982,2.1987,completed
1155,FORD,SIERRA,256,SIERRA Turnier (BNC) 8.1982-12.1986,8.1982,12.1986,completed
1156,FORD,STREET KA,4934,STREET KA (RL2) 3.2003-7.2005,3.2003,7.2005,completed
1157,FORD,TAUNUS,360,TAUNUS III Turnier (GBNS) 7.1979-12.1982,7.1979,12.1982,completed
1158,FORD,TAUNUS,341,"TAUNUS V (GBS, GBNS) 7.1979-12.1984",7.1979,12.1984,completed
1159,FORD,TAUNUS,351,"TAUNUS (GBTS, GBFS, CBTS) 5.1975-7.1980",5.1975,7.1980,completed
1160,FORD,TAUNUS,355,TAUNUS Turnier (GBNS) 5.1975-8.1979,5.1975,8.1979,completed
1161,FORD,TAUNUS,3492,TAUNUS (GBFK) 8.1970-2.1976,8.1970,2.1976,completed
1162,FORD,TAUNUS,1681,TAUNUS Coupe (GBCK) 8.1970-2.1976,8.1970,2.1976,completed
1163,FORD,TAUNUS,1682,TAUNUS Turnier (GBNK) 8.1970-2.1976,8.1970,2.1976,completed
1164,FORD,TAUNUS,346,TAUNUS (GBTK) 1.1970-2.1976,1.1970,2.1976,completed
1165,FORD,TAUNUS,1644,TAUNUS I 1.1951-8.1953,1.1951,8.1953,completed
1166,FORD,TAUNUS 12M,3489,TAUNUS 12M II Turnier (15G) 9.1966-6.1971,9.1966,6.1971,completed
1167,FORD,TAUNUS 12M,1649,TAUNUS 12M II (11G) 8.1966-6.1971,8.1966,6.1971,completed
1168,FORD,TAUNUS 12M,1650,TAUNUS 12M II (12G) 8.1966-6.1971,8.1966,6.1971,completed
1169,FORD,TAUNUS 12M,1651,TAUNUS 12M II Coupe (13G) 8.1966-6.1971,8.1966,6.1971,completed
1170,FORD,TAUNUS 12M,1648,TAUNUS 12M II Turnier (P4) 4.1963-4.1967,4.1963,4.1967,completed
1171,FORD,TAUNUS 12M,1647,TAUNUS 12M II Coupe (P4) 12.1962-4.1967,12.1962,4.1967,completed
1172,FORD,TAUNUS 12M,1646,TAUNUS 12M II (P4) 7.1962-4.1967,7.1962,4.1967,completed
1173,FORD,TAUNUS 12M,3583,TAUNUS 12M II Turnier 5.1953-2.1963,5.1953,2.1963,completed
1174,FORD,TAUNUS 12M,1645,TAUNUS 12M I 12.1951-2.1963,12.1951,2.1963,completed
1175,FORD,TAUNUS 15M,3962,TAUNUS 15M II Turnier (25G) 9.1966-7.1971,9.1966,7.1971,completed
1176,FORD,TAUNUS 15M,1653,TAUNUS 15M II (21G) 8.1966-6.1971,8.1966,6.1971,completed
1177,FORD,TAUNUS 15M,1654,TAUNUS 15M II (22G) 8.1966-6.1971,8.1966,6.1971,completed
1178,FORD,TAUNUS 15M,3963,TAUNUS 15M II (28G) 8.1966-6.1971,8.1966,6.1971,completed
1179,FORD,TAUNUS 15M,1656,TAUNUS 15M II (29G) 8.1966-6.1971,8.1966,6.1971,completed
1180,FORD,TAUNUS 15M,1655,TAUNUS 15M II Coupe (23G) 8.1966-6.1971,8.1966,6.1971,completed
1181,FORD,TAUNUS 15M,1652,TAUNUS 15M I 9.1954-9.1958,9.1954,9.1958,completed
1182,FORD,TAUNUS 17M,1670,TAUNUS 17M II Turnier (35F) 9.1967-4.1974,9.1967,4.1974,completed
1183,FORD,TAUNUS 17M,1671,TAUNUS 17M II Turnier (36F) 9.1967-4.1974,9.1967,4.1974,completed
1184,FORD,TAUNUS 17M,1667,TAUNUS 17M II (31F) 7.1967-4.1974,7.1967,4.1974,completed
1185,FORD,TAUNUS 17M,1668,TAUNUS 17M II (32F) 7.1967-4.1974,7.1967,4.1974,completed
1186,FORD,TAUNUS 17M,1669,TAUNUS 17M II Coupe (33F) 7.1967-4.1974,7.1967,4.1974,completed
1187,FORD,TAUNUS 17M,3964,TAUNUS 17M II Turnier (21) 11.1964-10.1967,11.1964,10.1967,completed
1188,FORD,TAUNUS 17M,1666,TAUNUS 17M II (21) 9.1964-10.1968,9.1964,10.1968,completed
1189,FORD,TAUNUS 17M,1665,TAUNUS 17M II Coupe (P3) 11.1961-1.1965,11.1961,1.1965,completed
1190,FORD,TAUNUS 17M,3490,TAUNUS 17M II Turnier (P3) 12.1960-1.1965,12.1960,1.1965,completed
1191,FORD,TAUNUS 17M,1664,TAUNUS 17M II (P3) 9.1960-1.1965,9.1960,1.1965,completed
1192,FORD,TAUNUS 17M,1662,TAUNUS 17M I 8.1957-11.1960,8.1957,11.1960,completed
1193,FORD,TAUNUS 17M,1663,TAUNUS 17M II Turnier 8.1957-11.1960,8.1957,11.1960,completed
1194,FORD,TAUNUS 20M,1674,TAUNUS 20M II (41F) 7.1967-4.1974,7.1967,4.1974,completed
1195,FORD,TAUNUS 20M,1675,TAUNUS 20M II (42F) 7.1967-4.1974,7.1967,4.1974,completed
1196,FORD,TAUNUS 20M,1676,TAUNUS 20M II Coupe (43F) 7.1967-4.1974,7.1967,4.1974,completed
1197,FORD,TAUNUS 20M,3965,TAUNUS 20M II Turnier (46F) 7.1967-4.1974,7.1967,4.1974,completed
1198,FORD,TAUNUS 20M,3491,TAUNUS 20M II XL (51F) 7.1967-4.1974,7.1967,4.1974,completed
1199,FORD,TAUNUS 20M,1677,TAUNUS 20M II XL (52F) 7.1967-4.1974,7.1967,4.1974,completed
1200,FORD,TAUNUS 20M,1678,TAUNUS 20M II XL Coupe (53F) 7.1967-4.1974,7.1967,4.1974,completed
1201,FORD,TAUNUS 20M,1672,TAUNUS 20M II 11.1964-10.1968,11.1964,10.1968,completed
1202,FORD,TAUNUS 20M,1673,TAUNUS 20M II Turnier 11.1964-10.1968,11.1964,10.1968,completed
1203,FORD,TAUNUS 26M,1679,TAUNUS 26M XL (52F) 10.1969-4.1974,10.1969,4.1974,completed
1204,FORD,TAUNUS 26M,1680,TAUNUS 26M XL Coupe (53F) 10.1969-4.1974,10.1969,4.1974,completed
1205,FORD,TOURNEO CONNECT,4933,TOURNEO CONNECT 6.2002-12.2013,6.2002,12.2013,completed
1206,FORD,TOURNEO CONNECT / GRAND TOURNEO CONNECT,42737,TOURNEO CONNECT / GRAND TOURNEO CONNECT V761 MPV (SK) 2.2022,2.2022,,completed
1207,FORD,TOURNEO CONNECT / GRAND TOURNEO CONNECT,11574,TOURNEO CONNECT / GRAND TOURNEO CONNECT V408 MPV 9.2013,9.2013,,completed
1208,FORD,TOURNEO COURIER,44541,TOURNEO COURIER V769 MPV (N1P) 7.2023,7.2023,,completed
1209,FORD,TOURNEO COURIER,11948,TOURNEO COURIER B460 MPV 2.2014,2.2014,,completed
1210,FORD,TOURNEO CUSTOM,44053,TOURNEO CUSTOM V710 Bus (NXN) 12.2023,12.2023,,completed
1211,FORD,TOURNEO CUSTOM,11094,TOURNEO CUSTOM V362 Bus (F3) 9.2012,9.2012,,completed
1212,FORD,TRANSIT,11952,"TRANSIT V363 Bus (FAD, FBD) 8.2013",8.2013,,completed
1213,FORD,TRANSIT,11954,"TRANSIT V363 Platform/Chassis (FED, FFD) 8.2013",8.2013,,completed
1214,FORD,TRANSIT,11953,"TRANSIT V363 Van (FCD, FDD) 8.2013",8.2013,,completed
1215,FORD,TRANSIT,5571,"TRANSIT Bus (FD_ _, FB_ _, FS_ _, FZ_ _, FC_ _) 4.2006-12.2014",4.2006,12.2014,completed
1216,FORD,TRANSIT,5573,"TRANSIT Platform/Chassis (FM_ _, FN_ _, FF_ _) 4.2006-12.2014",4.2006,12.2014,completed
1217,FORD,TRANSIT,5572,TRANSIT Van (FA_ _) 4.2006-12.2014,4.2006,12.2014,completed
1218,FORD,TRANSIT,4620,"TRANSIT Bus (FD_ _, FB_ _, FS_ _, FZ_ _, FC_ _) 1.2000-5.2006",1.2000,5.2006,completed
1219,FORD,TRANSIT,4622,"TRANSIT Platform/Chassis (FM_ _, FN_ _) 1.2000-5.2006",1.2000,5.2006,completed
1220,FORD,TRANSIT,4621,TRANSIT Van (FA_ _) 1.2000-5.2006,1.2000,5.2006,completed
1221,FORD,TRANSIT,2044,TRANSIT Platform/Chassis (E_ _) 8.1994-7.2000,8.1994,7.2000,completed
1222,FORD,TRANSIT,1483,TRANSIT Bus (E_ _) 6.1994-7.2000,6.1994,7.2000,completed
1223,FORD,TRANSIT,2043,TRANSIT Van (E_ _) 6.1994-12.2000,6.1994,12.2000,completed
1224,FORD,TRANSIT,1751,TRANSIT Van (E_ _) 5.1991-6.1994,5.1991,6.1994,completed
1225,FORD,TRANSIT,2024,TRANSIT Platform/Chassis (E_ _) 4.1991-8.1994,4.1991,8.1994,completed
1226,FORD,TRANSIT,3969,TRANSIT Bus (E_ _) 1.1991-9.1994,1.1991,9.1994,completed
1227,FORD,TRANSIT,444,TRANSIT Bus (T_ _) 10.1985-9.1992,10.1985,9.1992,completed
1228,FORD,TRANSIT,2022,TRANSIT Platform/Chassis (T_ _) 10.1985-9.1992,10.1985,9.1992,completed
1229,FORD,TRANSIT,1750,TRANSIT Van (T_ _) 9.1985-9.1992,9.1985,9.1992,completed
1230,FORD,TRANSIT,1690,TRANSIT Bus (V_ _) 11.1977-10.1986,11.1977,10.1986,completed
1231,FORD,TRANSIT,2023,TRANSIT Platform/Chassis (V_ _) 11.1977-10.1986,11.1977,10.1986,completed
1232,FORD,TRANSIT,1776,TRANSIT Van (V_ _) 1.1977-10.1986,1.1977,10.1986,completed
1233,FORD,TRANSIT,4066,TRANSIT Platform/Chassis (74E) 12.1968-9.1978,12.1968,9.1978,completed
1234,FORD,TRANSIT,432,"TRANSIT Bus (72E, 73E) 11.1965-9.1978",11.1965,9.1978,completed
1235,FORD,TRANSIT,1747,"TRANSIT Van (72E, 71E) 11.1965-9.1978",11.1965,9.1978,completed
1236,FORD,TRANSIT,1748,TRANSIT Van (81E) 11.1965-7.1973,11.1965,7.1973,completed
1237,FORD,TRANSIT,1689,TRANSIT Bus 4.1955-7.1967,4.1955,7.1967,completed
1238,FORD,TRANSIT,1752,TRANSIT Van 4.1955-7.1967,4.1955,7.1967,completed
1239,FORD,TRANSIT CONNECT,43881,TRANSIT CONNECT V761 Box Body/MPV (SKN) 5.2024,5.2024,,completed
1240,FORD,TRANSIT CONNECT,11619,TRANSIT CONNECT MPV 9.2013,9.2013,,completed
1241,FORD,TRANSIT CONNECT,11573,TRANSIT CONNECT V408 Box Body/MPV 9.2013,9.2013,,completed
1242,FORD,TRANSIT CONNECT,4948,"TRANSIT CONNECT (P65_, P70_, P80_) 6.2002",6.2002,,completed
1243,FORD,TRANSIT COURIER,44542,TRANSIT COURIER V769 Box Body/MPV (N3P) 11.2023,11.2023,,completed
1244,FORD,TRANSIT COURIER,11946,TRANSIT COURIER B460 Box Body/MPV 2.2014,2.2014,,completed
1245,FORD,TRANSIT COURIER,11947,TRANSIT COURIER B460 MPV 2.2014,2.2014,,completed
1246,FORD,TRANSIT CUSTOM,44833,TRANSIT CUSTOM V710 Bus (NXN) 3.2024,3.2024,,completed
1247,FORD,TRANSIT CUSTOM,44052,TRANSIT CUSTOM V710 Van (NRN) 10.2023,10.2023,,completed
1248,FORD,TRANSIT CUSTOM,11095,"TRANSIT CUSTOM V362 Van (FY, FZ) 9.2012",9.2012,,completed
1249,FORD,TRANSIT CUSTOM,11096,TRANSIT CUSTOM V362 Bus (F3) 4.2012,4.2012,,completed
1250,FORD,TRANSIT TOURNEO,5574,TRANSIT TOURNEO Bus 7.2006-8.2014,7.2006,8.2014,completed
1251,FORD,TRANSIT TOURNEO,38762,TRANSIT TOURNEO Bus (FC_ _) 6.2000-3.2006,6.2000,3.2006,completed
1252,FORD,TRANSIT TOURNEO,7590,TRANSIT TOURNEO Bus 8.1994-12.2000,8.1994,12.2000,completed
1253,FORD,ZEPHYR,4717,ZEPHYR IV 3.1968-10.1972,3.1968,10.1972,completed
1254,HONDA,ACCORD,10998,ACCORD IX Coupe 9.2012,9.2012,,completed
1255,HONDA,ACCORD,10999,ACCORD IX Saloon (CR) 9.2012,9.2012,,completed
1256,HONDA,ACCORD,7804,ACCORD VIII Estate (CW) 7.2008-6.2015,7.2008,6.2015,completed
1257,HONDA,ACCORD,7803,ACCORD VIII (CU) 4.2008-6.2015,4.2008,6.2015,completed
1258,HONDA,ACCORD,4963,"ACCORD VII (CL, CN) 1.2003-9.2012",1.2003,9.2012,completed
1259,HONDA,ACCORD,4985,"ACCORD VII Tourer (CM, CN) 11.2002-5.2008",11.2002,5.2008,completed
1260,HONDA,ACCORD,4576,"ACCORD VI Hatchback (CH, CL) 12.1999-12.2002",12.1999,12.2002,completed
1261,HONDA,ACCORD,3950,ACCORD VI Coupe (CG) 12.1997-6.2003,12.1997,6.2003,completed
1262,HONDA,ACCORD,3896,"ACCORD VI (CK, CG, CH, CF, CL) 3.1997-12.2003",3.1997,12.2003,completed
1263,HONDA,ACCORD,1490,"ACCORD V (CE, CF_, CD) 9.1995-12.1998",9.1995,12.1998,completed
1264,HONDA,ACCORD,1272,ACCORD V Aerodeck (CE) 4.1993-2.1998,4.1993,2.1998,completed
1265,HONDA,ACCORD,1273,ACCORD V Coupe (CD) 4.1993-12.1998,4.1993,12.1998,completed
1266,HONDA,ACCORD,1263,"ACCORD V (CC, CD) 6.1992-12.1997",6.1992,12.1997,completed
1267,HONDA,ACCORD,1246,ACCORD IV (CB) 11.1989-12.1993,11.1989,12.1993,completed
1268,HONDA,ACCORD,1276,ACCORD IV Aerodeck (CB) 9.1989-2.1994,9.1989,2.1994,completed
1269,HONDA,ACCORD,1248,"ACCORD IV Coupe (CB, CC) 5.1989-12.1993",5.1989,12.1993,completed
1270,HONDA,ACCORD,1247,ACCORD III (CA) 11.1985-12.1989,11.1985,12.1989,completed
1271,HONDA,ACCORD,3471,ACCORD III Aerodeck (CA) 11.1985-12.1989,11.1985,12.1989,completed
1272,HONDA,ACCORD,1253,"ACCORD II (AC, AD) 9.1983-10.1985",9.1983,10.1985,completed
1273,HONDA,ACCORD,1252,"ACCORD II Hatchback (AC, AD) 9.1983-10.1985",9.1983,10.1985,completed
1274,HONDA,ACCORD,1251,"ACCORD I Hatchback (SJ, SY) 1.1979-9.1983",1.1979,9.1983,completed
1275,HONDA,ACCORD,1265,"ACCORD I (SJ, SY, SM) 5.1976-9.1983",5.1976,9.1983,completed
1276,HONDA,ACTY,4502,ACTY (TN) 8.1979-9.1986,8.1979,9.1986,completed
1277,HONDA,ADV,41290,ADV,,,completed
1278,HONDA,ANC,13535,ANC,,,completed
1279,HONDA,ANF,12277,ANF,,,completed
1280,HONDA,BALLADE,873,"BALLADE III Saloon (AM, AK, AU) 10.1983-12.1988",10.1983,12.1988,completed
1281,HONDA,BEAT,38676,BEAT,,,completed
1282,HONDA,CA,12257,CA,,,completed
1283,HONDA,CAPA,3552,CAPA (GA) 1.1998-9.2002,1.1998,9.2002,completed
1284,HONDA,CB ( - 500cc),12259,CB (251cc - 500cc),,,completed
1285,HONDA,CB (501cc - ),38787,CB (501cc - ),,,completed
1286,HONDA,CB HORNET,36220,CB HORNET,,,completed
1287,HONDA,CB SEVEN FIFTY,36221,CB SEVEN FIFTY,,,completed
1288,HONDA,CBF,12260,CBF,,,completed
1289,HONDA,CBR ( - 600cc),12261,CBR ( - 600cc),,,completed
1290,HONDA,CBR (601cc - ),45362,CBR (601cc - ),,,completed
1291,HONDA,CBX,12262,CBX,,,completed
1292,HONDA,CG,12263,CG,,,completed
1293,HONDA,CH,12264,CH,,,completed
1294,HONDA,CITY,11762,"CITY VI Saloon (GM4, GM5, GM6, GM9, GM7) 7.2013",7.2013,,completed
1295,HONDA,CITY,8131,"CITY V Saloon (GM2, GM3) 9.2008-12.2014",9.2008,12.2014,completed
1296,HONDA,CITY,6310,CITY IV Saloon (GD_) 12.2002-7.2008,12.2002,7.2008,completed
1297,HONDA,CITY,5949,CITY IV Saloon (GE4) 11.2002-3.2009,11.2002,3.2009,completed
1298,HONDA,CITY,5946,CITY I Hatchback (AA) 11.1980-8.1984,11.1980,8.1984,completed
1299,HONDA,CIVIC,42646,CIVIC XI Hatchback (FL) 1.2021,1.2021,,completed
1300,HONDA,CIVIC,37515,"CIVIC X Hatchback (FC_, FK_) 9.2016",9.2016,,completed
1301,HONDA,CIVIC,14943,CIVIC X Saloon (FC_) 9.2015,9.2015,,completed
1302,HONDA,CIVIC,11755,CIVIC IX Tourer (FK) 1.2014-12.2016,1.2014,12.2016,completed
1303,HONDA,CIVIC,9999,CIVIC IX (FK) 2.2012-7.2017,2.2012,7.2017,completed
1304,HONDA,CIVIC,10873,CIVIC IX Saloon (FB) 9.2011-12.2016,9.2011,12.2016,completed
1305,HONDA,CIVIC,5498,"CIVIC VIII Hatchback (FN, FK) 9.2005-12.2013",9.2005,12.2013,completed
1306,HONDA,CIVIC,5517,"CIVIC VIII Saloon (FD, FA) 9.2005-12.2013",9.2005,12.2013,completed
1307,HONDA,CIVIC,4734,CIVIC VII Coupe (EM2) 2.2001-12.2005,2.2001,12.2005,completed
1308,HONDA,CIVIC,4803,"CIVIC VII Saloon (ES, ET) 10.2000-4.2006",10.2000,4.2006,completed
1309,HONDA,CIVIC,4733,"CIVIC VII Hatchback (EU, EP, EV) 1.2000-2.2006",1.2000,2.2006,completed
1310,HONDA,CIVIC,3562,"CIVIC VI Aerodeck (MB, MC) 4.1998-2.2001",4.1998,2.2001,completed
1311,HONDA,CIVIC,5039,"CIVIC VI Coupe (EJ, EM1) 3.1996-12.2000",3.1996,12.2000,completed
1312,HONDA,CIVIC,1468,"CIVIC VI Hatchback (EJ, EK) 10.1995-3.2001",10.1995,3.2001,completed
1313,HONDA,CIVIC,1469,"CIVIC VI Saloon (EJ, EK, SO) 6.1995-3.2001",6.1995,3.2001,completed
1314,HONDA,CIVIC,1275,"CIVIC VI Fastback (MA, MB) 9.1994-2.2001",9.1994,2.2001,completed
1315,HONDA,CIVIC,1274,CIVIC V Coupe (EJ) 8.1993-3.1996,8.1993,3.1996,completed
1316,HONDA,CIVIC,3920,"CIVIC V Hatchback (EG, EH) 10.1991-11.1995",10.1991,11.1995,completed
1317,HONDA,CIVIC,1264,"CIVIC V Saloon (EG, EH) 10.1991-12.1996",10.1991,12.1996,completed
1318,HONDA,CIVIC,1278,"CIVIC IV Shuttle (EE, EF) 1.1988-2.1995",1.1988,2.1995,completed
1319,HONDA,CIVIC,1256,"CIVIC IV Hatchback (EC, ED, EE, EF) 9.1987-10.1993",9.1987,10.1993,completed
1320,HONDA,CIVIC,1250,"CIVIC IV Saloon (ED, EF) 9.1987-10.1993",9.1987,10.1993,completed
1321,HONDA,CIVIC,1270,"CIVIC III Hatchback (AL, AJ, AG, AH) 10.1983-10.1987",10.1983,10.1987,completed
1322,HONDA,CIVIC,1249,"CIVIC III Shuttle (AN, AR) 8.1983-12.1987",8.1983,12.1987,completed
1323,HONDA,CIVIC,3576,CIVIC I Saloon (SF) 10.1979-12.1985,10.1979,12.1985,completed
1324,HONDA,CIVIC,8990,CIVIC II Estate (WC) 1.1979-12.1983,1.1979,12.1983,completed
1325,HONDA,CIVIC,8989,"CIVIC II Hatchback (SS, SL) 1.1978-12.1983",1.1978,12.1983,completed
1326,HONDA,CIVIC,1269,CIVIC I Hatchback (SB) 7.1972-9.1983,7.1972,9.1983,completed
1327,HONDA,CIVIC,31967,CIVIC Saloon 9.1971-12.1979,9.1971,12.1979,completed
1328,HONDA,CJ,45004,CJ,,,completed
1329,HONDA,CL,43912,CL,,,completed
1330,HONDA,CLR,12265,CLR,,,completed
1331,HONDA,CM,12266,CM,,,completed
1332,HONDA,CMX,12267,CMX,,,completed
1333,HONDA,CN,12268,CN,,,completed
1334,HONDA,CONCERTO,1271,"CONCERTO (HW, MA) 8.1989-10.1996",8.1989,10.1996,completed
1335,HONDA,CONCERTO,4501,CONCERTO Saloon (HWW) 8.1989-5.1995,8.1989,5.1995,completed
1336,HONDA,CR,40592,CR,,,completed
1337,HONDA,CR-V,44424,"CR-V VI (RS_, RY_) 9.2022",9.2022,,completed
1338,HONDA,CR-V,37513,"CR-V V (RW_, RT_) 12.2016",12.2016,,completed
1339,HONDA,CR-V,10180,CR-V IV (RM_) 1.2012,1.2012,,completed
1340,HONDA,CR-V,6247,CR-V III (RE_) 6.2006-12.2012,6.2006,12.2012,completed
1341,HONDA,CR-V,4880,CR-V II (RD_) 9.2001-7.2007,9.2001,7.2007,completed
1342,HONDA,CR-V,1978,CR-V I (RD) 10.1995-7.2002,10.1995,7.2002,completed
1343,HONDA,CR-Z,8766,CR-Z (ZF) 6.2010-12.2016,6.2010,12.2016,completed
1344,HONDA,CRF,12269,CRF,,,completed
1345,HONDA,CRX,1279,"CRX III (EH, EG) 3.1992-12.1998",3.1992,12.1998,completed
1346,HONDA,CRX,1260,"CRX II (ED, EE) 10.1987-2.1992",10.1987,2.1992,completed
1347,HONDA,CRX,1259,"CRX I (AF, AS) 10.1983-10.1987",10.1983,10.1987,completed
1348,HONDA,CTX,13508,CTX,,,completed
1349,HONDA,CX,13506,CX,,,completed
1350,HONDA,DAX,12270,DAX,,,completed
1351,HONDA,DIO,36834,DIO,,,completed
1352,HONDA,DN-01,12271,DN-01,,,completed
1353,HONDA,e,39873,e (ZC7_) 9.2019,9.2019,,completed
1354,HONDA,e:Ny1,44448,e:Ny1 3.2023,3.2023,,completed
1355,HONDA,ELEMENT,5997,ELEMENT (YH) 7.2002-12.2011,7.2002,12.2011,completed
1356,HONDA,ELYSION,10345,ELYSION (RR) 5.2004,5.2004,,completed
1357,HONDA,EM,45548,EM,,,completed
1358,HONDA,FES,12273,FES,,,completed
1359,HONDA,FIT,13101,JAZZ IV (GK_) 9.2013,9.2013,,completed
1360,HONDA,FIT,4838,"JAZZ II (GD_, GE3, GE2) 6.2001-12.2008",6.2001,12.2008,completed
1361,HONDA,FJS,12300,FJS,,,completed
1362,HONDA,FMX,12274,FMX,,,completed
1363,HONDA,FORZA,41277,FORZA,,,completed
1364,HONDA,FR-V,5158,FR-V (BE) 8.2004-12.2011,8.2004,12.2011,completed
1365,HONDA,FT,44918,FT,,,completed
1366,HONDA,FX,12275,FX,,,completed
1367,HONDA,GB,45786,GB,,,completed
1368,HONDA,GL,12276,GL,,,completed
1369,HONDA,HR-V,42684,HR-V (RV) 4.2021,4.2021,,completed
1370,HONDA,HR-V,13606,HR-V (RU) 11.2014,11.2014,,completed
1371,HONDA,HR-V,4060,HR-V (GH_) 3.1999-12.2006,3.1999,12.2006,completed
1372,HONDA,INSIGHT,8040,INSIGHT (ZE_) 4.2009-12.2015,4.2009,12.2015,completed
1373,HONDA,INSIGHT,4577,INSIGHT (ZE) 4.2000-12.2006,4.2000,12.2006,completed
1374,HONDA,INTEGRA,4881,INTEGRA Coupe (DC5) 8.2001-11.2008,8.2001,11.2008,completed
1375,HONDA,INTEGRA,37307,"INTEGRA Saloon (DB6, DB7, DB8, DB9) 9.1993-8.2001",9.1993,8.2001,completed
1376,HONDA,INTEGRA,4052,INTEGRA Coupe (DC) 7.1993-11.2001,7.1993,11.2001,completed
1377,HONDA,INTEGRA,5095,INTEGRA Hatchback (DA) 10.1985-8.1993,10.1985,8.1993,completed
1378,HONDA,JAZZ,40435,"JAZZ V (GR_, GS_) 2.2020",2.2020,,completed
1379,HONDA,JAZZ,13101,JAZZ IV (GK_) 9.2013,9.2013,,completed
1380,HONDA,JAZZ,7889,"JAZZ III (GE_, GG_, GP_, ZA_) 10.2007-2.2020",10.2007,2.2020,completed
1381,HONDA,JAZZ,4838,"JAZZ II (GD_, GE3, GE2) 6.2001-12.2008",6.2001,12.2008,completed
1382,HONDA,JAZZ,1267,JAZZ I (AA) 10.1983-10.1986,10.1983,10.1986,completed
1383,HONDA,LEAD,14002,LEAD,,,completed
1384,HONDA,LEGEND,8564,LEGEND IV (KB_) 10.2004-12.2013,10.2004,12.2013,completed
1385,HONDA,LEGEND,1544,LEGEND III (KA) 2.1996-9.2004,2.1996,9.2004,completed
1386,HONDA,LEGEND,3897,LEGEND II (KA) 1.1991-3.1996,1.1991,3.1996,completed
1387,HONDA,LEGEND,1266,LEGEND II Coupe (KA) 1.1991-3.1996,1.1991,3.1996,completed
1388,HONDA,LEGEND,1254,LEGEND I Coupe (KA_) 10.1987-3.1991,10.1987,3.1991,completed
1389,HONDA,LEGEND,1255,"LEGEND I (HS, KA) 1.1986-3.1991",1.1986,3.1991,completed
1390,HONDA,LIFE,6078,LIFE (JB_) 9.2003,9.2003,,completed
1391,HONDA,LIFE,6077,LIFE (JB) 9.2001-8.2003,9.2001,8.2003,completed
1392,HONDA,LOGO,4091,LOGO (GA) 10.1996-3.2002,10.1996,3.2002,completed
1393,HONDA,MBX,12278,MBX,,,completed
1394,HONDA,MONKEY,42952,MONKEY,,,completed
1395,HONDA,MONTESA 4-RIDE,37625,MONTESA 4-RIDE,,,completed
1396,HONDA,MONTESA COTA,14284,MONTESA COTA,,,completed
1397,HONDA,MSX,12279,MSX,,,completed
1398,HONDA,MTX,12280,MTX,,,completed
1399,HONDA,N600,1857,N600 III 6.1966-8.1974,6.1966,8.1974,completed
1400,HONDA,NAVI,36826,NAVI,,,completed
1401,HONDA,NB,12281,NB,,,completed
1402,HONDA,NC,12282,NC,,,completed
1403,HONDA,NC INTEGRA,12019,NC INTEGRA,,,completed
1404,HONDA,NES,13561,NES,,,completed
1405,HONDA,NH,12283,NH,,,completed
1406,HONDA,NPS,12319,NPS,,,completed
1407,HONDA,NR,37647,NR,,,completed
1408,HONDA,NS,12020,NS,,,completed
1409,HONDA,NSC,12284,NSC,,,completed
1410,HONDA,NSR,12285,NSR,,,completed
1411,HONDA,NSS,12286,NSS,,,completed
1412,HONDA,NSX,36927,NSX II Coupe (NC_) 6.2016,6.2016,,completed
1413,HONDA,NSX,3479,NSX I Convertible (NA) 3.1995-9.2005,3.1995,9.2005,completed
1414,HONDA,NSX,1262,NSX I Coupe (NA) 6.1990-9.2005,6.1990,9.2005,completed
1415,HONDA,NT,12287,NT,,,completed
1416,HONDA,NTV,12288,NTV,,,completed
1417,HONDA,NX,12289,NX,,,completed
1418,HONDA,ODYSSEY,38175,ODYSSEY (RL6) 9.2017,9.2017,,completed
1419,HONDA,ODYSSEY,10304,ODYSSEY (RL5) 8.2010,8.2010,,completed
1420,HONDA,ODYSSEY,35239,"ODYSSEY (RL3, RL4, RB) 9.2004-12.2010",9.2004,12.2010,completed
1421,HONDA,ODYSSEY,6384,"ODYSSEY (RL1, RA6, RA_) 9.1998",9.1998,,completed
1422,HONDA,ORTHIA / PARTNER,14368,"ORTHIA / PARTNER (EL_, EY_) 10.1995-9.2002",10.1995,9.2002,completed
1423,HONDA,PA,12258,PA,,,completed
1424,HONDA,PCX,12290,PCX,,,completed
1425,HONDA,PILOT,7933,PILOT 9.2002-7.2008,9.2002,7.2008,completed
1426,HONDA,PK,12291,PK,,,completed
1427,HONDA,PRELUDE,3500,PRELUDE V (BB_) 10.1996-12.2001,10.1996,12.2001,completed
1428,HONDA,PRELUDE,1277,PRELUDE IV (BB_) 12.1991-2.1997,12.1991,2.1997,completed
1429,HONDA,PRELUDE,1261,PRELUDE III (BA) 4.1986-11.1996,4.1986,11.1996,completed
1430,HONDA,PRELUDE,1258,PRELUDE II (AB) 1.1983-9.1987,1.1983,9.1987,completed
1431,HONDA,PRELUDE,1257,PRELUDE I Coupe (SN) 11.1978-4.1983,11.1978,4.1983,completed
1432,HONDA,PS,12292,PS,,,completed
1433,HONDA,PX,12293,PX,,,completed
1434,HONDA,QUINTET,1268,QUINTET (SU) 2.1980-4.1985,2.1980,4.1985,completed
1435,HONDA,RC,36246,RC,,,completed
1436,HONDA,RVF,12294,RVF,,,completed
1437,HONDA,S2000,3997,S2000 (AP) 3.1999,3.1999,,completed
1438,HONDA,SA,12295,SA,,,completed
1439,HONDA,SCV,12021,SCV,,,completed
1440,HONDA,SES,12272,SES,,,completed
1441,HONDA,SFX,12296,SFX,,,completed
1442,HONDA,SGX,12297,SGX,,,completed
1443,HONDA,SH,12298,SH,,,completed
1444,HONDA,SHUTTLE,1323,SHUTTLE (RA) 6.1994-6.2004,6.1994,6.2004,completed
1445,HONDA,SILVERWING,13490,SILVERWING,,,completed
1446,HONDA,SJ,12301,SJ,,,completed
1447,HONDA,SK,38458,SK,,,completed
1448,HONDA,SL,45022,SL,,,completed
1449,HONDA,SLR,12302,SLR,,,completed
1450,HONDA,SRX,12299,SRX,,,completed
1451,HONDA,ST,12303,ST,,,completed
1452,HONDA,STEPWGN,36205,STEPWGN (DBA-RK_) 10.2009-12.2015,10.2009,12.2015,completed
1453,HONDA,STEPWGN,6339,STEPWGN (DBA-RG_) 10.2005-9.2009,10.2005,9.2009,completed
1454,HONDA,STEPWGN,6338,"STEPWGN (LA-RF_, UA-RF_) 10.2000-9.2005",10.2000,9.2005,completed
1455,HONDA,STREAM,7469,STREAM (RN) 10.2005,10.2005,,completed
1456,HONDA,STREAM,4783,STREAM (RN) 5.2001,5.2001,,completed
1457,HONDA,SUPER CUB,43132,SUPER CUB,,,completed
1458,HONDA,SW-T,12304,SW-T,,,completed
1459,HONDA,SXR,12305,SXR,,,completed
1460,HONDA,TL,45019,TL,,,completed
1461,HONDA,VF,12306,VF,,,completed
1462,HONDA,VFR,12307,VFR,,,completed
1463,HONDA,VISION,13489,VISION,,,completed
1464,HONDA,VT,12308,VT,,,completed
1465,HONDA,VTR,12309,VTR,,,completed
1466,HONDA,VTX,12310,VTX,,,completed
1467,HONDA,WAVE,12311,WAVE,,,completed
1468,HONDA,X-ADV,37227,X-ADV,,,completed
1469,HONDA,X8R,12312,X8R,,,completed
1470,HONDA,XBR,12313,XBR,,,completed
1471,HONDA,XL,12314,XL,,,completed
1472,HONDA,XLR,12315,XLR,,,completed
1473,HONDA,XLV,44902,XLV,,,completed
1474,HONDA,XR,12316,XR,,,completed
1475,HONDA,XRE,14003,XRE,,,completed
1476,HONDA,XRV,12317,XRV,,,completed
1477,HONDA,Z,13486,Z,,,completed
1478,HONDA,ZB,12318,ZB,,,completed
1479,HONDA,ZR-V,44399,ZR-V 4.2023,4.2023,,completed
1480,HYUNDAI,ACCENT,38807,ACCENT V Saloon (HC) 1.2017,1.2017,,completed
1481,HYUNDAI,ACCENT,9145,ACCENT IV (RB) 11.2010-4.2019,11.2010,4.2019,completed
1482,HYUNDAI,ACCENT,10468,ACCENT IV Saloon (RB) 8.2010,8.2010,,completed
1483,HYUNDAI,ACCENT,5623,ACCENT III Saloon (MC) 11.2005-12.2012,11.2005,12.2012,completed
1484,HYUNDAI,ACCENT,5622,ACCENT III (MC) 8.2005-12.2010,8.2005,12.2010,completed
1485,HYUNDAI,ACCENT,4597,ACCENT II (LC) 9.1999-12.2012,9.1999,12.2012,completed
1486,HYUNDAI,ACCENT,4903,ACCENT II Saloon (LC) 9.1999-11.2017,9.1999,11.2017,completed
1487,HYUNDAI,ACCENT,1294,ACCENT I (X-3) 5.1994-12.2002,5.1994,12.2002,completed
1488,HYUNDAI,ACCENT,3864,ACCENT Saloon (X-3) 4.1994-12.2001,4.1994,12.2001,completed
1489,HYUNDAI,ATOS,3511,ATOS (MX) 1.1997-7.2015,1.1997,7.2015,completed
1490,HYUNDAI,AVANTE,6442,i30 (FD) 10.2007-7.2012,10.2007,7.2012,completed
1491,HYUNDAI,BAYON,42211,BAYON (BC3) 5.2021,5.2021,,completed
1492,HYUNDAI,COUPE,4849,COUPE II (GK) 1.2001-12.2012,1.2001,12.2012,completed
1493,HYUNDAI,COUPE,1575,COUPE I (RD) 5.1996-3.2004,5.1996,3.2004,completed
1494,HYUNDAI,ELANTRA,36491,"ELANTRA VI Saloon (AD, ADA) 9.2015-9.2022",9.2015,9.2022,completed
1495,HYUNDAI,ELANTRA,10165,"ELANTRA V Saloon (MD, UD) 9.2010-12.2017",9.2010,12.2017,completed
1496,HYUNDAI,ELANTRA,6442,i30 (FD) 10.2007-7.2012,10.2007,7.2012,completed
1497,HYUNDAI,ELANTRA,7471,ELANTRA IV Saloon (HD) 11.2005-12.2013,11.2005,12.2013,completed
1498,HYUNDAI,ELANTRA,4688,ELANTRA III (XD) 3.2000-8.2006,3.2000,8.2006,completed
1499,HYUNDAI,ELANTRA,4687,ELANTRA III Saloon (XD) 3.2000-7.2007,3.2000,7.2007,completed
1500,HYUNDAI,ELANTRA GT,10445,i30 (GD) 6.2011,6.2011,,completed
1501,HYUNDAI,EQUUS / CENTENNIAL,9144,EQUUS / CENTENNIAL (VI) 3.2009-12.2016,3.2009,12.2016,completed
1502,HYUNDAI,EQUUS / CENTENNIAL,6850,EQUUS / CENTENNIAL (JS) 10.1999-3.2009,10.1999,3.2009,completed
1503,HYUNDAI,GALLOPER,4694,GALLOPER II (JK-01) 2.1997-12.2003,2.1997,12.2003,completed
1504,HYUNDAI,GALLOPER,4942,GALLOPER I 8.1991-7.1998,8.1991,7.1998,completed
1505,HYUNDAI,GENESIS,13121,GENESIS (DH) 3.2014-6.2019,3.2014,6.2019,completed
1506,HYUNDAI,GENESIS,9142,GENESIS (BH) 1.2008-12.2015,1.2008,12.2015,completed
1507,HYUNDAI,GENESIS,9143,GENESIS Coupe 1.2008,1.2008,,completed
1508,HYUNDAI,GETZ,4901,GETZ (TB) 6.2001-1.2011,6.2001,1.2011,completed
1509,HYUNDAI,GRAND i10,11774,"i10 II (BA, IA) 8.2013-12.2021",8.2013,12.2021,completed
1510,HYUNDAI,GRAND I10,11774,"i10 II (BA, IA) 8.2013-12.2021",8.2013,12.2021,completed
1511,HYUNDAI,GRAND SANTA FÉ,11508,GRAND SANTA FÉ 1.2013-12.2019,1.2013,12.2019,completed
1512,HYUNDAI,GRANDEUR,44363,GRANDEUR (GN7) 11.2022,11.2022,,completed
1513,HYUNDAI,GRANDEUR,9626,GRANDEUR (HG) 1.2011,1.2011,,completed
1514,HYUNDAI,GRANDEUR,5485,GRANDEUR (TG) 6.2003-6.2012,6.2003,6.2012,completed
1515,HYUNDAI,H-1,4623,H-1 Van (A1) 10.1997-4.2008,10.1997,4.2008,completed
1516,HYUNDAI,H-1 / STAREX,1988,H-1 / STAREX Bus (A1) 6.1997,6.1997,,completed
1517,HYUNDAI,H100,1941,H100 Bus (P) 7.1993-10.2004,7.1993,10.2004,completed
1518,HYUNDAI,H100,4001,H100 Van 7.1993-2.2007,7.1993,2.2007,completed
1519,HYUNDAI,H350,14148,H350 Bus 4.2015,4.2015,,completed
1520,HYUNDAI,H350,14150,H350 Platform/Chassis 4.2015,4.2015,,completed
1521,HYUNDAI,H350,14151,H350 Van 4.2015,4.2015,,completed
1522,HYUNDAI,HIGHWAY VAN,4689,HIGHWAY VAN 3.2000-3.2004,3.2000,3.2004,completed
1523,HYUNDAI,i10,40259,"i10 III (AC3, AI3) 9.2019",9.2019,,completed
1524,HYUNDAI,i10,14488,i10 II Saloon 12.2013,12.2013,,completed
1525,HYUNDAI,i10,11774,"i10 II (BA, IA) 8.2013-12.2021",8.2013,12.2021,completed
1526,HYUNDAI,i10,7368,i10 I (PA) 10.2007-5.2018,10.2007,5.2018,completed
1527,HYUNDAI,i20,41340,"i20 III (BC3, BI3) 8.2020",8.2020,,completed
1528,HYUNDAI,i20,14317,i20 II Coupe (GB) 3.2015-9.2021,3.2015,9.2021,completed
1529,HYUNDAI,i20,13362,"i20 II (GB, IB) 11.2014-8.2021",11.2014,8.2021,completed
1530,HYUNDAI,i20,8009,"i20 I (PB, PBT) 8.2008-12.2015",8.2008,12.2015,completed
1531,HYUNDAI,i20 ACTIVE,36989,"i20 ACTIVE (IB, GB) 9.2015-8.2021",9.2015,8.2021,completed
1532,HYUNDAI,i30,38363,"i30 FASTBACK (PDE, PDEN) 6.2017",6.2017,,completed
1533,HYUNDAI,i30,37929,i30 Estate (PDE) 3.2017,3.2017,,completed
1534,HYUNDAI,i30,37426,"i30 (PDE, PD, PDEN) 11.2016",11.2016,,completed
1535,HYUNDAI,i30,11261,i30 Coupe 5.2013,5.2013,,completed
1536,HYUNDAI,i30,10736,i30 Estate (GD) 6.2012,6.2012,,completed
1537,HYUNDAI,i30,40141,i30 Hatchback Van (GDE) 6.2012,6.2012,,completed
1538,HYUNDAI,i30,10445,i30 (GD) 6.2011,6.2011,,completed
1539,HYUNDAI,i30,6442,i30 (FD) 10.2007-7.2012,10.2007,7.2012,completed
1540,HYUNDAI,i30,6985,i30 Estate (FD) 10.2007-6.2012,10.2007,6.2012,completed
1541,HYUNDAI,i40,10446,i40 I (VF) 3.2012-5.2019,3.2012,5.2019,completed
1542,HYUNDAI,i40,9650,i40 I CW (VF) 7.2011-5.2019,7.2011,5.2019,completed
1543,HYUNDAI,iLOAD,7377,iLOAD Cargo (TQ) 9.2007,9.2007,,completed
1544,HYUNDAI,INSTER,42892,INSTER (AX1) 9.2021,9.2021,,completed
1545,HYUNDAI,IONIQ,36715,IONIQ (AE) 3.2016-3.2023,3.2016,3.2023,completed
1546,HYUNDAI,IONIQ 5,41919,IONIQ 5 (NE) 7.2020,7.2020,,completed
1547,HYUNDAI,IONIQ 6,43787,IONIQ 6 (CE) 10.2022,10.2022,,completed
1548,HYUNDAI,ix20,9045,ix20 (JC) 11.2010-7.2019,11.2010,7.2019,completed
1549,HYUNDAI,ix35,8260,"ix35 (LM, EL, ELH) 8.2009-10.2016",8.2009,10.2016,completed
1550,HYUNDAI,ix55,8056,ix55 9.2006-12.2014,9.2006,12.2014,completed
1551,HYUNDAI,KAUAI,38087,"KONA (OS, OSE, OSI) 6.2017-7.2024",6.2017,7.2024,completed
1552,HYUNDAI,KONA,44235,KONA (SX2) 4.2023,4.2023,,completed
1553,HYUNDAI,KONA,38087,"KONA (OS, OSE, OSI) 6.2017-7.2024",6.2017,7.2024,completed
1554,HYUNDAI,LANTRA,1545,LANTRA II Estate (J-2) 6.1995-12.2001,6.1995,12.2001,completed
1555,HYUNDAI,LANTRA,3484,LANTRA II (J-2) 1.1995-12.2002,1.1995,12.2002,completed
1556,HYUNDAI,LANTRA,1295,LANTRA I (J-1) 10.1990-11.1995,10.1990,11.1995,completed
1557,HYUNDAI,MATRIX,4789,MATRIX (FC) 6.2001-8.2010,6.2001,8.2010,completed
1558,HYUNDAI,MONTANA,8043,MONTANA Travel (TQ) 9.2007,9.2007,,completed
1559,HYUNDAI,NEXO,38752,NEXO (FE) 3.2018,3.2018,,completed
1560,HYUNDAI,PONY,1296,PONY (X-2) 10.1989-1.1995,10.1989,1.1995,completed
1561,HYUNDAI,PONY,2017,PONY Saloon (X-1) 10.1985-9.1989,10.1985,9.1989,completed
1562,HYUNDAI,PONY,2016,PONY (X-1) 9.1982-12.1989,9.1982,12.1989,completed
1563,HYUNDAI,PONY,4508,PONY Wagon 2.1978-6.1986,2.1978,6.1986,completed
1564,HYUNDAI,PONY,4503,PONY 6.1974-12.1985,6.1974,12.1985,completed
1565,HYUNDAI,PONY / EXCEL,1297,PONY / EXCEL Saloon (X-2) 4.1989-1.1995,4.1989,1.1995,completed
1566,HYUNDAI,PORTER,11593,PORTER Platform/Chassis 5.2004,5.2004,,completed
1567,HYUNDAI,PORTER,7473,PORTER Bus 7.1994-4.2004,7.1994,4.2004,completed
1568,HYUNDAI,PORTER,7474,PORTER Platform/Chassis 7.1994-12.2004,7.1994,12.2004,completed
1569,HYUNDAI,PORTER,7475,PORTER Van 7.1994-4.2004,7.1994,4.2004,completed
1570,HYUNDAI,S COUPE,1298,S COUPE (SLC) 2.1990-5.1996,2.1990,5.1996,completed
1571,HYUNDAI,SANTA FE,38591,"SANTA FE IV (TM, TMA) 2.2018",2.2018,,completed
1572,HYUNDAI,SANTA FÉ,10515,"SANTA FÉ III (DM, DMA) 9.2012-12.2018",9.2012,12.2018,completed
1573,HYUNDAI,SANTA FÉ,41624,SANTA FÉ II SUV Van (CM) 10.2005-3.2015,10.2005,3.2015,completed
1574,HYUNDAI,SANTA FÉ,5600,SANTA FÉ II (CM) 1.2005-3.2015,1.2005,3.2015,completed
1575,HYUNDAI,SANTA FÉ,4712,SANTA FÉ I (SM) 11.2000-3.2006,11.2000,3.2006,completed
1576,HYUNDAI,SANTA FÉ,41623,SANTA FÉ I SUV Van (SM) 8.2000-3.2006,8.2000,3.2006,completed
1577,HYUNDAI,SANTA FE V,45329,SANTA FE V (MX5) 1.2024,1.2024,,completed
1578,HYUNDAI,SANTAMO,4740,SANTAMO 10.1998-12.2002,10.1998,12.2002,completed
1579,HYUNDAI,SOLARIS,38099,"SOLARIS Saloon (HCR, HCI) 1.2017",1.2017,,completed
1580,HYUNDAI,SONATA,39857,SONATA VIII (DN8) 3.2019,3.2019,,completed
1581,HYUNDAI,SONATA,14965,SONATA VII (LF) 3.2014-6.2023,3.2014,6.2023,completed
1582,HYUNDAI,SONATA,4847,SONATA VI (YF) 6.2009-12.2015,6.2009,12.2015,completed
1583,HYUNDAI,SONATA,5426,SONATA V (NF) 8.2004-11.2014,8.2004,11.2014,completed
1584,HYUNDAI,SONATA,3682,SONATA IV (EF) 3.1998-12.2005,3.1998,12.2005,completed
1585,HYUNDAI,SONATA,1300,SONATA III (Y-3) 7.1992-12.2000,7.1992,12.2000,completed
1586,HYUNDAI,SONATA,1299,SONATA II (Y-2) 9.1988-12.1993,9.1988,12.1993,completed
1587,HYUNDAI,STARIA,41997,STARIA Bus (US4) 1.2021,1.2021,,completed
1588,HYUNDAI,STARIA,42228,STARIA Van (US4) 1.2021,1.2021,,completed
1589,HYUNDAI,STELLAR,2018,"STELLAR (F31_, SF2_) 10.1983-12.1991",10.1983,12.1991,completed
1590,HYUNDAI,TERRACAN,41052,TERRACAN (HP) 6.2001-3.2008,6.2001,3.2008,completed
1591,HYUNDAI,TERRACAN,4836,TERRACAN (HP) 2.2001-3.2008,2.2001,3.2008,completed
1592,HYUNDAI,TIBURON,7479,TIBURON Coupe 1.2001-12.2008,1.2001,12.2008,completed
1593,HYUNDAI,TRAJET,41626,TRAJET Box Body/MPV (FO) 9.1999-7.2008,9.1999,7.2008,completed
1594,HYUNDAI,TRAJET,4627,TRAJET (FO) 1.1999-7.2008,1.1999,7.2008,completed
1595,HYUNDAI,TUCSON,41629,"TUCSON (NX4E, NX4A) 10.2020",10.2020,,completed
1596,HYUNDAI,TUCSON,14316,"TUCSON (TL, TLE) 5.2015-5.2023",5.2015,5.2023,completed
1597,HYUNDAI,TUCSON,41037,TUCSON SUV Van (TLE) 5.2015-12.2020,5.2015,12.2020,completed
1598,HYUNDAI,TUCSON,5157,TUCSON (JM) 6.2004-12.2019,6.2004,12.2019,completed
1599,HYUNDAI,VELOSTER,9575,VELOSTER (FS) 3.2011-12.2017,3.2011,12.2017,completed
1600,HYUNDAI,XG,35625,XG Saloon 9.2000-12.2005,9.2000,12.2005,completed
1601,HYUNDAI,XG,4096,XG (XG) 12.1998-12.2005,12.1998,12.2005,completed
1602,ISUZU,ASCENDER,5492,ASCENDER 6.2002,6.2002,,completed
1603,ISUZU,CAMPO,1607,CAMPO (KB) 4.1977-12.1991,4.1977,12.1991,completed
1604,ISUZU,D-MAX,41216,"D-MAX III Platform/Chassis (TFR, TFS) 11.2019",11.2019,,completed
1605,ISUZU,D-MAX,40683,"D-MAX III (TFR, TFS) 6.2019",6.2019,,completed
1606,ISUZU,D-MAX,11172,"D-MAX II Platform/Chassis (TFR, TFS) 6.2012",6.2012,,completed
1607,ISUZU,D-MAX,10252,"D-MAX II (TFR, TFS) 4.2012",4.2012,,completed
1608,ISUZU,D-MAX,8848,"D-MAX I Platform/Chassis (TFR, TFS) 10.2006-10.2012",10.2006,10.2012,completed
1609,ISUZU,D-MAX,5490,"D-MAX I (TFR, TFS) 5.2002-12.2012",5.2002,12.2012,completed
1610,ISUZU,GEMINI,5420,GEMINI 1.1990-12.1993,1.1990,12.1993,completed
1611,ISUZU,GEMINI,5419,GEMINI Saloon 1.1990-12.1993,1.1990,12.1993,completed
1612,ISUZU,GEMINI,1186,GEMINI (JT) 10.1984-12.1990,10.1984,12.1990,completed
1613,ISUZU,GEMINI,1185,GEMINI Saloon (JT) 9.1984-6.1990,9.1984,6.1990,completed
1614,ISUZU,GEMINI,38824,GEMINI Coupe (PF_) 6.1974-9.1984,6.1974,9.1984,completed
1615,ISUZU,IMPULSE,5421,IMPULSE 1.1990-12.1993,1.1990,12.1993,completed
1616,ISUZU,KB,10503,KB 7.2002,7.2002,,completed
1617,ISUZU,KB,10513,KB 5.1988-8.2004,5.1988,8.2004,completed
1618,ISUZU,KB,11294,KB 1.1980-12.1990,1.1980,12.1990,completed
1619,ISUZU,MIDI,3927,"MIDI Bus (94000, 98000) 6.1988-7.1996",6.1988,7.1996,completed
1620,ISUZU,MIDI,1188,"MIDI Van (94000, 98000) 6.1988-11.1998",6.1988,11.1998,completed
1621,ISUZU,MIDI,2057,MIDI Van (98000N) 6.1988-7.1996,6.1988,7.1996,completed
1622,ISUZU,PIAZZA,1844,PIAZZA (JR_) 6.1981-12.1990,6.1981,12.1990,completed
1623,ISUZU,TFR/TFS,7493,TFR/TFS Pickup (TF_) 9.1988-12.2002,9.1988,12.2002,completed
1624,ISUZU,TROOPER,5023,TROOPER III Open Off-Road Vehicle 4.2000-8.2004,4.2000,8.2004,completed
1625,ISUZU,TROOPER,4643,TROOPER III 5.1998-8.2004,5.1998,8.2004,completed
1626,ISUZU,TROOPER,5019,TROOPER II (UB) 8.1991-4.2000,8.1991,4.2000,completed
1627,ISUZU,TROOPER,5021,TROOPER II Open Off-Road Vehicle (UB) 8.1991-7.1998,8.1991,7.1998,completed
1628,ISUZU,TROOPER,1184,TROOPER I (UBS) 1.1983-12.1991,1.1983,12.1991,completed
1629,ISUZU,TROOPER,1187,TROOPER I Open Off-Road Vehicle (UBS) 1.1983-12.1991,1.1983,12.1991,completed
1630,IVECO,DAILY,14311,DAILY VI Bus 3.2014,3.2014,,completed
1631,IVECO,DAILY,13059,DAILY VI Platform/Chassis 3.2014,3.2014,,completed
1632,IVECO,DAILY,13060,DAILY VI Van 3.2014,3.2014,,completed
1633,IVECO,DAILY,42650,DAILY V Bus 9.2011-2.2014,9.2011,2.2014,completed
1634,IVECO,DAILY,10645,DAILY V Platform/Chassis 9.2011-2.2014,9.2011,2.2014,completed
1635,IVECO,DAILY,10648,DAILY V Van 9.2011-2.2014,9.2011,2.2014,completed
1636,IVECO,DAILY,9745,DAILY IV Bus 5.2006-12.2016,5.2006,12.2016,completed
1637,IVECO,DAILY,9527,DAILY IV Platform/Chassis 5.2006-3.2012,5.2006,3.2012,completed
1638,IVECO,DAILY,9525,DAILY IV Van 5.2006-3.2012,5.2006,3.2012,completed
1639,IVECO,DAILY,14309,DAILY III Bus 5.1999-5.2006,5.1999,5.2006,completed
1640,IVECO,DAILY,9523,DAILY III Van 5.1999-10.2009,5.1999,10.2009,completed
1641,IVECO,DAILY,9524,DAILY III Platform/Chassis 3.1998-10.2009,3.1998,10.2009,completed
1642,IVECO,DAILY,10642,DAILY II Bus 1.1989-5.1999,1.1989,5.1999,completed
1643,IVECO,DAILY,10641,DAILY II Platform/Chassis 1.1989-5.1999,1.1989,5.1999,completed
1644,IVECO,DAILY,10643,DAILY II Van 1.1989-8.2009,1.1989,8.2009,completed
1645,IVECO,DAILY,44779,DAILY I Bus 1.1978-12.1989,1.1978,12.1989,completed
1646,IVECO,DAILY,9522,DAILY I Platform/Chassis 1.1978-5.1999,1.1978,5.1999,completed
1647,IVECO,DAILY,9520,DAILY I Van 1.1978-8.1998,1.1978,8.1998,completed
1648,IVECO,MASSIF,7973,MASSIF Pickup 10.2008-2.2011,10.2008,2.2011,completed
1649,IVECO,MASSIF,7974,MASSIF Single Cab 10.2008-2.2011,10.2008,2.2011,completed
1650,IVECO,MASSIF,7972,MASSIF Station Wagon 10.2008-2.2011,10.2008,2.2011,completed
1651,JAGUAR,E-PACE,38078,E-PACE (X540) 9.2017,9.2017,,completed
1652,JAGUAR,E-TYPE,1712,E-TYPE 4.1961-4.1975,4.1961,4.1975,completed
1653,JAGUAR,E-TYPE,1714,E-TYPE Convertible 4.1961-4.1975,4.1961,4.1975,completed
1654,JAGUAR,E-TYPE 2+2,1713,E-TYPE 2+2 1.1965-4.1975,1.1965,4.1975,completed
1655,JAGUAR,F-PACE,14864,F-PACE (X761) 9.2015,9.2015,,completed
1656,JAGUAR,F-TYPE,11839,F-TYPE Coupe (X152) 9.2013,9.2013,,completed
1657,JAGUAR,F-TYPE,10822,F-TYPE Convertible (X152) 10.2012,10.2012,,completed
1658,JAGUAR,I-PACE,38533,I-PACE (X590) 2.2018,2.2018,,completed
1659,JAGUAR,Mk I,11319,Mk I 9.1955-9.1959,9.1955,9.1959,completed
1660,JAGUAR,Mk II,11023,Mk II 9.1955-10.1970,9.1955,10.1970,completed
1661,JAGUAR,Mk IX,11327,Mk IX 10.1958-7.1961,10.1958,7.1961,completed
1662,JAGUAR,Mk VII,11031,Mk VII 5.1950-10.1958,5.1950,10.1958,completed
1663,JAGUAR,Mk VIII,11908,Mk VIII 5.1956-10.1958,5.1956,10.1958,completed
1664,JAGUAR,Mk X,11033,Mk X MK I 9.1961-10.1970,9.1961,10.1970,completed
1665,JAGUAR,S-TYPE,3953,S-TYPE II (X200) 10.1998-12.2008,10.1998,12.2008,completed
1666,JAGUAR,S-TYPE,11037,S-TYPE I 5.1963-8.1968,5.1963,8.1968,completed
1667,JAGUAR,X-TYPE,5107,X-TYPE I Estate (X400) 9.2003-12.2009,9.2003,12.2009,completed
1668,JAGUAR,X-TYPE,4741,X-TYPE I (X400) 3.2001-11.2009,3.2001,11.2009,completed
1669,JAGUAR,XE,13223,XE (X760) 3.2015,3.2015,,completed
1670,JAGUAR,XF,37987,XF SPORTBRAKE (X260) 7.2017,7.2017,,completed
1671,JAGUAR,XF,14381,XF II (X260) 5.2015,5.2015,,completed
1672,JAGUAR,XF,10547,XF SPORTBRAKE (X250) 9.2012-12.2015,9.2012,12.2015,completed
1673,JAGUAR,XF,6720,XF I (X250) 3.2008-4.2015,3.2008,4.2015,completed
1674,JAGUAR,XJ,8797,XJ (X351) 10.2009-12.2019,10.2009,12.2019,completed
1675,JAGUAR,XJ,4977,"XJ (X350, X358) 3.2003-3.2009",3.2003,3.2009,completed
1676,JAGUAR,XJ,4138,XJ (X308) 9.1996-6.2003,9.1996,6.2003,completed
1677,JAGUAR,XJ,105,"XJ (X300, X330) 9.1994-12.1999",9.1994,12.1999,completed
1678,JAGUAR,XJ,95,"XJ (XJ40, XJ81) 10.1986-12.1995",10.1986,12.1995,completed
1679,JAGUAR,XJ,111,XJ Coupe 9.1973-3.1996,9.1973,3.1996,completed
1680,JAGUAR,XJ,101,XJ 7.1968-2.1993,7.1968,2.1993,completed
1681,JAGUAR,XJ220,13289,XJ220 Coupe (X27) 6.1991-12.1995,6.1991,12.1995,completed
1682,JAGUAR,XJSC,117,XJSC Convertible (X27) 7.1985-9.1997,7.1985,9.1997,completed
1683,JAGUAR,XK,5481,XK II Convertible (X150) 3.2006-7.2014,3.2006,7.2014,completed
1684,JAGUAR,XK,5480,XK II Coupe (X150) 3.2006-12.2014,3.2006,12.2014,completed
1685,JAGUAR,XK,11407,XK Convertible 9.1957-10.1960,9.1957,10.1960,completed
1686,JAGUAR,XK,11405,XK Coupe 9.1957-10.1960,9.1957,10.1960,completed
1687,JAGUAR,XK,11045,XK Convertible 1.1950-10.1954,1.1950,10.1954,completed
1688,JAGUAR,XK,11046,XK Coupe 9.1948-12.1954,9.1948,12.1954,completed
1689,JAGUAR,XK 8,1577,XK 8 Convertible (X100) 3.1996-12.2006,3.1996,12.2006,completed
1690,JAGUAR,XK 8,1576,XK 8 Coupe (X100) 3.1996-12.2006,3.1996,12.2006,completed
1691,JEEP,AVENGER,43848,AVENGER (J2) 12.2022,12.2022,,completed
1692,JEEP,CHEROKEE,11738,CHEROKEE (KL) 6.2013,6.2013,,completed
1693,JEEP,CHEROKEE,41690,CHEROKEE VAN (KL) 6.2013,6.2013,,completed
1694,JEEP,CHEROKEE,8075,CHEROKEE (KK) 9.2007,9.2007,,completed
1695,JEEP,CHEROKEE,4823,CHEROKEE (KJ) 3.2001-1.2008,3.2001,1.2008,completed
1696,JEEP,CHEROKEE,4242,CHEROKEE (XJ) 9.1983-9.2001,9.1983,9.2001,completed
1697,JEEP,CHEROKEE,6383,CHEROKEE (SJ) 9.1973-9.1986,9.1973,9.1986,completed
1698,JEEP,CJ5 - CJ8,4591,CJ5 - CJ8 1.1966-12.1987,1.1966,12.1987,completed
1699,JEEP,COMMANDER,5486,"COMMANDER (XK, XH) 9.2005-12.2010",9.2005,12.2010,completed
1700,JEEP,COMPASS,37718,"COMPASS (MP, M6, MV, M7) 1.2016",1.2016,,completed
1701,JEEP,COMPASS,5605,COMPASS (MK49) 8.2006,8.2006,,completed
1702,JEEP,GLADIATOR,39785,GLADIATOR Pickup (JT_) 4.2019,4.2019,,completed
1703,JEEP,GRAND CHEROKEE,44145,GRAND CHEROKEE V (WL) 5.2021,5.2021,,completed
1704,JEEP,GRAND CHEROKEE,9072,"GRAND CHEROKEE IV (WK, WK2) 6.2010",6.2010,,completed
1705,JEEP,GRAND CHEROKEE,41693,GRAND CHEROKEE VAN (WK2) 6.2010,6.2010,,completed
1706,JEEP,GRAND CHEROKEE,5438,"GRAND CHEROKEE III (WH, WK) 10.2004-12.2011",10.2004,12.2011,completed
1707,JEEP,GRAND CHEROKEE,4244,"GRAND CHEROKEE II (WJ, WG) 9.1998-9.2005",9.1998,9.2005,completed
1708,JEEP,GRAND CHEROKEE,4243,"GRAND CHEROKEE I (ZJ, ZG) 9.1991-4.1999",9.1991,4.1999,completed
1709,JEEP,GRAND CHEROKEE L,42496,GRAND CHEROKEE L V (WL) 5.2021,5.2021,,completed
1710,JEEP,GRAND WAGONEER,32246,GRAND WAGONEER Closed Off-Road Vehicle (XJ) 9.1983-12.1993,9.1983,12.1993,completed
1711,JEEP,PATRIOT,6740,PATRIOT (MK74) 2.2007-12.2017,2.2007,12.2017,completed
1712,JEEP,RENEGADE,13019,"RENEGADE SUV (BU, B1, BV) 7.2014",7.2014,,completed
1713,JEEP,RENEGADE,41694,"RENEGADE VAN (BU, B1) 7.2014",7.2014,,completed
1714,JEEP,WRANGLER,38535,WRANGLER IV (JL) 11.2017,11.2017,,completed
1715,JEEP,WRANGLER,7574,WRANGLER III (JK) 6.2006,6.2006,,completed
1716,JEEP,WRANGLER,4241,WRANGLER II (TJ) 8.1996-12.2008,8.1996,12.2008,completed
1717,JEEP,WRANGLER,4240,"WRANGLER I (YJ, SJ_) 8.1986-8.1996",8.1986,8.1996,completed
1718,KIA,BESTA,4025,BESTA Van 1.1993-12.2005,1.1993,12.2005,completed
1719,KIA,CARENS,11139,CARENS IV 1.2013,1.2013,,completed
1720,KIA,CARENS,5602,CARENS III MPV (UN) 5.2006-12.2013,5.2006,12.2013,completed
1721,KIA,CARENS,4739,"CARENS I MPV (FC, FJ) 9.1998-5.2007",9.1998,5.2007,completed
1722,KIA,CEE'D,10750,CEE'D Sportswagon (JD) 9.2012-7.2018,9.2012,7.2018,completed
1723,KIA,CEE'D,38387,CEE'D Combi Van (JD) 7.2012-7.2018,7.2012,7.2018,completed
1724,KIA,CEE'D,10192,CEE'D (JD) 5.2012-7.2018,5.2012,7.2018,completed
1725,KIA,CEE'D,6234,CEE'D SW (ED) 7.2007-12.2012,7.2007,12.2012,completed
1726,KIA,CEE'D,5626,CEE'D Hatchback (ED) 12.2006-12.2012,12.2006,12.2012,completed
1727,KIA,CEED,38795,CEED (CD) 3.2018,3.2018,,completed
1728,KIA,CEED,39659,CEED Combi Van (CD) 3.2018,3.2018,,completed
1729,KIA,CEED,39658,CEED Hatchback Van (CD) 3.2018,3.2018,,completed
1730,KIA,CEED,38897,CEED Sportswagon (CD) 3.2018,3.2018,,completed
1731,KIA,CERATO,38784,"CERATO IV Saloon (BD, BDM) 2.2018",2.2018,,completed
1732,KIA,CERATO,5115,CERATO I Saloon (LD) 4.2004-12.2011,4.2004,12.2011,completed
1733,KIA,CERATO,5116,CERATO I Hatchback (LD) 3.2004-12.2010,3.2004,12.2010,completed
1734,KIA,CERES,7821,CERES 2.1990-2.2000,2.1990,2.2000,completed
1735,KIA,CLARUS,3951,CLARUS Estate (GC) 6.1997-10.2000,6.1997,10.2000,completed
1736,KIA,CLARUS,1580,CLARUS (K9A) 10.1995-11.2001,10.1995,11.2001,completed
1737,KIA,EV3,45805,EV3 (SV1) 5.2024,5.2024,,completed
1738,KIA,EV5,45328,EV5 (OV_) 3.2024,3.2024,,completed
1739,KIA,EV6,42466,EV6 (CV) 7.2021,7.2021,,completed
1740,KIA,EV9,44467,EV9 (MV) 6.2023,6.2023,,completed
1741,KIA,JOICE,4598,JOICE (MTE1P) 2.2000-9.2003,2.2000,9.2003,completed
1742,KIA,K2500,5129,K2500 Platform/Chassis (SD) 6.2001,6.2001,,completed
1743,KIA,K2700,5495,K2700 (SD) 10.1999,10.1999,,completed
1744,KIA,K8,42612,K8 (GL3) 3.2021,3.2021,,completed
1745,KIA,K9,38604,K9 II (RJ) 3.2018,3.2018,,completed
1746,KIA,MAGENTIS,5494,MAGENTIS II (MG) 10.2005-4.2011,10.2005,4.2011,completed
1747,KIA,MAGENTIS,4792,"MAGENTIS I (GD, MS) 5.2001-4.2007",5.2001,4.2007,completed
1748,KIA,NIRO,43593,NIRO II (SG2) 1.2022,1.2022,,completed
1749,KIA,NIRO,36798,NIRO I (DE) 9.2016-8.2022,9.2016,8.2022,completed
1750,KIA,OPIRUS,4986,OPIRUS (GH) 6.2003-10.2012,6.2003,10.2012,completed
1751,KIA,OPTIMA,36968,OPTIMA Sportswagon (JF) 9.2016-12.2019,9.2016,12.2019,completed
1752,KIA,OPTIMA,14969,OPTIMA (JF) 9.2015,9.2015,,completed
1753,KIA,OPTIMA,10163,OPTIMA (FSGDS6B) 1.2010-4.2017,1.2010,4.2017,completed
1754,KIA,PICANTO,37886,PICANTO III (JA) 3.2017,3.2017,,completed
1755,KIA,PICANTO,9134,PICANTO II (TA) 5.2011-4.2018,5.2011,4.2018,completed
1756,KIA,PICANTO,5128,PICANTO I (SA) 4.2004-5.2012,4.2004,5.2012,completed
1757,KIA,PREGIO,4144,PREGIO Van (TB) 10.1997,10.1997,,completed
1758,KIA,PRIDE,4348,PRIDE Estate 8.1998-5.2001,8.1998,5.2001,completed
1759,KIA,PRIDE,1547,PRIDE (DA) 1.1990-12.2011,1.1990,12.2011,completed
1760,KIA,PRIDE Van,9838,PRIDE Van (DA) 4.1992-6.1999,4.1992,6.1999,completed
1761,KIA,PRO CEE'D,10751,PRO CEE'D (JD) 3.2013-7.2018,3.2013,7.2018,completed
1762,KIA,PRO CEE'D,39131,PRO CEE'D Hatchback Van (JD) 3.2012-7.2018,3.2012,7.2018,completed
1763,KIA,PRO CEE'D,6449,PRO CEE'D (ED) 2.2008-2.2013,2.2008,2.2013,completed
1764,KIA,PROCEED,39253,PROCEED (CD) 10.2018,10.2018,,completed
1765,KIA,PROCEED,40994,PROCEED Combi Van (CD) 10.2018,10.2018,,completed
1766,KIA,RETONA,4595,RETONA Closed Off-Road Vehicle (FK) 6.1999-12.2001,6.1999,12.2001,completed
1767,KIA,RIO,38135,"RIO IV Saloon (SC, FB) 7.2017",7.2017,,completed
1768,KIA,RIO,37619,"RIO IV (YB, SC, FB) 1.2017",1.2017,,completed
1769,KIA,RIO,9697,RIO III (UB) 9.2011-12.2017,9.2011,12.2017,completed
1770,KIA,RIO,10575,RIO III Saloon (UB) 9.2010-12.2017,9.2010,12.2017,completed
1771,KIA,RIO,5436,RIO II (JB) 3.2005-12.2011,3.2005,12.2011,completed
1772,KIA,RIO,5435,RIO II Saloon (JB) 3.2005-12.2011,3.2005,12.2011,completed
1773,KIA,RIO,4645,RIO I Hatchback (DC) 7.2000-4.2006,7.2000,4.2006,completed
1774,KIA,RIO,4750,RIO I Saloon (DC_) 7.2000-4.2006,7.2000,4.2006,completed
1775,KIA,ROADSTER,4352,ROADSTER (DB63) 8.1999,8.1999,,completed
1776,KIA,SEDONA,5604,SEDONA Mk II (VQ) 9.2005-6.2015,9.2005,6.2015,completed
1777,KIA,SEDONA,4844,SEDONA Mk II (GQ) 1.1999-9.2007,1.1999,9.2007,completed
1778,KIA,SEDONA,4349,"SEDONA I (UP, FL) 6.1998-10.2001",6.1998,10.2001,completed
1779,KIA,SELTOS,39879,"SELTOS (SP2, SP2I) 8.2019",8.2019,,completed
1780,KIA,SEPHIA,1581,SEPHIA (FA) 1.1995-10.1997,1.1995,10.1997,completed
1781,KIA,SEPHIA,1301,SEPHIA Saloon (FA) 1.1992-9.2001,1.1992,9.2001,completed
1782,KIA,SHUMA,4794,SHUMA II (FB) 5.2001-12.2007,5.2001,12.2007,completed
1783,KIA,SHUMA,4793,SHUMA II Saloon (FB) 5.2001-5.2004,5.2001,5.2004,completed
1784,KIA,SHUMA,3565,SHUMA I (FB) 9.1996-2.2002,9.1996,2.2002,completed
1785,KIA,SHUMA,3564,SHUMA Saloon (FB) 3.1996-10.2001,3.1996,10.2001,completed
1786,KIA,SORENTO,40546,"SORENTO IV (MQ4, MQ4A) 3.2020",3.2020,,completed
1787,KIA,SORENTO,13620,SORENTO III (UM) 1.2015-2.2023,1.2015,2.2023,completed
1788,KIA,SORENTO,8258,SORENTO II (XM) 9.2009-4.2016,9.2009,4.2016,completed
1789,KIA,SORENTO,41630,SORENTO II SUV Van (XM) 6.2009-12.2015,6.2009,12.2015,completed
1790,KIA,SORENTO,4938,SORENTO I (JC) 8.2002-12.2011,8.2002,12.2011,completed
1791,KIA,SORENTO,41741,SORENTO I VAN (JC) 8.2002-12.2011,8.2002,12.2011,completed
1792,KIA,SOUL,40903,SOUL III Cargo (SK3) 6.2020,6.2020,,completed
1793,KIA,SOUL,39316,SOUL III (SK3) 1.2019,1.2019,,completed
1794,KIA,SOUL,12796,SOUL II (PS) 2.2014-4.2019,2.2014,4.2019,completed
1795,KIA,SOUL,7593,SOUL I (AM) 1.2009-12.2014,1.2009,12.2014,completed
1796,KIA,SPORTAGE,42553,SPORTAGE V (NQ5) 9.2021,9.2021,,completed
1797,KIA,SPORTAGE,36216,"SPORTAGE IV (QL, QLE) 1.2015-10.2022",1.2015,10.2022,completed
1798,KIA,SPORTAGE,8751,SPORTAGE III (SL) 9.2009-7.2017,9.2009,7.2017,completed
1799,KIA,SPORTAGE,5394,"SPORTAGE II (JE_, KM_) 9.2004-5.2011",9.2004,5.2011,completed
1800,KIA,SPORTAGE,41700,SPORTAGE II VAN (KM_) 9.2004,9.2004,,completed
1801,KIA,SPORTAGE,1302,SPORTAGE SUV (K00) 4.1994-4.2005,4.1994,4.2005,completed
1802,KIA,STINGER,38141,STINGER (CK) 6.2017,6.2017,,completed
1803,KIA,STINGER,39662,STINGER Hatchback Van (CK) 6.2017,6.2017,,completed
1804,KIA,STONIC,38189,STONIC (YB) 7.2017,7.2017,,completed
1805,KIA,STONIC,39661,STONIC Hatchback Van (YB) 7.2017,7.2017,,completed
1806,KIA,VENGA,8257,VENGA (YN) 2.2010-3.2019,2.2010,3.2019,completed
1807,KIA,XCEED,39864,XCEED (CD) 6.2019,6.2019,,completed
1808,LAND ROVER,110/127,43639,110/127 Pick-up (LDH) 6.1984-12.1990,6.1984,12.1990,completed
1809,LAND ROVER,110/127,4674,110/127 (LDH) 9.1983-12.1990,9.1983,12.1990,completed
1810,LAND ROVER,80,40998,80 MK I Closed Off-Road Vehicle 1.1948-12.1953,1.1948,12.1953,completed
1811,LAND ROVER,80,41015,80 MK I Open Off-Road Vehicle 1.1948-12.1953,1.1948,12.1953,completed
1812,LAND ROVER,86/107,41000,86/107 MK I Closed Off-Road Vehicle 1.1954-12.1958,1.1954,12.1958,completed
1813,LAND ROVER,86/107,41014,86/107 MK I Open Off-Road Vehicle 1.1954-12.1958,1.1954,12.1958,completed
1814,LAND ROVER,88/109,41004,88/109 MK III Closed Off-Road Vehicle 11.1971-12.1986,11.1971,12.1986,completed
1815,LAND ROVER,88/109,41012,88/109 MK III Open Off-Road Vehicle 11.1971-12.1986,11.1971,12.1986,completed
1816,LAND ROVER,88/109,41003,88/109 MK IIA Closed Off-Road Vehicle 12.1961-10.1971,12.1961,10.1971,completed
1817,LAND ROVER,88/109,41011,88/109 MK IIA Open Off-Road Vehicle 12.1961-10.1971,12.1961,10.1971,completed
1818,LAND ROVER,88/109,41002,88/109 MK II Closed Off-Road Vehicle 9.1958-11.1961,9.1958,11.1961,completed
1819,LAND ROVER,88/109,41010,88/109 MK II Open Off-Road Vehicle 9.1958-11.1961,9.1958,11.1961,completed
1820,LAND ROVER,88/109,41001,88/109 MK I Closed Off-Road Vehicle 7.1956-8.1958,7.1956,8.1958,completed
1821,LAND ROVER,88/109,41009,88/109 MK I Open Off-Road Vehicle 7.1956-8.1958,7.1956,8.1958,completed
1822,LAND ROVER,90,38852,90 I (LDV) 1.1984-8.1990,1.1984,8.1990,completed
1823,LAND ROVER,DEFENDER,40590,DEFENDER Van (L663) 2.2020,2.2020,,completed
1824,LAND ROVER,DEFENDER,40000,DEFENDER Station Wagon (L663) 9.2019,9.2019,,completed
1825,LAND ROVER,DEFENDER,5034,DEFENDER Pick Up (L316) 1.1994-10.2017,1.1994,10.2017,completed
1826,LAND ROVER,DEFENDER,10595,DEFENDER Platform/Chassis (L316) 9.1990-2.2016,9.1990,2.2016,completed
1827,LAND ROVER,DEFENDER,4672,DEFENDER Cabrio (L316) 8.1990-2.2016,8.1990,2.2016,completed
1828,LAND ROVER,DEFENDER,4673,"DEFENDER Station Wagon (L316, L315) 5.1990-10.2017",5.1990,10.2017,completed
1829,LAND ROVER,DISCOVERY,37152,DISCOVERY V (L462) 9.2016,9.2016,,completed
1830,LAND ROVER,DISCOVERY,41615,DISCOVERY V VAN (L462) 9.2016,9.2016,,completed
1831,LAND ROVER,DISCOVERY,9015,DISCOVERY IV (L319) 9.2009-12.2018,9.2009,12.2018,completed
1832,LAND ROVER,DISCOVERY,38785,DISCOVERY IV VAN (L319) 9.2009-12.2017,9.2009,12.2017,completed
1833,LAND ROVER,DISCOVERY,38732,DISCOVERY III VAN (L319) 1.2007-7.2009,1.2007,7.2009,completed
1834,LAND ROVER,DISCOVERY,5160,DISCOVERY III (L319) 7.2004-9.2009,7.2004,9.2009,completed
1835,LAND ROVER,DISCOVERY,4670,DISCOVERY II (L318) 10.1998-8.2004,10.1998,8.2004,completed
1836,LAND ROVER,DISCOVERY,4671,DISCOVERY I (LJ) 6.1989-12.1998,6.1989,12.1998,completed
1837,LAND ROVER,DISCOVERY SPORT,13104,DISCOVERY SPORT (L550) 9.2014,9.2014,,completed
1838,LAND ROVER,FREELANDER,4678,FREELANDER I (L314) 2.1998-10.2006,2.1998,10.2006,completed
1839,LAND ROVER,FREELANDER,4677,FREELANDER I Soft Top (L314) 2.1998-10.2006,2.1998,10.2006,completed
1840,LAND ROVER,FREELANDER 2,5603,FREELANDER 2 (L359) 10.2006-12.2015,10.2006,12.2015,completed
1841,LAND ROVER,FREELANDER 2,38786,FREELANDER 2 VAN (L359) 10.2006-10.2014,10.2006,10.2014,completed
1842,LAND ROVER,RANGE ROVER,42537,RANGE ROVER V (L460) 10.2021,10.2021,,completed
1843,LAND ROVER,RANGE ROVER,10810,RANGE ROVER IV (L405) 8.2012-9.2021,8.2012,9.2021,completed
1844,LAND ROVER,RANGE ROVER,4869,RANGE ROVER III (L322) 3.2002-12.2012,3.2002,12.2012,completed
1845,LAND ROVER,RANGE ROVER,4668,RANGE ROVER II (P38A) 7.1994-3.2002,7.1994,3.2002,completed
1846,LAND ROVER,RANGE ROVER,4669,RANGE ROVER I 10.1969-4.1996,10.1969,4.1996,completed
1847,LAND ROVER,RANGE ROVER EVOQUE,39216,RANGE ROVER EVOQUE (L551) 12.2018,12.2018,,completed
1848,LAND ROVER,RANGE ROVER EVOQUE,14820,RANGE ROVER EVOQUE Convertible (L538) 11.2015-12.2019,11.2015,12.2019,completed
1849,LAND ROVER,RANGE ROVER EVOQUE,9576,RANGE ROVER EVOQUE (L538) 6.2011-12.2019,6.2011,12.2019,completed
1850,LAND ROVER,RANGE ROVER EVOQUE,41657,RANGE ROVER EVOQUE VAN (L538) 6.2011-12.2019,6.2011,12.2019,completed
1851,LAND ROVER,RANGE ROVER SPORT,42925,RANGE ROVER SPORT III (L461) 4.2022,4.2022,,completed
1852,LAND ROVER,RANGE ROVER SPORT,11229,RANGE ROVER SPORT II (L494) 4.2013-3.2022,4.2013,3.2022,completed
1853,LAND ROVER,RANGE ROVER SPORT,5437,RANGE ROVER SPORT I (L320) 2.2005-3.2013,2.2005,3.2013,completed
1854,LAND ROVER,RANGE ROVER VELAR,37713,RANGE ROVER VELAR (L560) 3.2017,3.2017,,completed
1855,LEXUS,CT,9014,CT (ZWA10_) 12.2010,12.2010,,completed
1856,LEXUS,ES,39145,"ES (_Z10_, _A10_, _H10_) 7.2018",7.2018,,completed
1857,LEXUS,ES,11183,ES (_V6_) 6.2012-6.2018,6.2012,6.2018,completed
1858,LEXUS,ES,5812,"ES (MCV_, VZV_) 8.1996-6.2008",8.1996,6.2008,completed
1859,LEXUS,ES,4245,"ES (VCV10_, VZV21_) 9.1989-12.1997",9.1989,12.1997,completed
1860,LEXUS,GS,10095,GS (_L1_) 8.2011,8.2011,,completed
1861,LEXUS,GS,5433,GS (_S19_) 1.2005-12.2012,1.2005,12.2012,completed
1862,LEXUS,GS,4690,GS (_S16_) 8.1997-12.2004,8.1997,12.2004,completed
1863,LEXUS,GS,4246,GS (JZS147_) 1.1993-8.1997,1.1993,8.1997,completed
1864,LEXUS,IS,11227,IS III (_E3_) 4.2013,4.2013,,completed
1865,LEXUS,IS,5465,IS II (_E2_) 8.2005-4.2013,8.2005,4.2013,completed
1866,LEXUS,IS,4839,IS SportCross (_E1_) 10.2001-10.2005,10.2001,10.2005,completed
1867,LEXUS,IS,4247,IS I (_E1_) 4.1999-7.2005,4.1999,7.2005,completed
1868,LEXUS,IS C,8175,IS C (GSE2_) 4.2009,4.2009,,completed
1869,LEXUS,LBX,44795,"LBX (_AYH1_, _AYA1_) 9.2023",9.2023,,completed
1870,LEXUS,LC,42135,LC Convertible (_Z10_) 7.2020,7.2020,,completed
1871,LEXUS,LC,37348,LC Coupe (_Z10_) 11.2016,11.2016,,completed
1872,LEXUS,LFA,8961,LFA (LFA10_) 12.2010-11.2012,12.2010,11.2012,completed
1873,LEXUS,LM,44999,LM (_H1_) 2.2023,2.2023,,completed
1874,LEXUS,LS,38365,LS (_F5_) 10.2017,10.2017,,completed
1875,LEXUS,LS,6742,LS (_F4_) 4.2006,4.2006,,completed
1876,LEXUS,LS,4738,LS (_F3_) 8.2000-8.2006,8.2000,8.2006,completed
1877,LEXUS,LS,4691,LS (_F2_) 10.1994-12.2000,10.1994,12.2000,completed
1878,LEXUS,LS,4248,LS (_F1_) 9.1989-12.1995,9.1989,12.1995,completed
1879,LEXUS,LX,9078,LX (UZJ100) 9.1997-12.2008,9.1997,12.2008,completed
1880,LEXUS,NX,42515,"NX II (_A2_, _H2_) 9.2021",9.2021,,completed
1881,LEXUS,NX,12998,NX (_Z1_) 7.2014,7.2014,,completed
1882,LEXUS,RC,11956,RC (_C1_) 8.2014,8.2014,,completed
1883,LEXUS,RX,43525,"RX (_LA1_, _LH1_) 6.2022",6.2022,,completed
1884,LEXUS,RX,14797,RX (_L2_) 10.2015,10.2015,,completed
1885,LEXUS,RX,8136,RX (_L1_) 12.2008-12.2015,12.2008,12.2015,completed
1886,LEXUS,RX,5001,RX (_U3_) 2.2003-12.2008,2.2003,12.2008,completed
1887,LEXUS,RX,4347,RX (MCU15) 1.1998-5.2003,1.1998,5.2003,completed
1888,LEXUS,RZ,43972,RZ (_BM1_) 1.2023,1.2023,,completed
1889,LEXUS,SC,4765,SC Convertible (UZZ40_) 1.2001-7.2010,1.2001,7.2010,completed
1890,LEXUS,UX,39223,"UX (_AA1_, _AH1_, _MA1_) 10.2018",10.2018,,completed
1891,MAZDA,1000,4026,1000 (FA3) 1.1975-1.1977,1.1975,1.1977,completed
1892,MAZDA,121,1510,"121 III (JASM, JBSM) 3.1996-4.2003",3.1996,4.2003,completed
1893,MAZDA,121,92,121 II (DB) 11.1990-5.1997,11.1990,5.1997,completed
1894,MAZDA,121,88,121 I (DA) 3.1987-6.1991,3.1987,6.1991,completed
1895,MAZDA,1300,4027,1300 (FA3) 2.1971-1.1977,2.1971,1.1977,completed
1896,MAZDA,1800,43751,1800 Saloon (SV) 1.1966-12.1973,1.1966,12.1973,completed
1897,MAZDA,2,42729,2 Hatchback (KB) 3.2022,3.2022,,completed
1898,MAZDA,2,13240,"2 Hatchback (DL, DJ) 8.2014",8.2014,,completed
1899,MAZDA,2,6436,"2 (DE_, DH_) 7.2007-6.2015",7.2007,6.2015,completed
1900,MAZDA,2,4958,2 (DY) 2.2003-6.2007,2.2003,6.2007,completed
1901,MAZDA,3,39275,3 Hatchback (BP) 11.2018,11.2018,,completed
1902,MAZDA,3,39276,3 Saloon (BP_) 11.2018,11.2018,,completed
1903,MAZDA,3,11527,"3 Saloon (BM_, BN_) 9.2013-12.2019",9.2013,12.2019,completed
1904,MAZDA,3,11526,"3 (BM, BN) 7.2013-5.2019",7.2013,5.2019,completed
1905,MAZDA,3,8036,3 (BL) 12.2008-9.2014,12.2008,9.2014,completed
1906,MAZDA,3,8037,3 Saloon (BL) 12.2008-12.2014,12.2008,12.2014,completed
1907,MAZDA,3,5062,3 (BK) 10.2003-12.2009,10.2003,12.2009,completed
1908,MAZDA,3,5063,3 Saloon (BK) 9.1999-12.2009,9.1999,12.2009,completed
1909,MAZDA,323,342,323 III Station Wagon (BW) 1.1986-10.1998,1.1986,10.1998,completed
1910,MAZDA,323,338,323 III Hatchback (BF) 8.1985-7.2004,8.1985,7.2004,completed
1911,MAZDA,323,347,323 III Saloon (BF) 8.1985-7.2004,8.1985,7.2004,completed
1912,MAZDA,323,333,323 II Saloon (BD) 10.1980-10.1989,10.1980,10.1989,completed
1913,MAZDA,323,3461,323 II Hatchback (BD) 6.1980-10.1989,6.1980,10.1989,completed
1914,MAZDA,323,324,323 I Station Wagon (FA) 5.1978-5.1986,5.1978,5.1986,completed
1915,MAZDA,323,320,323 I (FA) 1.1977-11.1982,1.1977,11.1982,completed
1916,MAZDA,323 C,311,323 C V (BA) 8.1994-1.2001,8.1994,1.2001,completed
1917,MAZDA,323 C,356,323 C IV (BG) 6.1989-9.2000,6.1989,9.2000,completed
1918,MAZDA,323 F,3853,323 F VI Hatchback (BJ) 9.1998-7.2004,9.1998,7.2004,completed
1919,MAZDA,323 F,315,323 F V (BA) 7.1994-2.2000,7.1994,2.2000,completed
1920,MAZDA,323 F,352,323 F IV (BG) 4.1987-10.1994,4.1987,10.1994,completed
1921,MAZDA,323 P,3855,323 P V (BA) 10.1996-9.1998,10.1996,9.1998,completed
1922,MAZDA,323 S,3852,323 S VI Saloon (BJ) 5.1998-7.2004,5.1998,7.2004,completed
1923,MAZDA,323 S,365,323 S V (BA) 9.1992-12.2003,9.1992,12.2003,completed
1924,MAZDA,323 S,361,323 S IV (BG) 6.1989-10.1996,6.1989,10.1996,completed
1925,MAZDA,5,9571,5 (CW) 6.2010,6.2010,,completed
1926,MAZDA,5,5410,5 (CR) 2.2005-12.2010,2.2005,12.2010,completed
1927,MAZDA,6,10884,"6 Saloon (GJ, GL) 12.2012",12.2012,,completed
1928,MAZDA,6,10888,"6 Estate (GJ, GL) 8.2012",8.2012,,completed
1929,MAZDA,6,7571,6 Estate (GH) 12.2007-7.2013,12.2007,7.2013,completed
1930,MAZDA,6,6986,6 Hatchback (GH) 8.2007-7.2013,8.2007,7.2013,completed
1931,MAZDA,6,6987,6 Saloon (GH) 8.2007-12.2013,8.2007,12.2013,completed
1932,MAZDA,6,4887,6 Hatchback (GG) 8.2002-12.2008,8.2002,12.2008,completed
1933,MAZDA,6,4886,6 Saloon (GG) 6.2002-12.2008,6.2002,12.2008,completed
1934,MAZDA,6,4888,6 Station Wagon (GY) 1.2002-2.2008,1.2002,2.2008,completed
1935,MAZDA,616,4028,616 (SNA) 9.1969-10.1978,9.1969,10.1978,completed
1936,MAZDA,626,3400,626 V Station Wagon (GW) 1.1998-5.2003,1.1998,5.2003,completed
1937,MAZDA,626,1979,626 V (GF) 5.1997-5.2006,5.1997,5.2006,completed
1938,MAZDA,626,1980,626 V Hatchback (GF) 5.1997-12.2002,5.1997,12.2002,completed
1939,MAZDA,626,491,626 IV (GE) 8.1991-8.1998,8.1991,8.1998,completed
1940,MAZDA,626,525,626 IV Hatchback (GE) 8.1991-8.1998,8.1991,8.1998,completed
1941,MAZDA,626,516,626 III Station Wagon (GV) 9.1987-10.1998,9.1987,10.1998,completed
1942,MAZDA,626,521,626 III (GD) 6.1987-5.1992,6.1987,5.1992,completed
1943,MAZDA,626,508,626 III Coupe (GD) 6.1987-5.1992,6.1987,5.1992,completed
1944,MAZDA,626,3931,626 III Hatchback (GD) 6.1987-5.1992,6.1987,5.1992,completed
1945,MAZDA,626,503,626 II (GC) 11.1982-5.1993,11.1982,5.1993,completed
1946,MAZDA,626,3462,626 II Hatchback (GC) 11.1982-5.1993,11.1982,5.1993,completed
1947,MAZDA,626,8375,626 II Coupe (GC) 9.1982-10.1987,9.1982,10.1987,completed
1948,MAZDA,626,495,626 I (CB) 9.1978-10.1982,9.1978,10.1982,completed
1949,MAZDA,626,37341,626 I Coupe 9.1978-12.1982,9.1978,12.1982,completed
1950,MAZDA,818,37627,818 Coupe 9.1971-12.1978,9.1971,12.1978,completed
1951,MAZDA,818,4029,818 Estate 9.1971-10.1978,9.1971,10.1978,completed
1952,MAZDA,929,188,929 III (HC) 5.1987-8.1991,5.1987,8.1991,completed
1953,MAZDA,929,183,929 II Estate (HV) 1.1983-12.1987,1.1983,12.1987,completed
1954,MAZDA,929,180,929 II (HB) 12.1981-9.1987,12.1981,9.1987,completed
1955,MAZDA,929,177,929 II Coupe (HB) 12.1981-9.1987,12.1981,9.1987,completed
1956,MAZDA,929,173,929 I (LA) 10.1977-7.1986,10.1977,7.1986,completed
1957,MAZDA,929,37342,929 I Estate (LA) 10.1977-12.1988,10.1977,12.1988,completed
1958,MAZDA,B-SERIE,4200,B-SERIE (UN) 11.1998-12.2008,11.1998,12.2008,completed
1959,MAZDA,B-SERIE,8634,B-SERIE Platform/Chassis (UF) 5.1985-10.2001,5.1985,10.2001,completed
1960,MAZDA,B-SERIE,4581,B-SERIE (UF) 1.1985-12.2000,1.1985,12.2000,completed
1961,MAZDA,B-SERIE,4914,B-SERIE (UD) 1.1981-6.1986,1.1981,6.1986,completed
1962,MAZDA,B-SERIE,4913,B-SERIE (PE) 2.1977-1.1982,2.1977,1.1982,completed
1963,MAZDA,BT-50,6246,"BT-50 Pickup (CD, UN) 8.2006-12.2015",8.2006,12.2015,completed
1964,MAZDA,BT-50,8639,"BT-50 Platform/Chassis (CD, UN) 8.2006",8.2006,,completed
1965,MAZDA,CX-3,13892,CX-3 (DK) 1.2015,1.2015,,completed
1966,MAZDA,CX-30,39795,"CX-30 (DM, DT, ED) 4.2019",4.2019,,completed
1967,MAZDA,CX-5,37884,CX-5 (KF) 11.2016,11.2016,,completed
1968,MAZDA,CX-5,10207,"CX-5 (KE, GH) 11.2011-2.2017",11.2011,2.2017,completed
1969,MAZDA,CX-60,42677,CX-60 (KH_) 3.2022,3.2022,,completed
1970,MAZDA,CX-7,6435,CX-7 (ER) 6.2006-12.2016,6.2006,12.2016,completed
1971,MAZDA,CX-80,45415,CX-80 (KL_) 4.2024,4.2024,,completed
1972,MAZDA,CX-9,8556,CX-9 (TB) 9.2006,9.2006,,completed
1973,MAZDA,DEMIO,3883,DEMIO (DW) 1.1996-7.2003,1.1996,7.2003,completed
1974,MAZDA,E,8511,"E Platform/Chassis (SD1, SL) 8.1999-2.2006",8.1999,2.2006,completed
1975,MAZDA,E,8512,E Van (SG) 1.1999-12.2006,1.1999,12.2006,completed
1976,MAZDA,E,301,E Bus (SR1) 1.1984-7.2004,1.1984,7.2004,completed
1977,MAZDA,E,2058,E Van (SR2) 10.1983-7.2004,10.1983,7.2004,completed
1978,MAZDA,E,8507,E Platform/Chassis (SD1) 1.1983-7.1999,1.1983,7.1999,completed
1979,MAZDA,E,4495,E Van 4.1978-6.1984,4.1978,6.1984,completed
1980,MAZDA,MPV,4417,MPV II (LW) 8.1999-12.2006,8.1999,12.2006,completed
1981,MAZDA,MPV,1582,MPV I (LV) 9.1988-9.1999,9.1988,9.1999,completed
1982,MAZDA,MX-3,331,MX-3 (EC) 5.1991-9.1998,5.1991,9.1998,completed
1983,MAZDA,MX-30,40050,MX-30 (DR) 5.2020,5.2020,,completed
1984,MAZDA,MX-5,14059,MX-5 IV (ND__) 4.2015,4.2015,,completed
1985,MAZDA,MX-5,5448,MX-5 III (NC) 3.2005-12.2014,3.2005,12.2014,completed
1986,MAZDA,MX-5,3553,MX-5 II (NB) 1.1998-10.2005,1.1998,10.2005,completed
1987,MAZDA,MX-5,336,MX-5 I (NA) 9.1989-4.1998,9.1989,4.1998,completed
1988,MAZDA,MX-5 RF,37466,MX-5 RF Targa (ND) 10.2016,10.2016,,completed
1989,MAZDA,MX-6,340,MX-6 (GE) 7.1991-9.1997,7.1991,9.1997,completed
1990,MAZDA,MX-6,8642,MX-6 (GD) 10.1987-1.1997,10.1987,1.1997,completed
1991,MAZDA,PREMACY,4233,PREMACY (CP) 1.1999-3.2005,1.1999,3.2005,completed
1992,MAZDA,PREMACY,41608,PREMACY Van (CP_) 1.1999-6.2005,1.1999,6.2005,completed
1993,MAZDA,RX-5,4922,RX-5 6.1975-12.1981,6.1975,12.1981,completed
1994,MAZDA,RX-7,182,RX-7 III (FD) 7.1992-8.2002,7.1992,8.2002,completed
1995,MAZDA,RX-7,7895,RX-7 II Convertible 1.1988-6.1992,1.1988,6.1992,completed
1996,MAZDA,RX-7,179,RX-7 II (FC) 11.1985-12.1991,11.1985,12.1991,completed
1997,MAZDA,RX-7,175,RX-7 I (SA) 3.1978-3.1986,3.1978,3.1986,completed
1998,MAZDA,RX-8,4980,"RX-8 (SE, FE) 10.2003-7.2012",10.2003,7.2012,completed
1999,MAZDA,TRIBUTE,4615,TRIBUTE (EP) 3.2000-5.2008,3.2000,5.2008,completed
2000,MAZDA,XEDOS 6,82,XEDOS 6 (CA) 1.1992-10.1999,1.1992,10.1999,completed
2001,MAZDA,XEDOS 9,87,XEDOS 9 (TA) 7.1993-9.2002,7.1993,9.2002,completed
2002,MERCEDES-BENZ,/8,543,/8 Coupe (W114) 4.1969-2.1977,4.1969,2.1977,completed
2003,MERCEDES-BENZ,/8,548,/8 (W114) 1.1968-11.1976,1.1968,11.1976,completed
2004,MERCEDES-BENZ,/8,552,/8 (W115) 1.1968-1.1977,1.1968,1.1977,completed
2005,MERCEDES-BENZ,123,9,123 T-Model (S123) 9.1977-12.1986,9.1977,12.1986,completed
2006,MERCEDES-BENZ,123,4,123 Coupe (C123) 3.1977-12.1985,3.1977,12.1985,completed
2007,MERCEDES-BENZ,123,571,123 Saloon (W123) 1.1976-12.1985,1.1976,12.1985,completed
2008,MERCEDES-BENZ,124,96,124 Convertible (A124) 9.1991-6.1993,9.1991,6.1993,completed
2009,MERCEDES-BENZ,124,12,124 Coupe (C124) 3.1987-7.1993,3.1987,7.1993,completed
2010,MERCEDES-BENZ,124,24,124 T-Model (S124) 9.1985-12.1993,9.1985,12.1993,completed
2011,MERCEDES-BENZ,124,18,124 Saloon (W124) 12.1984-8.1993,12.1984,8.1993,completed
2012,MERCEDES-BENZ,170,44375,170 Convertible (W136) 5.1949-12.1952,5.1949,12.1952,completed
2013,MERCEDES-BENZ,170,44374,170 Estate Van (W136) 5.1946-9.1955,5.1946,9.1955,completed
2014,MERCEDES-BENZ,170,44373,170 Platform/Chassis (W136) 5.1946-9.1955,5.1946,9.1955,completed
2015,MERCEDES-BENZ,170,1746,"170 Saloon (W136, W191) 3.1936-9.1955",3.1936,9.1955,completed
2016,MERCEDES-BENZ,190,52,190 (W201) 10.1982-8.1993,10.1982,8.1993,completed
2017,MERCEDES-BENZ,300,43054,300 Cabriolet D (W189) 7.1958-2.1962,7.1958,2.1962,completed
2018,MERCEDES-BENZ,300,43052,300 Saloon (W189) 8.1957-3.1962,8.1957,3.1962,completed
2019,MERCEDES-BENZ,300,43056,300 Roadster (W188) 9.1952-2.1958,9.1952,2.1958,completed
2020,MERCEDES-BENZ,300,43057,300 Cabriolet A (W188) 9.1951-7.1957,9.1951,7.1957,completed
2021,MERCEDES-BENZ,300,43055,300 Coupe (W188) 9.1951-4.1958,9.1951,4.1958,completed
2022,MERCEDES-BENZ,300,43053,300 Cabriolet D (W186) 4.1951-6.1956,4.1951,6.1956,completed
2023,MERCEDES-BENZ,300,43051,300 Saloon (W186) 4.1951-7.1957,4.1951,7.1957,completed
2024,MERCEDES-BENZ,A-CLASS,38880,A-CLASS Saloon (V177) 9.2018,9.2018,,completed
2025,MERCEDES-BENZ,A-CLASS,38539,A-CLASS (W177) 3.2018,3.2018,,completed
2026,MERCEDES-BENZ,A-CLASS,10342,A-CLASS (W176) 6.2012-5.2018,6.2012,5.2018,completed
2027,MERCEDES-BENZ,A-CLASS,5165,A-CLASS (W169) 4.2004-12.2013,4.2004,12.2013,completed
2028,MERCEDES-BENZ,A-CLASS,1982,A-CLASS (W168) 7.1997-12.2006,7.1997,12.2006,completed
2029,MERCEDES-BENZ,AMG GT,45023,AMG GT (C192) 10.2023,10.2023,,completed
2030,MERCEDES-BENZ,AMG GT,38838,AMG GT (X290) 7.2018,7.2018,,completed
2031,MERCEDES-BENZ,AMG GT,37244,AMG GT Roadster (R190) 11.2016-1.2022,11.2016,1.2022,completed
2032,MERCEDES-BENZ,AMG GT,13198,AMG GT (C190) 10.2014-12.2021,10.2014,12.2021,completed
2033,MERCEDES-BENZ,B-CLASS,39199,B-CLASS Sports Tourer (W247) 12.2018,12.2018,,completed
2034,MERCEDES-BENZ,B-CLASS,9769,"B-CLASS Sports Tourer (W246, W242) 10.2011-12.2018",10.2011,12.2018,completed
2035,MERCEDES-BENZ,B-CLASS,5396,B-CLASS Sports Tourer (W245) 3.2005-11.2011,3.2005,11.2011,completed
2036,MERCEDES-BENZ,C-CLASS,42667,C-CLASS All-Terrain (S206) 12.2021,12.2021,,completed
2037,MERCEDES-BENZ,C-CLASS,41824,C-CLASS (W206) 3.2021,3.2021,,completed
2038,MERCEDES-BENZ,C-CLASS,41835,C-CLASS T-MODEL (S206) 3.2021,3.2021,,completed
2039,MERCEDES-BENZ,C-CLASS,36610,C-CLASS Convertible (A205) 6.2016-4.2023,6.2016,4.2023,completed
2040,MERCEDES-BENZ,C-CLASS,14664,C-CLASS Coupe (C205) 10.2015-4.2023,10.2015,4.2023,completed
2041,MERCEDES-BENZ,C-CLASS,12855,C-CLASS T-Model (S205) 9.2014-2.2023,9.2014,2.2023,completed
2042,MERCEDES-BENZ,C-CLASS,11851,C-CLASS (W205) 7.2013-2.2023,7.2013,2.2023,completed
2043,MERCEDES-BENZ,C-CLASS,9624,C-CLASS Coupe (C204) 1.2011,1.2011,,completed
2044,MERCEDES-BENZ,C-CLASS,6437,C-CLASS T-Model (S204) 8.2007-8.2014,8.2007,8.2014,completed
2045,MERCEDES-BENZ,C-CLASS,6224,C-CLASS (W204) 1.2007-1.2015,1.2007,1.2015,completed
2046,MERCEDES-BENZ,C-CLASS,4708,C-CLASS Coupe (CL203) 3.2001-6.2011,3.2001,6.2011,completed
2047,MERCEDES-BENZ,C-CLASS,4754,C-CLASS T-Model (S203) 3.2001-8.2007,3.2001,8.2007,completed
2048,MERCEDES-BENZ,C-CLASS,4640,C-CLASS (W203) 5.2000-12.2007,5.2000,12.2007,completed
2049,MERCEDES-BENZ,C-CLASS,1516,C-CLASS T-Model (S202) 6.1996-3.2001,6.1996,3.2001,completed
2050,MERCEDES-BENZ,C-CLASS,520,C-CLASS (W202) 3.1993-5.2000,3.1993,5.2000,completed
2051,MERCEDES-BENZ,CABRIOLET,3385,"CABRIOLET (W111, W112) 9.1961-12.1971",9.1961,12.1971,completed
2052,MERCEDES-BENZ,CITAN,42391,CITAN Box Body/MPV (W420) 9.2021,9.2021,,completed
2053,MERCEDES-BENZ,CITAN,42392,CITAN Tourer (W420) 9.2021,9.2021,,completed
2054,MERCEDES-BENZ,CITAN,10861,CITAN Box Body/MPV (W415) 11.2012-8.2021,11.2012,8.2021,completed
2055,MERCEDES-BENZ,CITAN,10803,CITAN Mixto (Double Cabin) (W415) 11.2012-8.2021,11.2012,8.2021,completed
2056,MERCEDES-BENZ,CITAN,10862,CITAN MPV (W415) 11.2012-8.2021,11.2012,8.2021,completed
2057,MERCEDES-BENZ,CLA,39629,CLA Shooting Brake (X118) 6.2019,6.2019,,completed
2058,MERCEDES-BENZ,CLA,39446,CLA (C118) 3.2019,3.2019,,completed
2059,MERCEDES-BENZ,CLA,13518,CLA Shooting Brake (X117) 1.2015-3.2019,1.2015,3.2019,completed
2060,MERCEDES-BENZ,CLA,11050,CLA Coupe (C117) 1.2013-3.2019,1.2013,3.2019,completed
2061,MERCEDES-BENZ,CLC-CLASS,7365,CLC-CLASS (CL203) 5.2008-6.2011,5.2008,6.2011,completed
2062,MERCEDES-BENZ,CLE,45179,CLE Convertible (A236) 2.2024,2.2024,,completed
2063,MERCEDES-BENZ,CLE,44789,CLE (C236) 10.2023,10.2023,,completed
2064,MERCEDES-BENZ,CLK,4974,CLK Convertible (A209) 6.2002-12.2013,6.2002,12.2013,completed
2065,MERCEDES-BENZ,CLK,4889,CLK (C209) 5.2002-12.2013,5.2002,12.2013,completed
2066,MERCEDES-BENZ,CLK,3558,CLK Convertible (A208) 3.1998-3.2002,3.1998,3.2002,completed
2067,MERCEDES-BENZ,CLK,1981,CLK (C208) 6.1997-12.2003,6.1997,12.2003,completed
2068,MERCEDES-BENZ,CLS,38362,CLS (C257) 12.2017,12.2017,,completed
2069,MERCEDES-BENZ,CLS,10848,CLS Shooting Brake (X218) 10.2012-12.2017,10.2012,12.2017,completed
2070,MERCEDES-BENZ,CLS,9052,CLS (C218) 1.2011-12.2017,1.2011,12.2017,completed
2071,MERCEDES-BENZ,CLS,5118,CLS (C219) 10.2004-12.2012,10.2004,12.2012,completed
2072,MERCEDES-BENZ,COUPE,534,"COUPE (W111, W112) 1.1961-12.1971",1.1961,12.1971,completed
2073,MERCEDES-BENZ,E-CLASS,44853,E-CLASS All-Terrain (S214) 10.2023,10.2023,,completed
2074,MERCEDES-BENZ,E-CLASS,44552,E-CLASS (W214) 7.2023,7.2023,,completed
2075,MERCEDES-BENZ,E-CLASS,44739,E-CLASS T-Model (S214) 7.2023,7.2023,,completed
2076,MERCEDES-BENZ,E-CLASS,38022,E-CLASS Convertible (A238) 6.2017,6.2017,,completed
2077,MERCEDES-BENZ,E-CLASS,37491,E-CLASS All-Terrain (S213) 1.2017-10.2023,1.2017,10.2023,completed
2078,MERCEDES-BENZ,E-CLASS,37424,E-CLASS Coupe (C238) 12.2016,12.2016,,completed
2079,MERCEDES-BENZ,E-CLASS,36766,E-CLASS T-Model (S213) 7.2016-10.2023,7.2016,10.2023,completed
2080,MERCEDES-BENZ,E-CLASS,36202,E-CLASS (W213) 1.2016,1.2016,,completed
2081,MERCEDES-BENZ,E-CLASS,8524,E-CLASS Convertible (A207) 1.2010-12.2016,1.2010,12.2016,completed
2082,MERCEDES-BENZ,E-CLASS,8160,E-CLASS T-Model (S212) 8.2009-12.2016,8.2009,12.2016,completed
2083,MERCEDES-BENZ,E-CLASS,8034,E-CLASS (W212) 1.2009-12.2016,1.2009,12.2016,completed
2084,MERCEDES-BENZ,E-CLASS,8035,E-CLASS Coupe (C207) 1.2009-12.2016,1.2009,12.2016,completed
2085,MERCEDES-BENZ,E-CLASS,38735,E-CLASS Platform/Chassis (VF211) 3.2003-7.2009,3.2003,7.2009,completed
2086,MERCEDES-BENZ,E-CLASS,4947,E-CLASS T-Model (S211) 2.2003-7.2009,2.2003,7.2009,completed
2087,MERCEDES-BENZ,E-CLASS,4874,E-CLASS (W211) 3.2002-3.2009,3.2002,3.2009,completed
2088,MERCEDES-BENZ,E-CLASS,38771,E-CLASS Platform/Chassis (VF210) 6.1996-3.2003,6.1996,3.2003,completed
2089,MERCEDES-BENZ,E-CLASS,1539,E-CLASS T-Model (S210) 6.1996-3.2003,6.1996,3.2003,completed
2090,MERCEDES-BENZ,E-CLASS,1314,E-CLASS (W210) 6.1995-8.2003,6.1995,8.2003,completed
2091,MERCEDES-BENZ,E-CLASS,3448,E-CLASS Coupe (C124) 6.1993-6.1997,6.1993,6.1997,completed
2092,MERCEDES-BENZ,E-CLASS,118,E-CLASS T-Model (S124) 6.1993-6.1996,6.1993,6.1996,completed
2093,MERCEDES-BENZ,E-CLASS,3907,E-CLASS Convertible (A124) 5.1993-3.1998,5.1993,3.1998,completed
2094,MERCEDES-BENZ,E-CLASS,106,E-CLASS (W124) 2.1993-6.1996,2.1993,6.1996,completed
2095,MERCEDES-BENZ,EQA,41810,EQA (H243) 2.2021,2.2021,,completed
2096,MERCEDES-BENZ,EQB,42441,EQB (X243) 9.2021,9.2021,,completed
2097,MERCEDES-BENZ,EQC,39522,EQC (N293) 5.2019-7.2023,5.2019,7.2023,completed
2098,MERCEDES-BENZ,EQE,43699,EQE SUV (X294) 12.2022,12.2022,,completed
2099,MERCEDES-BENZ,EQE,42442,EQE (V295) 2.2022,2.2022,,completed
2100,MERCEDES-BENZ,EQS,43081,EQS SUV (X296) 10.2022,10.2022,,completed
2101,MERCEDES-BENZ,EQS,42210,EQS (V297) 8.2021,8.2021,,completed
2102,MERCEDES-BENZ,EQV,42007,EQV (W447) 6.2020,6.2020,,completed
2103,MERCEDES-BENZ,G-CLASS,45366,G-CLASS Closed Off-Road Vehicle (W465) 4.2024,4.2024,,completed
2104,MERCEDES-BENZ,G-CLASS,44565,G-CLASS Closed Off-Road Vehicle (W464) 6.2022,6.2022,,completed
2105,MERCEDES-BENZ,G-CLASS,44566,G-CLASS Platform/Chassis (W464) 6.2022,6.2022,,completed
2106,MERCEDES-BENZ,G-CLASS,38417,G-CLASS (W463) 1.2018,1.2018,,completed
2107,MERCEDES-BENZ,G-CLASS,4077,G-CLASS (W461) 9.1989,9.1989,,completed
2108,MERCEDES-BENZ,G-CLASS,65,G-CLASS (W463) 9.1989-12.2018,9.1989,12.2018,completed
2109,MERCEDES-BENZ,G-CLASS,2015,G-CLASS Cabrio (W463) 9.1989-2.2018,9.1989,2.2018,completed
2110,MERCEDES-BENZ,G-CLASS,43641,G-CLASS Platform/Chassis (W461) 9.1989,9.1989,,completed
2111,MERCEDES-BENZ,G-CLASS,60,G-CLASS (W460) 3.1979-8.1993,3.1979,8.1993,completed
2112,MERCEDES-BENZ,G-CLASS,38804,G-CLASS Cabrio (W460) 3.1979-8.1993,3.1979,8.1993,completed
2113,MERCEDES-BENZ,GL-CLASS,11184,GL-CLASS (X166) 7.2012-12.2015,7.2012,12.2015,completed
2114,MERCEDES-BENZ,GL-CLASS,5521,GL-CLASS (X164) 9.2006-12.2013,9.2006,12.2013,completed
2115,MERCEDES-BENZ,GLA,40514,GLA (H247) 2.2020,2.2020,,completed
2116,MERCEDES-BENZ,GLA-CLASS,11743,GLA-CLASS (X156) 12.2013-5.2022,12.2013,5.2022,completed
2117,MERCEDES-BENZ,GLB,39859,GLB (X247) 7.2019,7.2019,,completed
2118,MERCEDES-BENZ,GLC,42974,GLC (X254) 6.2022,6.2022,,completed
2119,MERCEDES-BENZ,GLC,44535,GLC Coupe (C254) 6.2022,6.2022,,completed
2120,MERCEDES-BENZ,GLC,36676,GLC Coupe (C253) 6.2016-3.2023,6.2016,3.2023,completed
2121,MERCEDES-BENZ,GLC,14305,GLC (X253) 6.2015-6.2022,6.2015,6.2022,completed
2122,MERCEDES-BENZ,GLE,40161,GLE Coupe (C167) 11.2019,11.2019,,completed
2123,MERCEDES-BENZ,GLE,39123,GLE (V167) 10.2018,10.2018,,completed
2124,MERCEDES-BENZ,GLE,13966,GLE (W166) 4.2015-10.2018,4.2015,10.2018,completed
2125,MERCEDES-BENZ,GLE,13831,GLE Coupe (C292) 3.2015-10.2019,3.2015,10.2019,completed
2126,MERCEDES-BENZ,GLK-CLASS,7580,GLK-CLASS (X204) 6.2008-12.2015,6.2008,12.2015,completed
2127,MERCEDES-BENZ,GLS,39512,GLS (X167) 4.2019,4.2019,,completed
2128,MERCEDES-BENZ,GLS,14799,GLS (X166) 11.2015-4.2019,11.2015,4.2019,completed
2129,MERCEDES-BENZ,GULLWING,3497,GULLWING (W198) 9.1954-5.1957,9.1954,5.1957,completed
2130,MERCEDES-BENZ,HECKFLOSSE,529,HECKFLOSSE (W110) 8.1959-2.1968,8.1959,2.1968,completed
2131,MERCEDES-BENZ,HECKFLOSSE,3577,"HECKFLOSSE (W111, W112) 8.1959-1.1968",8.1959,1.1968,completed
2132,MERCEDES-BENZ,HENSCHEL 2-t,2012,HENSCHEL 2-t 2.1973-12.1977,2.1973,12.1977,completed
2133,MERCEDES-BENZ,M-CLASS,9800,M-CLASS (W166) 6.2011-12.2015,6.2011,12.2015,completed
2134,MERCEDES-BENZ,M-CLASS,5415,M-CLASS (W164) 2.2005-12.2013,2.2005,12.2013,completed
2135,MERCEDES-BENZ,M-CLASS,3414,M-CLASS (W163) 2.1998-12.2006,2.1998,12.2006,completed
2136,MERCEDES-BENZ,MARCO POLO,40214,MARCO POLO Camper (W447) 3.2015,3.2015,,completed
2137,MERCEDES-BENZ,MB,530,MB Bus (W631) 2.1988-4.1996,2.1988,4.1996,completed
2138,MERCEDES-BENZ,MB,4821,MB Platform/Chassis (W631) 2.1988-2.1996,2.1988,2.1996,completed
2139,MERCEDES-BENZ,MB,2050,MB Van (W631) 2.1988-9.1996,2.1988,9.1996,completed
2140,MERCEDES-BENZ,PAGODE,538,PAGODE (W113) 1.1963-12.1971,1.1963,12.1971,completed
2141,MERCEDES-BENZ,PONTON,3578,PONTON (W121) 1.1959-12.1961,1.1959,12.1961,completed
2142,MERCEDES-BENZ,PONTON,3579,PONTON (W128) 1.1958-8.1959,1.1958,8.1959,completed
2143,MERCEDES-BENZ,PONTON,3580,PONTON (W180) 1.1954-12.1959,1.1954,12.1959,completed
2144,MERCEDES-BENZ,PONTON,561,PONTON (W120) 1.1953-12.1962,1.1953,12.1962,completed
2145,MERCEDES-BENZ,PULLMANN,4061,PULLMANN (W100) 9.1963-1.1979,9.1963,1.1979,completed
2146,MERCEDES-BENZ,R-CLASS,5463,"R-CLASS (W251, V251) 8.2005-10.2017",8.2005,10.2017,completed
2147,MERCEDES-BENZ,S-CLASS,41934,S-CLASS (Z223) 4.2021,4.2021,,completed
2148,MERCEDES-BENZ,S-CLASS,41795,S-CLASS (V223) 9.2020,9.2020,,completed
2149,MERCEDES-BENZ,S-CLASS,41092,S-CLASS (W223) 9.2020,9.2020,,completed
2150,MERCEDES-BENZ,S-CLASS,14923,S-CLASS Convertible (A217) 12.2015-8.2020,12.2015,8.2020,completed
2151,MERCEDES-BENZ,S-CLASS,11949,S-CLASS Coupe (C217) 4.2014-8.2020,4.2014,8.2020,completed
2152,MERCEDES-BENZ,S-CLASS,11234,"S-CLASS (W222, V222, X222) 5.2013-8.2020",5.2013,8.2020,completed
2153,MERCEDES-BENZ,S-CLASS,5599,S-CLASS Coupe (C216) 5.2006-12.2013,5.2006,12.2013,completed
2154,MERCEDES-BENZ,S-CLASS,5455,"S-CLASS (W221, V221) 9.2005-12.2017",9.2005,12.2017,completed
2155,MERCEDES-BENZ,S-CLASS,4095,S-CLASS Coupe (C215) 3.1999-12.2006,3.1999,12.2006,completed
2156,MERCEDES-BENZ,S-CLASS,3575,"S-CLASS (W220, V220) 9.1998-12.2006",9.1998,12.2006,completed
2157,MERCEDES-BENZ,S-CLASS,43,S-CLASS Coupe (C140) 7.1992-12.1999,7.1992,12.1999,completed
2158,MERCEDES-BENZ,S-CLASS,47,S-CLASS (W140) 2.1991-12.1998,2.1991,12.1998,completed
2159,MERCEDES-BENZ,S-CLASS,35,S-CLASS Coupe (C126) 8.1980-6.1991,8.1980,6.1991,completed
2160,MERCEDES-BENZ,S-CLASS,29,S-CLASS (W126) 10.1979-6.1991,10.1979,6.1991,completed
2161,MERCEDES-BENZ,S-CLASS,557,S-CLASS (W116) 8.1972-7.1980,8.1972,7.1980,completed
2162,MERCEDES-BENZ,S-CLASS,524,"S-CLASS Saloon (W108, W109) 1.1966-8.1972",1.1966,8.1972,completed
2163,MERCEDES-BENZ,SL,42833,SL (R232) 3.2022,3.2022,,completed
2164,MERCEDES-BENZ,SL,10172,SL (R231) 12.2011-4.2020,12.2011,4.2020,completed
2165,MERCEDES-BENZ,SL,4806,SL (R230) 10.2001-12.2013,10.2001,12.2013,completed
2166,MERCEDES-BENZ,SL,39,SL (R129) 3.1989-9.2004,3.1989,9.2004,completed
2167,MERCEDES-BENZ,SL,3445,SL Coupe (C107) 1.1972-8.1985,1.1972,8.1985,completed
2168,MERCEDES-BENZ,SL,570,SL (R107) 5.1971-12.1989,5.1971,12.1989,completed
2169,MERCEDES-BENZ,SL,1778,SL Roadster (W198) 5.1957-2.1963,5.1957,2.1963,completed
2170,MERCEDES-BENZ,SL,566,SL (W121) 1.1955-12.1963,1.1955,12.1963,completed
2171,MERCEDES-BENZ,SLC,14966,SLC (R172) 1.2016,1.2016,,completed
2172,MERCEDES-BENZ,SLK,9201,SLK (R172) 1.2011,1.2011,,completed
2173,MERCEDES-BENZ,SLK,5109,SLK (R171) 3.2004-12.2015,3.2004,12.2015,completed
2174,MERCEDES-BENZ,SLK,1583,SLK (R170) 4.1996-4.2004,4.1996,4.2004,completed
2175,MERCEDES-BENZ,SLR,7366,SLR Roadster (R199) 10.2006,10.2006,,completed
2176,MERCEDES-BENZ,SLR,5119,SLR (R199) 4.2004,4.2004,,completed
2177,MERCEDES-BENZ,SLS AMG,9654,SLS AMG Roadster (R197) 6.2011,6.2011,,completed
2178,MERCEDES-BENZ,SLS AMG,8533,SLS AMG (C197) 3.2010,3.2010,,completed
2179,MERCEDES-BENZ,SPRINTER 2-t,2040,"SPRINTER 2-t Bus (B901, B902) 1.1995-5.2006",1.1995,5.2006,completed
2180,MERCEDES-BENZ,SPRINTER 2-t,1313,"SPRINTER 2-t Platform/Chassis (B901, B902) 1.1995-5.2006",1.1995,5.2006,completed
2181,MERCEDES-BENZ,SPRINTER 2-t,2039,"SPRINTER 2-t Van (B901, B902) 1.1995-5.2006",1.1995,5.2006,completed
2182,MERCEDES-BENZ,SPRINTER 3-t,38711,"SPRINTER 3-t Platform/Chassis (B910, B907) 2.2018",2.2018,,completed
2183,MERCEDES-BENZ,SPRINTER 3-t,38709,SPRINTER 3-t Tourer Bus (B907) 2.2018,2.2018,,completed
2184,MERCEDES-BENZ,SPRINTER 3-t,38705,SPRINTER 3-t Van (B910) 2.2018,2.2018,,completed
2185,MERCEDES-BENZ,SPRINTER 3-t,5586,SPRINTER 3-t Bus (B906) 6.2006-12.2019,6.2006,12.2019,completed
2186,MERCEDES-BENZ,SPRINTER 3-t,5588,SPRINTER 3-t Platform/Chassis (B906) 6.2006-12.2018,6.2006,12.2018,completed
2187,MERCEDES-BENZ,SPRINTER 3-t,5587,SPRINTER 3-t Van (B906) 6.2006-12.2018,6.2006,12.2018,completed
2188,MERCEDES-BENZ,SPRINTER 3-t,2041,SPRINTER 3-t Bus (B903) 1.1995-5.2012,1.1995,5.2012,completed
2189,MERCEDES-BENZ,SPRINTER 3-t,3505,SPRINTER 3-t Platform/Chassis (B903) 1.1995-5.2012,1.1995,5.2012,completed
2190,MERCEDES-BENZ,SPRINTER 3-t,3906,SPRINTER 3-t Van (B903) 1.1995-5.2012,1.1995,5.2012,completed
2191,MERCEDES-BENZ,"SPRINTER 3,5-t",38712,"SPRINTER 3,5-t Platform/Chassis (B907, B910) 2.2018",2.2018,,completed
2192,MERCEDES-BENZ,"SPRINTER 3,5-t",38710,"SPRINTER 3,5-t Tourer Bus (B907) 2.2018",2.2018,,completed
2193,MERCEDES-BENZ,"SPRINTER 3,5-t",38706,"SPRINTER 3,5-t Van (B907, B910) 2.2018",2.2018,,completed
2194,MERCEDES-BENZ,"SPRINTER 3,5-t",5589,"SPRINTER 3,5-t Bus (B906) 6.2006-9.2020",6.2006,9.2020,completed
2195,MERCEDES-BENZ,"SPRINTER 3,5-t",5591,"SPRINTER 3,5-t Platform/Chassis (B906) 6.2006-12.2018",6.2006,12.2018,completed
2196,MERCEDES-BENZ,"SPRINTER 3,5-t",5590,"SPRINTER 3,5-t Van (B906) 6.2006-9.2020",6.2006,9.2020,completed
2197,MERCEDES-BENZ,SPRINTER 4-t,38713,"SPRINTER 4-t Platform/Chassis (B907, B910) 2.2018",2.2018,,completed
2198,MERCEDES-BENZ,SPRINTER 4-t,40226,SPRINTER 4-t Tourer Bus (B907) 2.2018,2.2018,,completed
2199,MERCEDES-BENZ,SPRINTER 4-t,38707,"SPRINTER 4-t Van (B907, B910) 2.2018",2.2018,,completed
2200,MERCEDES-BENZ,SPRINTER 4-t,4662,SPRINTER 4-t Bus (B904) 2.1996-5.2006,2.1996,5.2006,completed
2201,MERCEDES-BENZ,SPRINTER 4-t,4664,SPRINTER 4-t Platform/Chassis (B904) 2.1995-5.2012,2.1995,5.2012,completed
2202,MERCEDES-BENZ,SPRINTER 4-t,4663,SPRINTER 4-t Van (B904) 2.1995-5.2012,2.1995,5.2012,completed
2203,MERCEDES-BENZ,"SPRINTER 4,6-t",8506,"SPRINTER 4,6-t Platform/Chassis (B906) 6.2006-9.2020",6.2006,9.2020,completed
2204,MERCEDES-BENZ,"SPRINTER 4,6-t",8505,"SPRINTER 4,6-t Van (B906) 6.2006-9.2020",6.2006,9.2020,completed
2205,MERCEDES-BENZ,SPRINTER 5-t,40227,SPRINTER 5-t Tourer Bus (B907) 9.2019,9.2019,,completed
2206,MERCEDES-BENZ,SPRINTER 5-t,38714,SPRINTER 5-t Platform/Chassis (B907) 2.2018,2.2018,,completed
2207,MERCEDES-BENZ,SPRINTER 5-t,38708,SPRINTER 5-t Van (B907) 2.2018,2.2018,,completed
2208,MERCEDES-BENZ,SPRINTER 5-t,11597,SPRINTER 5-t Bus (B906) 6.2006-9.2020,6.2006,9.2020,completed
2209,MERCEDES-BENZ,SPRINTER 5-t,5594,SPRINTER 5-t Platform/Chassis (B906) 6.2006-9.2020,6.2006,9.2020,completed
2210,MERCEDES-BENZ,SPRINTER 5-t,5593,SPRINTER 5-t Van (B906) 6.2006-9.2020,6.2006,9.2020,completed
2211,MERCEDES-BENZ,SPRINTER 5-t,9518,SPRINTER 5-t Platform/Chassis (B905) 4.2001-5.2006,4.2001,5.2006,completed
2212,MERCEDES-BENZ,"SPRINTER CLASSIC 3,5-t",11492,"SPRINTER CLASSIC 3,5-t Van (B909) 9.2013",9.2013,,completed
2213,MERCEDES-BENZ,"SPRINTER CLASSIC 4,6-t",40428,"SPRINTER CLASSIC 4,6-t Van (B909) 1.2017",1.2017,,completed
2214,MERCEDES-BENZ,"SPRINTER CLASSIC 4,6-t",11491,"SPRINTER CLASSIC 4,6-t Bus (B909) 9.2013",9.2013,,completed
2215,MERCEDES-BENZ,T-CLASS,42942,T-CLASS MPV (W420) 5.2022,5.2022,,completed
2216,MERCEDES-BENZ,T1,3909,T1 Van (B602) 10.1982-2.1996,10.1982,2.1996,completed
2217,MERCEDES-BENZ,T1,473,T1 Bus (B601) 5.1977-2.1996,5.1977,2.1996,completed
2218,MERCEDES-BENZ,T1,2013,"T1 Van (601, 611) 5.1977-2.1996",5.1977,2.1996,completed
2219,MERCEDES-BENZ,T1,1749,T1 Bus (602) 4.1977-2.1996,4.1977,2.1996,completed
2220,MERCEDES-BENZ,T1,3504,T1 Platform/Chassis (601) 1.1977-2.1996,1.1977,2.1996,completed
2221,MERCEDES-BENZ,T1,2014,T1 Platform/Chassis (B602) 1.1977-2.1996,1.1977,2.1996,completed
2222,MERCEDES-BENZ,T1/TN,9511,T1/TN Platform/Chassis 7.1981-6.1995,7.1981,6.1995,completed
2223,MERCEDES-BENZ,T1/TN,9510,T1/TN Van 7.1981-6.1995,7.1981,6.1995,completed
2224,MERCEDES-BENZ,T2/L,9502,T2/L Municipal Vehicle 6.1972-8.1982,6.1972,8.1982,completed
2225,MERCEDES-BENZ,T2/L,9503,T2/L Platform/Chassis 1.1968-12.1988,1.1968,12.1988,completed
2226,MERCEDES-BENZ,T2/L,9500,T2/L Van 1.1968-12.1988,1.1968,12.1988,completed
2227,MERCEDES-BENZ,T2/LN1,9505,T2/LN1 Bus 7.1987-12.1992,7.1987,12.1992,completed
2228,MERCEDES-BENZ,T2/LN1,9509,T2/LN1 Cab with engine 4.1986-12.1994,4.1986,12.1994,completed
2229,MERCEDES-BENZ,T2/LN1,9508,T2/LN1 Platform/Chassis 4.1986-12.2011,4.1986,12.2011,completed
2230,MERCEDES-BENZ,T2/LN1,9506,T2/LN1 Van 4.1986-12.1994,4.1986,12.1994,completed
2231,MERCEDES-BENZ,V-CLASS,11889,V-CLASS (W447) 3.2014,3.2014,,completed
2232,MERCEDES-BENZ,V-CLASS,5012,VIANO (W639) 9.2003,9.2003,,completed
2233,MERCEDES-BENZ,V-CLASS,43086,V-CLASS Van (638/2) 8.1996-7.2003,8.1996,7.2003,completed
2234,MERCEDES-BENZ,V-CLASS,4078,V-CLASS (638/2) 2.1996-7.2003,2.1996,7.2003,completed
2235,MERCEDES-BENZ,VANEO,4810,VANEO (414) 2.2002-7.2005,2.2002,7.2005,completed
2236,MERCEDES-BENZ,VARIO,9516,VARIO Cab with engine 9.1996,9.1996,,completed
2237,MERCEDES-BENZ,VARIO,9515,"VARIO Platform/Chassis (B670, B668, B667) 9.1996",9.1996,,completed
2238,MERCEDES-BENZ,VARIO,9513,"VARIO Van (B667, B670, B668) 9.1996",9.1996,,completed
2239,MERCEDES-BENZ,VARIO,9512,VARIO Bus (B670) 8.1996,8.1996,,completed
2240,MERCEDES-BENZ,VIANO,5012,VIANO (W639) 9.2003,9.2003,,completed
2241,MERCEDES-BENZ,VITO,13077,VITO Mixto (Double Cabin) (W447) 10.2014,10.2014,,completed
2242,MERCEDES-BENZ,VITO,13078,VITO Tourer (W447) 10.2014,10.2014,,completed
2243,MERCEDES-BENZ,VITO,13076,VITO Van (W447) 10.2014,10.2014,,completed
2244,MERCEDES-BENZ,VITO,5013,VITO Bus (W639) 9.2003,9.2003,,completed
2245,MERCEDES-BENZ,VITO,4058,VITO Van (W638) 3.1997-7.2003,3.1997,7.2003,completed
2246,MERCEDES-BENZ,VITO,1487,VITO Bus (W638) 2.1996-12.2003,2.1996,12.2003,completed
2247,MERCEDES-BENZ,VITO / MIXTO,5014,VITO / MIXTO Van (W639) 8.2003,8.2003,,completed
2248,MERCEDES-BENZ,X-CLASS,38214,X-CLASS (470) 9.2017-5.2020,9.2017,5.2020,completed
2249,MG,CYBERSTER,45693,CYBERSTER 9.2024,9.2024,,completed
2250,MG,EXPRESS,7645,EXPRESS Hatchback Van 3.2003-5.2005,3.2003,5.2005,completed
2251,MG,MAESTRO,4456,MAESTRO 3.1983-9.1990,3.1983,9.1990,completed
2252,MG,MAGNETTE,4455,MAGNETTE 3.1961-9.1968,3.1961,9.1968,completed
2253,MG,MAGNETTE,11017,MAGNETTE 1.1953-4.1958,1.1953,4.1958,completed
2254,MG,METRO,4454,METRO 5.1982-9.1990,5.1982,9.1990,completed
2255,MG,MG 3,45344,MG 3 (ZP2_) 2.2024,2.2024,,completed
2256,MG,MG 3,10961,MG 3 4.2011,4.2011,,completed
2257,MG,MG 4,43566,MG 4 (EH32) 7.2022,7.2022,,completed
2258,MG,MG 5,40059,MG 5 Hatchback 3.2012,3.2012,,completed
2259,MG,MG 6,9580,MG 6 Hatchback 11.2010,11.2010,,completed
2260,MG,MG 6,9740,MG 6 Saloon 11.2010,11.2010,,completed
2261,MG,MG GS,36907,GS 5.2016,5.2016,,completed
2262,MG,MG HS,90084,HS (AS33) 4.2024,4.2024,,completed
2263,MG,MG HS,40440,HS (AS23) 9.2018,9.2018,,completed
2264,MG,MG TF,5049,TF 3.2002-12.2009,3.2002,12.2009,completed
2265,MG,MG X-POWER,5385,MG X-POWER 1.2003-4.2008,1.2003,4.2008,completed
2266,MG,MG ZR,5050,ZR 6.2001-4.2005,6.2001,4.2005,completed
2267,MG,MG ZS,38594,ZS SUV (AZS1) 10.2017,10.2017,,completed
2268,MG,MG ZS,5051,ZS 7.2001-4.2005,7.2001,4.2005,completed
2269,MG,MG ZS,5052,ZS Hatchback 7.2001-10.2005,7.2001,10.2005,completed
2270,MG,MG ZT,5053,ZT 6.2001-10.2005,6.2001,10.2005,completed
2271,MG,MG ZT-,5054,ZT- T 10.2001-10.2005,10.2001,10.2005,completed
2272,MG,MGA,37534,"MGA Convertible (HDC, GHN, HAD) 5.1955-6.1962",5.1955,6.1962,completed
2273,MG,MGA,11018,MGA Coupe 5.1955-7.1962,5.1955,7.1962,completed
2274,MG,MGB,1399,MGB Convertible 5.1962-12.1981,5.1962,12.1981,completed
2275,MG,MGB GT,1400,MGB GT 7.1965-11.1980,7.1965,11.1980,completed
2276,MG,MGC,4459,MGC 1.1967-9.1969,1.1967,9.1969,completed
2277,MG,MGC GT,4461,MGC GT 1.1967-9.1969,1.1967,9.1969,completed
2278,MG,MGF,4463,MGF (RD) 3.1995-3.2002,3.1995,3.2002,completed
2279,MG,MGR V8,1401,MGR V8 9.1992-12.1995,9.1992,12.1995,completed
2280,MG,MGY,11020,MGY Convertible 1.1950-12.1951,1.1950,12.1951,completed
2281,MG,MGY,11019,MGY Hatchback 1.1950-9.1953,1.1950,9.1953,completed
2282,MG,MIDGET,1418,MIDGET 1.1964-12.1979,1.1964,12.1979,completed
2283,MG,MONTEGO,4458,MONTEGO 4.1984-9.1990,4.1984,9.1990,completed
2284,MINI,COUNTRYMAN,37158,MINI COUNTRYMAN (F60) 10.2016,10.2016,,completed
2285,MINI,MINI,45244,"MINI (F66, F65) 3.2024",3.2024,,completed
2286,MINI,MINI,14829,MINI Convertible (F57) 11.2014,11.2014,,completed
2287,MINI,MINI,11753,MINI (F56) 12.2013,12.2013,,completed
2288,MINI,MINI,12860,MINI (F55) 9.2013,9.2013,,completed
2289,MINI,MINI,10090,MINI Roadster (R59) 1.2011-4.2015,1.2011,4.2015,completed
2290,MINI,MINI,9725,MINI Coupe (R58) 12.2010-5.2015,12.2010,5.2015,completed
2291,MINI,MINI,8045,MINI Convertible (R57) 10.2007-12.2015,10.2007,12.2015,completed
2292,MINI,MINI,7996,MINI (R56) 11.2005-1.2014,11.2005,1.2014,completed
2293,MINI,MINI,5088,MINI Convertible (R52) 4.2004-7.2008,4.2004,7.2008,completed
2294,MINI,MINI,4768,"MINI (R50, R53) 6.2001-9.2006",6.2001,9.2006,completed
2295,MINI,MINI ACEMAN,45387,MINI ACEMAN (J05) 4.2024,4.2024,,completed
2296,MINI,MINI CLUBMAN,14380,MINI CLUBMAN (F54) 11.2014,11.2014,,completed
2297,MINI,MINI CLUBMAN,6444,MINI CLUBMAN (R55) 10.2006-12.2015,10.2006,12.2015,completed
2298,MINI,MINI CLUBVAN,11083,MINI CLUBVAN (R55) 12.2012-6.2014,12.2012,6.2014,completed
2299,MINI,MINI COOPER,44856,MINI COOPER (J01) 11.2023,11.2023,,completed
2300,MINI,MINI COUNTRYMAN,44849,MINI COUNTRYMAN (U25) 11.2023,11.2023,,completed
2301,MINI,MINI COUNTRYMAN,37158,MINI COUNTRYMAN (F60) 10.2016,10.2016,,completed
2302,MINI,MINI COUNTRYMAN,8981,MINI COUNTRYMAN (R60) 8.2010-10.2016,8.2010,10.2016,completed
2303,MINI,MINI PACEMAN,11216,MINI PACEMAN (R61) 3.2012-10.2016,3.2012,10.2016,completed
2304,MITSUBISHI,3000 GT,233,3000 GT Coupe (Z1_A) 6.1989-8.2000,6.1989,8.2000,completed
2305,MITSUBISHI,ASX,43911,"ASX (VSX_, VSE_) 1.2023",1.2023,,completed
2306,MITSUBISHI,ASX,8631,ASX (GA_W_) 11.2009,11.2009,,completed
2307,MITSUBISHI,ASX Van,9832,ASX Van (GA_W_) 6.2010,6.2010,,completed
2308,MITSUBISHI,CARISMA,1584,CARISMA Saloon (DA_) 9.1996-6.2006,9.1996,6.2006,completed
2309,MITSUBISHI,CARISMA,1474,CARISMA (DA_) 5.1995-6.2006,5.1995,6.2006,completed
2310,MITSUBISHI,COLT,44425,COLT VII Hatchback (VB_) 9.2023,9.2023,,completed
2311,MITSUBISHI,COLT,5126,"COLT VI (Z3_A, Z2_A) 10.2002-12.2012",10.2002,12.2012,completed
2312,MITSUBISHI,COLT,1548,"COLT V (CJ_, CP_) 9.1995-8.2004",9.1995,8.2004,completed
2313,MITSUBISHI,COLT,40,COLT IV (CA_A) 3.1992-4.1996,3.1992,4.1996,completed
2314,MITSUBISHI,COLT,37,COLT III (C5_A) 10.1986-5.1992,10.1986,5.1992,completed
2315,MITSUBISHI,COLT,32,COLT II (C1_A) 10.1982-4.1988,10.1982,4.1988,completed
2316,MITSUBISHI,COLT,27,COLT I (A15_A) 12.1978-3.1984,12.1978,3.1984,completed
2317,MITSUBISHI,COLT CZC,5523,COLT CZC VI Convertible (RG) 5.2006-7.2009,5.2006,7.2009,completed
2318,MITSUBISHI,CORDIA,89,"CORDIA (A21_A, AB, AC) 10.1982-7.1989",10.1982,7.1989,completed
2319,MITSUBISHI,DELICA / SPACE GEAR,11308,DELICA / SPACE GEAR 1.1994-1.2007,1.1994,1.2007,completed
2320,MITSUBISHI,ECLIPSE,5817,ECLIPSE IV (DK_A) 4.2005-12.2012,4.2005,12.2012,completed
2321,MITSUBISHI,ECLIPSE,5827,ECLIPSE Convertible (D5_A) 5.1999-12.2005,5.1999,12.2005,completed
2322,MITSUBISHI,ECLIPSE,1473,ECLIPSE II (D3_A) 4.1994-4.1999,4.1994,4.1999,completed
2323,MITSUBISHI,ECLIPSE,306,ECLIPSE I (D2_A) 12.1989-12.1995,12.1989,12.1995,completed
2324,MITSUBISHI,ECLIPSE CROSS,38273,"ECLIPSE CROSS (GK_, GL_) 10.2017",10.2017,,completed
2325,MITSUBISHI,FTO,8504,FTO Coupe (DE_A) 9.1994-7.2001,9.1994,7.2001,completed
2326,MITSUBISHI,GALANT,5822,"GALANT IX Saloon (DJ_, ED_, EF_) 10.2003",10.2003,,completed
2327,MITSUBISHI,GALANT,1897,GALANT VIII (EA_) 9.1996-10.2004,9.1996,10.2004,completed
2328,MITSUBISHI,GALANT,1898,"GALANT VIII Estate (EA_, EC_) 9.1996-10.2003",9.1996,10.2003,completed
2329,MITSUBISHI,GALANT,475,"GALANT VII (E5_A, E7_A, E8_A) 11.1992-10.1996",11.1992,10.1996,completed
2330,MITSUBISHI,GALANT,478,"GALANT VII Saloon (E5_A, E7_A, E8_A) 6.1992-12.1998",6.1992,12.1998,completed
2331,MITSUBISHI,GALANT,3459,GALANT VI (E3_A) 11.1988-12.1992,11.1988,12.1992,completed
2332,MITSUBISHI,GALANT,470,GALANT VI Saloon (E3_A) 11.1987-3.1993,11.1987,3.1993,completed
2333,MITSUBISHI,GALANT,461,GALANT V (E1_A) 10.1983-12.1990,10.1983,12.1990,completed
2334,MITSUBISHI,GALANT,454,GALANT IV (A16_) 9.1980-5.1984,9.1980,5.1984,completed
2335,MITSUBISHI,GALANT,3458,GALANT IV Station Wagon (A16_V) 9.1980-5.1984,9.1980,5.1984,completed
2336,MITSUBISHI,GALANT,450,GALANT III Station Wagon (A12_V) 1.1979-8.1980,1.1979,8.1980,completed
2337,MITSUBISHI,GALANT,447,GALANT III (A12_) 1.1977-8.1980,1.1977,8.1980,completed
2338,MITSUBISHI,GRANDIS,5124,GRANDIS (NA_W) 3.2003-12.2011,3.2003,12.2011,completed
2339,MITSUBISHI,GTO,6912,GTO Coupe (Z1_A) 6.1989-12.2000,6.1989,12.2000,completed
2340,MITSUBISHI,i,8522,i (HA_) 1.2006,1.2006,,completed
2341,MITSUBISHI,L 300,4007,L 300 III Platform/Chassis (P1_T) 4.1994,4.1994,,completed
2342,MITSUBISHI,L 300,1813,"L 300 III Van (P0_V, P1_V, P2_V) 11.1986-12.2013",11.1986,12.2013,completed
2343,MITSUBISHI,L 300,109,"L 300 III Bus (P0_W, P1_W, P2_W, P3_W) 8.1986",8.1986,,completed
2344,MITSUBISHI,L 300 / DELICA,103,"L 300 / DELICA II Bus (L03_P/G, L0_2P) 5.1980-2.1987",5.1980,2.1987,completed
2345,MITSUBISHI,L 300 / DELICA,4005,L 300 / DELICA II Platform/Chassis (L03_P) 5.1980,5.1980,,completed
2346,MITSUBISHI,L 300 / DELICA,1812,L 300 / DELICA II Van (L03_P) 2.1980-2.1987,2.1980,2.1987,completed
2347,MITSUBISHI,L200,1555,"L200 (K7_T, K6_T, K5_T) 1.1996-12.2011",1.1996,12.2011,completed
2348,MITSUBISHI,L200,1554,"L200 (K3_T, K2_T, K1_T, K0_T) 1.1983-6.1999",1.1983,6.1999,completed
2349,MITSUBISHI,L200 / TRITON,13834,"L200 / TRITON (KJ_, KK_, KL_) 2.2014",2.2014,,completed
2350,MITSUBISHI,L200 / TRITON,10558,"L200 / TRITON Platform/Chassis (KA_T, KB_T) 3.2006-12.2015",3.2006,12.2015,completed
2351,MITSUBISHI,L200 / TRITON,5524,"L200 / TRITON (KA_T, KB_T) 1.2004-12.2018",1.2004,12.2018,completed
2352,MITSUBISHI,L400,4486,"L400 Van (PD_W, PC_W, PB_V, PA_W, PA_V) 12.1994-4.2007",12.1994,4.2007,completed
2353,MITSUBISHI,L400,4485,"L400 Bus (PD_W, PC_W, PA_V, PB_V, PA_W) 6.1994-4.2007",6.1994,4.2007,completed
2354,MITSUBISHI,LANCER,7379,LANCER VIII Sportback (CX_A) 10.2007,10.2007,,completed
2355,MITSUBISHI,LANCER,6741,"LANCER VIII (CY_A, CZ_A) 3.2007",3.2007,,completed
2356,MITSUBISHI,LANCER,5077,"LANCER VII Estate (CS_W, CT_W) 9.2003-12.2008",9.2003,12.2008,completed
2357,MITSUBISHI,LANCER,5076,"LANCER VII (CS_A, CT_A) 1.2000-12.2013",1.2000,12.2013,completed
2358,MITSUBISHI,LANCER,1549,"LANCER VI (CJ_, CP_, CK_) 9.1995-12.2003",9.1995,12.2003,completed
2359,MITSUBISHI,LANCER,1328,"LANCER V Station Wagon (CB_W, CD_W) 9.1992-10.2003",9.1992,10.2003,completed
2360,MITSUBISHI,LANCER,185,"LANCER V (CB_A, CD_A, CE_A) 7.1991-12.1996",7.1991,12.1996,completed
2361,MITSUBISHI,LANCER,178,"LANCER IV (C6_A, C7_A) 4.1988-12.1997",4.1988,12.1997,completed
2362,MITSUBISHI,LANCER,3457,"LANCER IV Hatchback (C6_A, C7_A) 4.1988-5.1994",4.1988,5.1994,completed
2363,MITSUBISHI,LANCER,3456,"LANCER III Station Wagon (C1_V, C3_V) 9.1985-8.1992",9.1985,8.1992,completed
2364,MITSUBISHI,LANCER,171,"LANCER III (C1_A, C6_A) 11.1983-6.1990",11.1983,6.1990,completed
2365,MITSUBISHI,LANCER,162,LANCER II (A17_) 9.1979-2.1983,9.1979,2.1983,completed
2366,MITSUBISHI,LANCER,3455,LANCER I Station Wagon (A7_V) 1.1978-9.1979,1.1978,9.1979,completed
2367,MITSUBISHI,LANCER,44,LANCER I (A7_) 2.1973-9.1979,2.1973,9.1979,completed
2368,MITSUBISHI,LANCER CELESTE,526,LANCER CELESTE Coupe (A7_) 10.1975-6.1981,10.1975,6.1981,completed
2369,MITSUBISHI,LANCER F,3970,LANCER F (A15_) 3.1983-9.1986,3.1983,9.1986,completed
2370,MITSUBISHI,MIRAGE,7604,MIRAGE V Hatchback (CJ_A) 9.1995-7.2003,9.1995,7.2003,completed
2371,MITSUBISHI,MIRAGE,6332,"MIRAGE IV Hatchback (CJ_A, CL_A, CA_A, CC_A) 7.1991-7.2003",7.1991,7.2003,completed
2372,MITSUBISHI,MIRAGE / SPACE STAR,13588,MIRAGE / SPACE STAR VI Hatchback (A0_A) 1.2012,1.2012,,completed
2373,MITSUBISHI,OUTLANDER,41989,"OUTLANDER IV (GM_W, DG, GN_W) 6.2021",6.2021,,completed
2374,MITSUBISHI,OUTLANDER,10624,"OUTLANDER III (GG_W, GF_W, ZJ, ZL, ZK) 11.2010-12.2022",11.2010,12.2022,completed
2375,MITSUBISHI,OUTLANDER,41643,"OUTLANDER III Van (GF_W, GG_W) 11.2010",11.2010,,completed
2376,MITSUBISHI,OUTLANDER,41642,OUTLANDER II Van (CW_W) 11.2006-12.2012,11.2006,12.2012,completed
2377,MITSUBISHI,OUTLANDER,6233,OUTLANDER II (CW_W) 9.2005-12.2012,9.2005,12.2012,completed
2378,MITSUBISHI,OUTLANDER,4992,OUTLANDER I (CU_W) 3.2001-7.2008,3.2001,7.2008,completed
2379,MITSUBISHI,PAJERO,11375,PAJERO II (V3_W) 4.2000-9.2007,4.2000,9.2007,completed
2380,MITSUBISHI,PAJERO JUNIOR,11199,PAJERO JUNIOR I 10.1995-4.1998,10.1995,4.1998,completed
2381,MITSUBISHI,PAJERO MINI,9632,PAJERO MINI I (H5_A) 10.1994-8.2012,10.1994,8.2012,completed
2382,MITSUBISHI,PAJERO SPORT,14579,PAJERO SPORT III (KS_) 8.2015,8.2015,,completed
2383,MITSUBISHI,PAJERO SPORT,8648,"PAJERO SPORT II (KH_, KG_) 1.2008",1.2008,,completed
2384,MITSUBISHI,PAJERO SPORT,4015,"PAJERO SPORT I (K7_, K9_) 7.1996",7.1996,,completed
2385,MITSUBISHI,PAJERO/SHOGUN,9834,"PAJERO/SHOGUN IV Van (V9_, V8_, V8_V) 11.2006",11.2006,,completed
2386,MITSUBISHI,PAJERO/SHOGUN,6248,"PAJERO/SHOGUN IV (V8_W, V9_W) 10.2006",10.2006,,completed
2387,MITSUBISHI,PAJERO/SHOGUN,1097,"PAJERO/SHOGUN III Canvas Top (V6_W, V7_W) 2.2000-12.2006",2.2000,12.2006,completed
2388,MITSUBISHI,PAJERO/SHOGUN,10825,"PAJERO/SHOGUN III (V7_W, V6_W) 1.1999-9.2007",1.1999,9.2007,completed
2389,MITSUBISHI,PAJERO/SHOGUN,394,"PAJERO/SHOGUN II (V3_W, V2_W, V4_W, V5_W) 12.1990-5.2001",12.1990,5.2001,completed
2390,MITSUBISHI,PAJERO/SHOGUN,2036,"PAJERO/SHOGUN II Canvas Top (V2_C, V4_C) 12.1990-4.2000",12.1990,4.2000,completed
2391,MITSUBISHI,PAJERO/SHOGUN,2035,PAJERO/SHOGUN I Canvas Top (L04_G) 12.1982-11.1990,12.1982,11.1990,completed
2392,MITSUBISHI,PAJERO/SHOGUN,390,"PAJERO/SHOGUN I (L04_G, L14_G) 4.1982-12.1991",4.1982,12.1991,completed
2393,MITSUBISHI,PAJERO/SHOGUN CLASSIC,4939,"PAJERO/SHOGUN CLASSIC (V2_W, V6_W, V7_W) 7.2001",7.2001,,completed
2394,MITSUBISHI,PROUDIA/DIGNITY,4616,"PROUDIA/DIGNITY (S4_A, S3_A) 10.1999-5.2001",10.1999,5.2001,completed
2395,MITSUBISHI,SANTAMO,4187,SANTAMO (UG) 3.1999-12.2004,3.1999,12.2004,completed
2396,MITSUBISHI,SAPPORO,207,SAPPORO III (E16A) 6.1987-8.1990,6.1987,8.1990,completed
2397,MITSUBISHI,SAPPORO,204,SAPPORO II (A16_A) 8.1980-9.1984,8.1980,9.1984,completed
2398,MITSUBISHI,SAPPORO,199,SAPPORO I (A12_) 4.1978-7.1980,4.1978,7.1980,completed
2399,MITSUBISHI,SHOGUN PININ,4453,"SHOGUN PININ I (H6_W, H7_W) 1.1999-6.2007",1.1999,6.2007,completed
2400,MITSUBISHI,SHOGUN SPORT VAN,10015,SHOGUN SPORT VAN I (K90) 12.1999-1.2008,12.1999,1.2008,completed
2401,MITSUBISHI,SIGMA,1556,SIGMA Station Wagon (F0_W) 6.1992-10.1996,6.1992,10.1996,completed
2402,MITSUBISHI,SIGMA,263,"SIGMA (F2_A, F1_A) 10.1990-7.1996",10.1990,7.1996,completed
2403,MITSUBISHI,SPACE RUNNER,4462,"SPACE RUNNER (N6_W, N7_W) 11.1997-1.2003",11.1997,1.2003,completed
2404,MITSUBISHI,SPACE RUNNER,3971,"SPACE RUNNER MPV (N1_W, N2_W) 10.1991-8.1999",10.1991,8.1999,completed
2405,MITSUBISHI,SPACE STAR,4045,SPACE STAR MPV (DG_A) 6.1998-12.2004,6.1998,12.2004,completed
2406,MITSUBISHI,SPACE WAGON,3975,"SPACE WAGON (N9_W, N8_W) 7.1998-12.2004",7.1998,12.2004,completed
2407,MITSUBISHI,SPACE WAGON,285,"SPACE WAGON (N3_W, N4_W) 5.1991-11.2000",5.1991,11.2000,completed
2408,MITSUBISHI,SPACE WAGON,279,SPACE WAGON (D0_V/W) 1.1984-1.1992,1.1984,1.1992,completed
2409,MITSUBISHI,SPACE WAGON,41740,SPACE WAGON VAN (D0_V/W) 10.1983-1.1992,10.1983,1.1992,completed
2410,MITSUBISHI,STARION,303,STARION (A18_A) 5.1982-6.1990,5.1982,6.1990,completed
2411,MITSUBISHI,TREDIA,467,TREDIA (A21_) 9.1982-3.1988,9.1982,3.1988,completed
2412,NISSAN,100NX,1195,100NX (B13) 3.1990-1.1996,3.1990,1.1996,completed
2413,NISSAN,200SX,4201,200SX Coupe (S14) 10.1993-12.1999,10.1993,12.1999,completed
2414,NISSAN,200SX,1194,200SX (S13) 7.1988-12.1995,7.1988,12.1995,completed
2415,NISSAN,260Z,11164,260Z (S30) 5.1974-12.1979,5.1974,12.1979,completed
2416,NISSAN,"280ZX,ZXT",1193,"280ZX,ZXT (HGS130) 7.1978-5.1984",7.1978,5.1984,completed
2417,NISSAN,300ZX,1225,300ZX (Z32) 9.1989-12.2000,9.1989,12.2000,completed
2418,NISSAN,300ZX,3434,300ZX (Z31) 1.1984-10.1990,1.1984,10.1990,completed
2419,NISSAN,300ZX,39091,300ZX Coupe (Z31) 1.1984-10.1990,1.1984,10.1990,completed
2420,NISSAN,350Z,5018,350Z Coupe (Z33) 9.2002-12.2009,9.2002,12.2009,completed
2421,NISSAN,350Z,5203,350Z Roadster (Z33) 9.2002-12.2009,9.2002,12.2009,completed
2422,NISSAN,370Z,8052,370Z Coupe (Z34) 1.2009,1.2009,,completed
2423,NISSAN,370Z,8862,370Z Roadster (Z34) 1.2009,1.2009,,completed
2424,NISSAN,ALMERA,11266,ALMERA (N17) 9.2011,9.2011,,completed
2425,NISSAN,ALMERA,4651,ALMERA II (N16) 4.2000,4.2000,,completed
2426,NISSAN,ALMERA,4607,ALMERA II Hatchback (N16) 1.2000,1.2000,,completed
2427,NISSAN,ALMERA,1476,ALMERA I (N15) 7.1995-9.2000,7.1995,9.2000,completed
2428,NISSAN,ALMERA,1475,ALMERA I Hatchback (N15) 7.1995-1.2001,7.1995,1.2001,completed
2429,NISSAN,ALMERA TINO,4083,ALMERA TINO (V10) 12.1998-2.2006,12.1998,2.2006,completed
2430,NISSAN,ALTIMA,7040,ALTIMA (L32) 10.2006-7.2013,10.2006,7.2013,completed
2431,NISSAN,ARIYA,41986,ARIYA (FE0) 7.2020,7.2020,,completed
2432,NISSAN,BLUEBIRD,1203,"BLUEBIRD (T72, T12, U12) 12.1985-12.1990",12.1985,12.1990,completed
2433,NISSAN,BLUEBIRD,1211,"BLUEBIRD Hatchback (T72, T12) 12.1985-11.1992",12.1985,11.1992,completed
2434,NISSAN,BLUEBIRD,1205,BLUEBIRD (U11) 11.1983-5.1990,11.1983,5.1990,completed
2435,NISSAN,BLUEBIRD,1212,BLUEBIRD Station Wagon (WU11) 11.1983-12.1990,11.1983,12.1990,completed
2436,NISSAN,BLUEBIRD,1207,BLUEBIRD (910) 1.1980-12.1983,1.1980,12.1983,completed
2437,NISSAN,BLUEBIRD,4012,BLUEBIRD Saloon (910) 1.1980-6.1986,1.1980,6.1986,completed
2438,NISSAN,BLUEBIRD,1213,BLUEBIRD Traveller (W910) 1.1980-6.1986,1.1980,6.1986,completed
2439,NISSAN,BLUEBIRD (B610),4013,BLUEBIRD (B610) (610) 8.1971-1.1980,8.1971,1.1980,completed
2440,NISSAN,BLUEBIRD SYLPHY,6916,BLUEBIRD SYLPHY II (G11) 9.2005,9.2005,,completed
2441,NISSAN,CABSTAR,34634,"CABSTAR (F24M, F24W) 9.2006-12.2013",9.2006,12.2013,completed
2442,NISSAN,CABSTAR,6263,"CABSTAR (F22, H40) 1.1982-9.1993",1.1982,9.1993,completed
2443,NISSAN,CABSTAR E,6264,"CABSTAR E (TL_, VL_) 7.1992-11.2006",7.1992,11.2006,completed
2444,NISSAN,CEDRIC,6275,CEDRIC X (Y34) 5.1999-12.2004,5.1999,12.2004,completed
2445,NISSAN,CHERRY,1197,CHERRY III (N12) 4.1982-10.1987,4.1982,10.1987,completed
2446,NISSAN,CHERRY,1220,CHERRY II Coupe (N10) 8.1978-12.1982,8.1978,12.1982,completed
2447,NISSAN,CHERRY,1221,CHERRY II Hatchback (N10) 8.1978-6.1984,8.1978,6.1984,completed
2448,NISSAN,CHERRY,1209,CHERRY II Traveller (VN10) 8.1978-12.1983,8.1978,12.1983,completed
2449,NISSAN,CHERRY (E10),4014,CHERRY (E10) I 9.1970-9.1978,9.1970,9.1978,completed
2450,NISSAN,CUBE,8499,CUBE (Z12) 9.2007,9.2007,,completed
2451,NISSAN,CUBE,7304,CUBE (Z11) 1.2003-11.2008,1.2003,11.2008,completed
2452,NISSAN,DATSUN 100A,43049,DATSUN 100A Coupe (F10) 12.1975-8.1980,12.1975,8.1980,completed
2453,NISSAN,DATSUN 100A,2086,DATSUN 100A Estate (WBLF10) 12.1975-8.1980,12.1975,8.1980,completed
2454,NISSAN,DATSUN 100A,43048,DATSUN 100A Saloon (F10) 1.1975-8.1980,1.1975,8.1980,completed
2455,NISSAN,DATSUN 100A,1823,"DATSUN 100A (E10, BLF10) 12.1974-8.1980",12.1974,8.1980,completed
2456,NISSAN,DATSUN 120,1824,DATSUN 120 Saloon (B210) 4.1962-8.1980,4.1962,8.1980,completed
2457,NISSAN,DATSUN 120Y,2087,DATSUN 120Y Coupe (KB210) 4.1962-8.1980,4.1962,8.1980,completed
2458,NISSAN,DATSUN 140J,4011,DATSUN 140J (710) 1.1973-5.1977,1.1973,5.1977,completed
2459,NISSAN,DATSUN 140Y,1825,DATSUN 140Y Estate (HLB310) 2.1979-6.1983,2.1979,6.1983,completed
2460,NISSAN,DATSUN 160J,1826,"DATSUN 160J (710, A10) 1.1973-9.1983",1.1973,9.1983,completed
2461,NISSAN,DATSUN 180B,1827,DATSUN 180B (PL810) 5.1977-1.1981,5.1977,1.1981,completed
2462,NISSAN,DATSUN 240,1828,DATSUN 240 Coupe (C210) 3.1978-7.1981,3.1978,7.1981,completed
2463,NISSAN,DUALIS,5616,"QASHQAI I (J10, NJ10) 11.2006-1.2015",11.2006,1.2015,completed
2464,NISSAN,ELGRAND,7292,ELGRAND (E51) 8.2000-12.2010,8.2000,12.2010,completed
2465,NISSAN,ELGRAND,7291,ELGRAND (E50) 10.1995-4.2002,10.1995,4.2002,completed
2466,NISSAN,FIGARO,8920,FIGARO Coupe (FK10) 2.1991-4.1992,2.1991,4.1992,completed
2467,NISSAN,GT-R,7532,GT-R (R35) 12.2007-8.2025,12.2007,8.2025,completed
2468,NISSAN,INTERSTAR,90042,INTERSTAR Platform/Chassis (XDE) 9.2024,9.2024,,completed
2469,NISSAN,INTERSTAR,45517,INTERSTAR Van (XDD) 6.2024,6.2024,,completed
2470,NISSAN,INTERSTAR,42578,INTERSTAR Platform/Chassis (X62B) 11.2021-12.2024,11.2021,12.2024,completed
2471,NISSAN,INTERSTAR,42577,INTERSTAR Van (X62B) 11.2021-12.2024,11.2021,12.2024,completed
2472,NISSAN,INTERSTAR,6616,INTERSTAR Platform/Chassis (X70) 8.2003,8.2003,,completed
2473,NISSAN,INTERSTAR,4944,INTERSTAR Bus (X70) 4.2002,4.2002,,completed
2474,NISSAN,INTERSTAR,4945,INTERSTAR Van (X70) 4.2002,4.2002,,completed
2475,NISSAN,JUKE,39878,JUKE (F16_) 8.2019,8.2019,,completed
2476,NISSAN,JUKE,8922,JUKE (F15) 6.2010-12.2019,6.2010,12.2019,completed
2477,NISSAN,JUKE,41645,JUKE Van (F15) 6.2010-12.2019,6.2010,12.2019,completed
2478,NISSAN,KUBISTAR,8531,KUBISTAR Van (X76) 8.2003,8.2003,,completed
2479,NISSAN,LARGO,13037,LARGO MPV (W30) 5.1993-6.1999,5.1993,6.1999,completed
2480,NISSAN,LAUREL,1189,LAUREL (JC32) 11.1984-6.1990,11.1984,6.1990,completed
2481,NISSAN,LAUREL,1198,LAUREL (JC31) 11.1980-12.1985,11.1980,12.1985,completed
2482,NISSAN,LAUREL,1196,LAUREL (HLC230) 3.1977-5.1983,3.1977,5.1983,completed
2483,NISSAN,LEAF,38202,LEAF (ZE1) 8.2017,8.2017,,completed
2484,NISSAN,LEAF,9010,LEAF (ZE0) 11.2010-12.2017,11.2010,12.2017,completed
2485,NISSAN,MAXIMA,1192,MAXIMA III (J30) 10.1988-2.1995,10.1988,2.1995,completed
2486,NISSAN,MAXIMA,6872,MAXIMA II (PU11) 9.1984-12.1988,9.1984,12.1988,completed
2487,NISSAN,MAXIMA / MAXIMA QX,4617,MAXIMA / MAXIMA QX V (A33) 4.1999-7.2004,4.1999,7.2004,completed
2488,NISSAN,MAXIMA / MAXIMA QX,4618,MAXIMA / MAXIMA QX IV Station Wagon (A32) 10.1997-12.2000,10.1997,12.2000,completed
2489,NISSAN,MICRA,37261,MICRA V (K14) 12.2016,12.2016,,completed
2490,NISSAN,MICRA,9133,"MICRA IV (K13K, K13KK) 5.2010",5.2010,,completed
2491,NISSAN,MICRA,4971,MICRA III (K12) 3.2002-9.2011,3.2002,9.2011,completed
2492,NISSAN,MICRA,1208,MICRA II (K11) 1.1992-12.2007,1.1992,12.2007,completed
2493,NISSAN,MICRA,1190,MICRA I (K10) 12.1982-11.1992,12.1982,11.1992,completed
2494,NISSAN,MICRA C+C,5458,MICRA C+C III (K12) 8.2005-6.2010,8.2005,6.2010,completed
2495,NISSAN,MURANO,36382,MURANO III (Z52_) 10.2014,10.2014,,completed
2496,NISSAN,MURANO,7870,MURANO II (Z51) 10.2007-9.2014,10.2007,9.2014,completed
2497,NISSAN,MURANO,5382,MURANO I (Z50) 4.2002-12.2009,4.2002,12.2009,completed
2498,NISSAN,NAVARA,8652,NAVARA Platform/Chassis (D22) 3.1997,3.1997,,completed
2499,NISSAN,NAVARA,7813,NAVARA (D22) 1.1997,1.1997,,completed
2500,NISSAN,NAVARA NP300,14046,NAVARA NP300 Platform/Chassis (D23) 1.2015,1.2015,,completed
2501,NISSAN,NAVARA NP300,13324,"NAVARA NP300 Pickup (D23, D23T) 7.2014",7.2014,,completed
2502,NISSAN,NAVARA NP300,8653,NAVARA NP300 Platform/Chassis (D40) 7.2008,7.2008,,completed
2503,NISSAN,NAVARA NP300,5434,NAVARA NP300 (D40) 10.2004,10.2004,,completed
2504,NISSAN,NOTE,11226,NOTE (E12) 9.2012,9.2012,,completed
2505,NISSAN,NOTE,5482,"NOTE (E11, NE11) 1.2005-8.2013",1.2005,8.2013,completed
2506,NISSAN,NOTE,41728,NOTE VAN (E11) 1.2005-8.2013,1.2005,8.2013,completed
2507,NISSAN,NP300 PICKUP,9016,NP300 PICKUP (D22) 4.2008,4.2008,,completed
2508,NISSAN,NT400 CABSTAR,36484,NT400 CABSTAR (F24M) 8.2009,8.2009,,completed
2509,NISSAN,NV200,8659,NV200 Van 2.2010,2.2010,,completed
2510,NISSAN,NV200 / EVALIA,8660,NV200 / EVALIA Bus 7.2010,7.2010,,completed
2511,NISSAN,NV250,40199,NV250 Bus (X61) 7.2019,7.2019,,completed
2512,NISSAN,NV250,40198,NV250 Van (X61) 7.2019,7.2019,,completed
2513,NISSAN,NV300,37038,NV300 Kombi (X82) 9.2016,9.2016,,completed
2514,NISSAN,NV300,37814,NV300 Platform/Chassis (X82) 9.2016,9.2016,,completed
2515,NISSAN,NV300,37028,NV300 Van (X82) 9.2016,9.2016,,completed
2516,NISSAN,NV400,9842,"NV400 Bus (X62, X62B) 11.2011-12.2022",11.2011,12.2022,completed
2517,NISSAN,NV400,9846,"NV400 Platform/Chassis (X62, X62B) 11.2011-12.2022",11.2011,12.2022,completed
2518,NISSAN,NV400,9841,"NV400 Van (X62, X62B) 11.2011-12.2022",11.2011,12.2022,completed
2519,NISSAN,PATHFINDER,11002,PATHFINDER IV (R52) 9.2012,9.2012,,completed
2520,NISSAN,PATHFINDER,5395,PATHFINDER III (R51) 1.2005,1.2005,,completed
2521,NISSAN,PATHFINDER,3563,PATHFINDER II (R50) 9.1995-7.2005,9.1995,7.2005,completed
2522,NISSAN,PATROL,8974,PATROL VI (Y62) 4.2010,4.2010,,completed
2523,NISSAN,PATROL,1227,PATROL III/2 Station Wagon (W260) 8.1988-4.1998,8.1988,4.1998,completed
2524,NISSAN,PATROL,2038,PATROL III/2 Hardtop (K260) 10.1984-4.1998,10.1984,4.1998,completed
2525,NISSAN,PATROL,2037,PATROL III/1 Hardtop (K160) 11.1979-2.1989,11.1979,2.1989,completed
2526,NISSAN,PATROL,1228,PATROL III/1 Station Wagon (W160) 11.1979-2.1989,11.1979,2.1989,completed
2527,NISSAN,PATROL GR,3880,PATROL GR V Wagon (Y61) 6.1997,6.1997,,completed
2528,NISSAN,PATROL GR,3932,"PATROL GR IV (Y60, GR) 1.1986-2.1998",1.1986,2.1998,completed
2529,NISSAN,PICK UP,3892,PICK UP (D22) 1.1997,1.1997,,completed
2530,NISSAN,PICK UP,3515,PICK UP (D21) 9.1985-12.2008,9.1985,12.2008,completed
2531,NISSAN,PICK UP,4008,PICK UP (720) 1.1980-3.1986,1.1980,3.1986,completed
2532,NISSAN,PIXO,8053,PIXO (UA0) 3.2009,3.2009,,completed
2533,NISSAN,PRAIRIE,1201,"PRAIRIE (M10, NM10) 12.1982-10.1988",12.1982,10.1988,completed
2534,NISSAN,PRAIRIE PRO,1219,PRAIRIE PRO (M11) 10.1988-10.1998,10.1988,10.1998,completed
2535,NISSAN,PRIMASTAR,43524,PRIMASTAR Bus (X82) 11.2021,11.2021,,completed
2536,NISSAN,PRIMASTAR,42518,PRIMASTAR Van (X82) 11.2021,11.2021,,completed
2537,NISSAN,PRIMASTAR,4965,PRIMASTAR Van (X83) 9.2002,9.2002,,completed
2538,NISSAN,PRIMASTAR,10593,PRIMASTAR Platform/Chassis (X83) 7.2002,7.2002,,completed
2539,NISSAN,PRIMASTAR,4949,PRIMASTAR Bus (X83) 3.2001,3.2001,,completed
2540,NISSAN,PRIMERA,4833,PRIMERA (P12) 1.2002,1.2002,,completed
2541,NISSAN,PRIMERA,4834,PRIMERA Estate (WP12) 1.2002,1.2002,,completed
2542,NISSAN,PRIMERA,4941,PRIMERA Hatchback (P12) 1.2002,1.2002,,completed
2543,NISSAN,PRIMERA,1899,PRIMERA (P11) 6.1996-7.2002,6.1996,7.2002,completed
2544,NISSAN,PRIMERA,1900,PRIMERA Hatchback (P11) 6.1996-7.2002,6.1996,7.2002,completed
2545,NISSAN,PRIMERA,3561,PRIMERA Traveller (WP11) 6.1996-1.2002,6.1996,1.2002,completed
2546,NISSAN,PRIMERA,1224,PRIMERA Traveller (W10) 7.1990-3.1998,7.1990,3.1998,completed
2547,NISSAN,PRIMERA,1202,PRIMERA (P10) 6.1990-6.1996,6.1990,6.1996,completed
2548,NISSAN,PRIMERA,1223,PRIMERA Hatchback (P10) 6.1990-6.1996,6.1990,6.1996,completed
2549,NISSAN,PULSAR,11365,PULSAR Hatchback (C13) 10.2014,10.2014,,completed
2550,NISSAN,QASHQAI,41987,QASHQAI III (J12) 4.2021,4.2021,,completed
2551,NISSAN,QASHQAI,11757,"QASHQAI II (J11, J11_) 11.2013-5.2022",11.2013,5.2022,completed
2552,NISSAN,QASHQAI,41702,QASHQAI II VAN (J11_) 11.2013-9.2020,11.2013,9.2020,completed
2553,NISSAN,QASHQAI / QASHQAI +2,5616,"QASHQAI I (J10, NJ10) 11.2006-1.2015",11.2006,1.2015,completed
2554,NISSAN,QX,1320,QX IV (A32) 3.1994-8.2000,3.1994,8.2000,completed
2555,NISSAN,ROGUE,10315,ROGUE 1.2007-12.2015,1.2007,12.2015,completed
2556,NISSAN,SENTRA,11513,SENTRA VII (B17) 8.2012,8.2012,,completed
2557,NISSAN,SERENA,5823,SERENA (C24) 6.1999-12.2013,6.1999,12.2013,completed
2558,NISSAN,SERENA,1229,SERENA (C23) 6.1991-9.2001,6.1991,9.2001,completed
2559,NISSAN,SERENA,41729,SERENA VAN (C23) 6.1991-9.2001,6.1991,9.2001,completed
2560,NISSAN,SILVIA,8845,SILVIA (S15) 9.1999-7.2006,9.1999,7.2006,completed
2561,NISSAN,SILVIA,1546,SILVIA (S12) 6.1983-12.1988,6.1983,12.1988,completed
2562,NISSAN,SILVIA,2034,SILVIA (S110) 1.1979-7.1983,1.1979,7.1983,completed
2563,NISSAN,SKYLINE,7279,SKYLINE Coupe (V35) 1.2001-12.2007,1.2001,12.2007,completed
2564,NISSAN,SKYLINE,8606,SKYLINE Coupe (R34) 1.1998-2.2008,1.1998,2.2008,completed
2565,NISSAN,SKYLINE,6928,SKYLINE (R32) 3.1989-6.1993,3.1989,6.1993,completed
2566,NISSAN,SKYLINE,6927,SKYLINE Coupe (R32) 3.1989-1.1995,3.1989,1.1995,completed
2567,NISSAN,STANZA,1450,STANZA (T11) 8.1981-12.1985,8.1981,12.1985,completed
2568,NISSAN,STANZA,1206,STANZA Hatchback (T11) 8.1981-12.1985,8.1981,12.1985,completed
2569,NISSAN,SUNNY,4010,SUNNY III Estate Van (Y10) 11.1990-3.2000,11.1990,3.2000,completed
2570,NISSAN,SUNNY,3474,SUNNY III Traveller (Y10) 11.1990-3.2000,11.1990,3.2000,completed
2571,NISSAN,SUNNY,1215,SUNNY III Liftback (N14) 10.1990-10.1995,10.1990,10.1995,completed
2572,NISSAN,SUNNY,1214,SUNNY III Hatchback (N14) 8.1990-7.1995,8.1990,7.1995,completed
2573,NISSAN,SUNNY,3473,"SUNNY III (N14, B13) 5.1990-12.1996",5.1990,12.1996,completed
2574,NISSAN,SUNNY,1200,"SUNNY II (N13, B12) 6.1986-10.1992",6.1986,10.1992,completed
2575,NISSAN,SUNNY,1217,SUNNY II Coupe (B12) 6.1986-6.1992,6.1986,6.1992,completed
2576,NISSAN,SUNNY,1204,SUNNY II Hatchback (N13) 6.1986-9.1991,6.1986,9.1991,completed
2577,NISSAN,SUNNY,1216,SUNNY II Traveller (B12) 1.1986-6.1991,1.1986,6.1991,completed
2578,NISSAN,SUNNY,1199,SUNNY I (B11) 3.1982-12.1990,3.1982,12.1990,completed
2579,NISSAN,SUNNY,3607,SUNNY I Coupe (B11) 3.1982-8.1990,3.1982,8.1990,completed
2580,NISSAN,SUNNY,3472,SUNNY I Traveller (B11) 3.1982-8.1990,3.1982,8.1990,completed
2581,NISSAN,SUNNY,39046,SUNNY Estate Van (B11) 2.1982-8.1990,2.1982,8.1990,completed
2582,NISSAN,SUNNY,1210,"SUNNY Traveller (140Y, 150Y) 6.1979-2.1982",6.1979,2.1982,completed
2583,NISSAN,SUNNY,1191,"SUNNY (140Y, 150Y) 1.1970-2.1982",1.1970,2.1982,completed
2584,NISSAN,TEANA,8623,TEANA I (J31) 2.2003-9.2008,2.2003,9.2008,completed
2585,NISSAN,TERRANO,1218,TERRANO I (WD21) 7.1986-2.1996,7.1986,2.1996,completed
2586,NISSAN,TERRANO II,1226,TERRANO II (R20) 10.1992-9.2007,10.1992,9.2007,completed
2587,NISSAN,TERRANO II Van,9837,TERRANO II Van (R20) 6.1998-9.2007,6.1998,9.2007,completed
2588,NISSAN,TIIDA,13517,TIIDA Hatchback (C12) 8.2010,8.2010,,completed
2589,NISSAN,TIIDA,6937,TIIDA Hatchback (C11) 5.2004-12.2014,5.2004,12.2014,completed
2590,NISSAN,TIIDA,6452,TIIDA Saloon (SC11) 5.2004-2.2014,5.2004,2.2014,completed
2591,NISSAN,TOWNSTAR,42519,TOWNSTAR Box Body/MPV (XFK) 12.2021,12.2021,,completed
2592,NISSAN,TOWNSTAR EVALIA,90043,TOWNSTAR EVALIA MPV (XFK) 5.2024,5.2024,,completed
2593,NISSAN,TRADE,7616,TRADE Platform/Chassis 6.1996-10.2001,6.1996,10.2001,completed
2594,NISSAN,TRADE,9537,TRADE Van 1.1996-12.2000,1.1996,12.2000,completed
2595,NISSAN,TRADE,9538,TRADE Platform/Chassis 1.1994-12.1998,1.1994,12.1998,completed
2596,NISSAN,URVAN,1222,URVAN Bus (E24) 6.1986-5.1997,6.1986,5.1997,completed
2597,NISSAN,URVAN,4009,URVAN Van (E24) 6.1986-5.1997,6.1986,5.1997,completed
2598,NISSAN,URVAN,1829,URVAN Bus (E23) 7.1980-11.1988,7.1980,11.1988,completed
2599,NISSAN,URVAN,2088,URVAN Van (E23) 7.1980-11.1998,7.1980,11.1998,completed
2600,NISSAN,VANETTE,1230,VANETTE Bus (C22) 10.1986-6.2013,10.1986,6.2013,completed
2601,NISSAN,VANETTE,4030,VANETTE Van (_C22) 10.1986-6.2013,10.1986,6.2013,completed
2602,NISSAN,VANETTE,7615,VANETTE Van (C120) 7.1981-6.1987,7.1981,6.1987,completed
2603,NISSAN,VANETTE,1231,VANETTE Bus (KC120) 6.1981-12.1987,6.1981,12.1987,completed
2604,NISSAN,VANETTE CARGO,3543,VANETTE CARGO Van (HC 23) 9.1994-5.2002,9.1994,5.2002,completed
2605,NISSAN,VANETTE CARGO,3545,VANETTE CARGO Bus (HC 23) 4.1994-5.2001,4.1994,5.2001,completed
2606,NISSAN,VERSA,11577,VERSA II (N17_) 8.2011,8.2011,,completed
2607,NISSAN,X-TRAIL,43503,X-TRAIL IV (T33) 9.2022,9.2022,,completed
2608,NISSAN,X-TRAIL,12857,"X-TRAIL III (T32_, T32R, T32RR) 10.2013",10.2013,,completed
2609,NISSAN,X-TRAIL,41659,X-TRAIL VAN (T32) 10.2013,10.2013,,completed
2610,NISSAN,X-TRAIL,6399,X-TRAIL II (T31) 3.2007-12.2018,3.2007,12.2018,completed
2611,NISSAN,X-TRAIL,41658,X-TRAIL VAN (T31) 3.2007-2.2014,3.2007,2.2014,completed
2612,NISSAN,X-TRAIL,4784,X-TRAIL I (T30) 1.2001-12.2013,1.2001,12.2013,completed
2613,PEUGEOT,1007,5383,1007 (KM_) 4.2005,4.2005,,completed
2614,PEUGEOT,101,12488,101,,,completed
2615,PEUGEOT,103,12489,103,,,completed
2616,PEUGEOT,104,72,104 Coupe 9.1973-6.1988,9.1973,6.1988,completed
2617,PEUGEOT,104,66,104 10.1972-6.1988,10.1972,6.1988,completed
2618,PEUGEOT,104,38488,104,,,completed
2619,PEUGEOT,105,12490,105,,,completed
2620,PEUGEOT,106,1559,"106 II (1A_, 1C_) 4.1996-5.2005",4.1996,5.2005,completed
2621,PEUGEOT,106,77,"106 I (1A, 1C) 8.1991-4.1996",8.1991,4.1996,completed
2622,PEUGEOT,106 Van,9967,106 Van II Hatchback Van (1S_) 4.1996-3.2001,4.1996,3.2001,completed
2623,PEUGEOT,106 Van,38909,106 Van I Hatchback Van (1S_) 8.1991-3.1996,8.1991,3.1996,completed
2624,PEUGEOT,107,5414,"107 (PM_, PN_) 6.2005-5.2016",6.2005,5.2016,completed
2625,PEUGEOT,108,12825,108 5.2014,5.2014,,completed
2626,PEUGEOT,2008,39858,"2008 II (UD_, US_, UY_, UJ_, UR_, UC_) 8.2019",8.2019,,completed
2627,PEUGEOT,2008,11219,2008 I (CU_) 3.2013,3.2013,,completed
2628,PEUGEOT,204,1692,204 Coupe 7.1967-5.1970,7.1967,5.1970,completed
2629,PEUGEOT,204,1691,204 Break 1.1967-10.1977,1.1967,10.1977,completed
2630,PEUGEOT,204,1693,204 Convertible 1.1967-10.1970,1.1967,10.1970,completed
2631,PEUGEOT,204,192,204 10.1965-12.1977,10.1965,12.1977,completed
2632,PEUGEOT,205,4634,205 Hatchback Van 8.1990-5.1997,8.1990,5.1997,completed
2633,PEUGEOT,205,205,205 II (20A/C) 1.1987-12.2000,1.1987,12.2000,completed
2634,PEUGEOT,205,200,"205 I Convertible (741B, 20D) 3.1986-11.1995",3.1986,11.1995,completed
2635,PEUGEOT,205,7625,205 Hatchback Van 2.1983-7.1990,2.1983,7.1990,completed
2636,PEUGEOT,205,196,205 I (741A/C) 2.1983-10.1987,2.1983,10.1987,completed
2637,PEUGEOT,206,5615,206 Saloon 3.2007,3.2007,,completed
2638,PEUGEOT,206,4898,206 SW (2E/K) 7.2002,7.2002,,completed
2639,PEUGEOT,206,4572,206 CC (2D) 9.2000-12.2008,9.2000,12.2008,completed
2640,PEUGEOT,206,3555,206 Hatchback (2A/C) 8.1998-12.2012,8.1998,12.2012,completed
2641,PEUGEOT,206 Van,9836,206 Van 4.1999-3.2009,4.1999,3.2009,completed
2642,PEUGEOT,206+,8784,"206+ (2L_, 2M_) 1.2009-8.2013",1.2009,8.2013,completed
2643,PEUGEOT,207,9618,207 Saloon 12.2007-12.2014,12.2007,12.2014,completed
2644,PEUGEOT,207,8597,"207 Hatchback Van (WA_, WC_) 4.2006",4.2006,,completed
2645,PEUGEOT,207,5522,"207 (WA_, WC_) 2.2006-12.2015",2.2006,12.2015,completed
2646,PEUGEOT,207 CC,5639,207 CC (WD_) 2.2007-12.2015,2.2007,12.2015,completed
2647,PEUGEOT,207 SW,38900,207 SW Estate Van (WK_) 8.2007-12.2012,8.2007,12.2012,completed
2648,PEUGEOT,207 SW,6433,207 SW (WK_) 2.2007-12.2013,2.2007,12.2013,completed
2649,PEUGEOT,208,39520,"208 II (UB_, UP_, UW_, UJ_) 6.2019",6.2019,,completed
2650,PEUGEOT,208,36228,208 Hatchback Van (CR_) 2.2013-12.2019,2.2013,12.2019,completed
2651,PEUGEOT,208,10164,"208 I (CA_, CC_) 3.2012-6.2021",3.2012,6.2021,completed
2652,PEUGEOT,3008,45013,"3008 III (KA_, KB_, KC_) 11.2023",11.2023,,completed
2653,PEUGEOT,3008,36935,"3008 II SUV (MC_, MR_, MJ_, M4_) 5.2016",5.2016,,completed
2654,PEUGEOT,3008,41573,"3008 Van (MR_, MC_, MJ_) 5.2016",5.2016,,completed
2655,PEUGEOT,3008,7997,3008 I MPV (0U_) 5.2009-12.2017,5.2009,12.2017,completed
2656,PEUGEOT,3008,41572,3008 Van (0U_) 5.2009-12.2017,5.2009,12.2017,completed
2657,PEUGEOT,301,11198,301 (DD_) 11.2012,11.2012,,completed
2658,PEUGEOT,304,3493,304 Break (_04D_) 9.1970-10.1980,9.1970,10.1980,completed
2659,PEUGEOT,304,238,304 Convertible (_04B_) 3.1970-7.1976,3.1970,7.1976,completed
2660,PEUGEOT,304,1695,304 Coupe (_04C_) 3.1970-4.1975,3.1970,4.1975,completed
2661,PEUGEOT,304,1694,304 (_04M_) 10.1969-10.1979,10.1969,10.1979,completed
2662,PEUGEOT,305,38792,305 Estate Van (581S) 11.1982-12.1988,11.1982,12.1988,completed
2663,PEUGEOT,305,257,305 II (581M) 10.1982-7.1990,10.1982,7.1990,completed
2664,PEUGEOT,305,247,305 II Break (581E) 10.1982-7.1990,10.1982,7.1990,completed
2665,PEUGEOT,305,252,305 I (581A) 10.1977-9.1982,10.1977,9.1982,completed
2666,PEUGEOT,305,242,305 I Break (581D) 10.1977-9.1982,10.1977,9.1982,completed
2667,PEUGEOT,306,3921,"306 Break (7E, N3, N5) 6.1994-12.2002",6.1994,12.2002,completed
2668,PEUGEOT,306,269,"306 Convertible (7D, N3, N5) 1.1994-4.2002",1.1994,4.2002,completed
2669,PEUGEOT,306,9979,"306 Estate Van (N_, 7_) 7.1993-8.2002",7.1993,8.2002,completed
2670,PEUGEOT,306,273,"306 (7B, N3, N5) 4.1993-10.2003",4.1993,10.2003,completed
2671,PEUGEOT,306,264,"306 Hatchback (7A, 7C, N3, N5) 1.1993-10.2003",1.1993,10.2003,completed
2672,PEUGEOT,307,5011,307 CC (3B) 3.2003-6.2009,3.2003,6.2009,completed
2673,PEUGEOT,307,5113,307 Break (3E) 3.2002-12.2009,3.2002,12.2009,completed
2674,PEUGEOT,307,4882,307 SW (3H) 3.2002-12.2009,3.2002,12.2009,completed
2675,PEUGEOT,307,4771,307 (3A/C) 8.2000-12.2012,8.2000,12.2012,completed
2676,PEUGEOT,308,41996,"308 III (FB_, FH_, FP_, F3_, FM_) 7.2021",7.2021,,completed
2677,PEUGEOT,308,11292,"308 II (LB_, LP_, LW_, LH_, L3_) 9.2013-6.2021",9.2013,6.2021,completed
2678,PEUGEOT,308,6432,"308 I (4A_, 4C_) 9.2007-12.2016",9.2007,12.2016,completed
2679,PEUGEOT,308 CC,7579,308 CC (4B_) 2.2009-12.2015,2.2009,12.2015,completed
2680,PEUGEOT,308 SW,42200,"308 SW III (FC_, FJ_, FR_, F4_, FN_) 7.2021",7.2021,,completed
2681,PEUGEOT,308 SW,11791,"308 SW II (LC_, LJ_, LR_, LX_, L4_) 3.2014-6.2021",3.2014,6.2021,completed
2682,PEUGEOT,308 SW,7376,"308 SW I (4E_, 4H_) 9.2007-10.2014",9.2007,10.2014,completed
2683,PEUGEOT,309,3452,"309 II (3C, 3A) 7.1989-12.1993",7.1989,12.1993,completed
2684,PEUGEOT,309,38918,"309 Hatchback Van (10S, 3S) 10.1985-10.1993",10.1985,10.1993,completed
2685,PEUGEOT,309,277,"309 I (10C, 10A) 10.1985-12.1989",10.1985,12.1989,completed
2686,PEUGEOT,4007,6232,"4007 (VU_, VV_) 2.2007-3.2013",2.2007,3.2013,completed
2687,PEUGEOT,4008,10268,4008 5.2012,5.2012,,completed
2688,PEUGEOT,404,1697,404 Convertible 4.1963-12.1968,4.1963,12.1968,completed
2689,PEUGEOT,404,1696,404 4.1962-12.1971,4.1962,12.1971,completed
2690,PEUGEOT,404,38025,404 Estate 4.1962-5.1971,4.1962,5.1971,completed
2691,PEUGEOT,405,392,405 II Break (4E) 8.1992-10.1998,8.1992,10.1998,completed
2692,PEUGEOT,405,400,405 II (4B) 1.1992-12.1999,1.1992,12.1999,completed
2693,PEUGEOT,405,387,405 I Break (15E) 6.1987-8.1992,6.1987,8.1992,completed
2694,PEUGEOT,405,396,405 I (15B) 1.1987-12.1993,1.1987,12.1993,completed
2695,PEUGEOT,406,1984,406 Coupe (8C) 3.1997-2.2005,3.1997,2.2005,completed
2696,PEUGEOT,406,1901,406 Break (8E/F) 10.1996-10.2004,10.1996,10.2004,completed
2697,PEUGEOT,406,1477,406 (8B) 8.1995-1.2005,8.1995,1.2005,completed
2698,PEUGEOT,407,5460,407 Coupe (6C_) 10.2005,10.2005,,completed
2699,PEUGEOT,407,5123,"407 SW (6E_, 6D_) 5.2004-12.2013",5.2004,12.2013,completed
2700,PEUGEOT,407,5099,407 (6D_) 2.2004-12.2013,2.2004,12.2013,completed
2701,PEUGEOT,408,43122,"408 II (FP_, F3_, FM_) 7.2022",7.2022,,completed
2702,PEUGEOT,5008,90000,"5008 III (KA_, KB_, KC_) 8.2024",8.2024,,completed
2703,PEUGEOT,5008,37440,"5008 II (MC_, MJ_, MR_, M4_) 12.2016",12.2016,,completed
2704,PEUGEOT,5008,41600,"5008 II Van (MC_, MJ_) 12.2016",12.2016,,completed
2705,PEUGEOT,5008,8182,"5008 (0U_, 0E_) 6.2009-3.2017",6.2009,3.2017,completed
2706,PEUGEOT,5008,41598,5008 I Van (0U_) 6.2009-3.2017,6.2009,3.2017,completed
2707,PEUGEOT,504,10917,504 Pickup 5.1987-12.2000,5.1987,12.2000,completed
2708,PEUGEOT,504,1497,504 Pickup (E_) 1.1980-12.1999,1.1980,12.1999,completed
2709,PEUGEOT,504,4552,504 Convertible 10.1974-8.1984,10.1974,8.1984,completed
2710,PEUGEOT,504,1698,"504 Break (D_, F_) 4.1971-7.1986",4.1971,7.1986,completed
2711,PEUGEOT,504,4551,504 Coupe 12.1968-8.1984,12.1968,8.1984,completed
2712,PEUGEOT,504,441,"504 (A_, M_) 7.1968-7.1986",7.1968,7.1986,completed
2713,PEUGEOT,505,3922,505 Break (551D) 3.1982-11.1995,3.1982,11.1995,completed
2714,PEUGEOT,505,445,505 (551A) 5.1979-10.1996,5.1979,10.1996,completed
2715,PEUGEOT,508,38776,"508 II (FB_, FH_, F3_) 9.2018",9.2018,,completed
2716,PEUGEOT,508,9012,508 I (8D_) 11.2010-12.2018,11.2010,12.2018,completed
2717,PEUGEOT,508 SW,38780,"508 SW II (FC_, FJ_, F4_) 9.2018",9.2018,,completed
2718,PEUGEOT,508 SW,38895,508 SW Estate Van (8E_) 11.2011,11.2011,,completed
2719,PEUGEOT,508 SW,9013,508 SW I (8E_) 11.2010-12.2018,11.2010,12.2018,completed
2720,PEUGEOT,604,477,604 (561A_) 9.1975-7.1987,9.1975,7.1987,completed
2721,PEUGEOT,605,481,605 (6B) 6.1989-9.1999,6.1989,9.1999,completed
2722,PEUGEOT,607,4351,"607 (9D, 9U) 1.2000",1.2000,,completed
2723,PEUGEOT,806,49,806 (221) 6.1994-8.2002,6.1994,8.2002,completed
2724,PEUGEOT,806,41563,806 Van (AF_) 6.1994-2.2003,6.1994,2.2003,completed
2725,PEUGEOT,807,4897,807 (EB_) 6.2002,6.2002,,completed
2726,PEUGEOT,807,41515,807 Van (EB_) 6.2002,6.2002,,completed
2727,PEUGEOT,BELVILLE,38855,BELVILLE,,,completed
2728,PEUGEOT,BIPPER,6737,BIPPER (AA_) 2.2008,2.2008,,completed
2729,PEUGEOT,BIPPER TEPEE,8144,BIPPER TEPEE 4.2008,4.2008,,completed
2730,PEUGEOT,BOXER,5614,BOXER Platform/Chassis 4.2006,4.2006,,completed
2731,PEUGEOT,BOXER,5613,BOXER Van 4.2006,4.2006,,completed
2732,PEUGEOT,BOXER,5612,BOXER Bus 9.2005,9.2005,,completed
2733,PEUGEOT,BOXER,4891,"BOXER Bus (244, Z_) 12.2001",12.2001,,completed
2734,PEUGEOT,BOXER,4907,BOXER Platform/Chassis (244) 12.2001,12.2001,,completed
2735,PEUGEOT,BOXER,4892,BOXER Van (244) 12.2001,12.2001,,completed
2736,PEUGEOT,BOXER,406,BOXER Bus (230P) 3.1994-12.2009,3.1994,12.2009,completed
2737,PEUGEOT,BOXER,4055,BOXER Platform/Chassis (ZCT_) 3.1994-4.2002,3.1994,4.2002,completed
2738,PEUGEOT,BOXER,1909,BOXER Van (230L) 3.1994-8.2006,3.1994,8.2006,completed
2739,PEUGEOT,BUXY,12491,BUXY,,,completed
2740,PEUGEOT,CITYSTAR,12492,CITYSTAR,,,completed
2741,PEUGEOT,DJANGO,14510,DJANGO,,,completed
2742,PEUGEOT,ELYSEO,12493,ELYSEO,,,completed
2743,PEUGEOT,ELYSTAR,12494,ELYSTAR,,,completed
2744,PEUGEOT,EXPERT,37487,EXPERT Platform/Chassis (V_) 9.2016,9.2016,,completed
2745,PEUGEOT,EXPERT,38534,EXPERT Bus (V_) 4.2016,4.2016,,completed
2746,PEUGEOT,EXPERT,36582,EXPERT Van (V_) 4.2016,4.2016,,completed
2747,PEUGEOT,EXPERT,5644,EXPERT Platform/Chassis 1.2007,1.2007,,completed
2748,PEUGEOT,EXPERT,5643,"EXPERT Van (VF3A_, VF3U_, VF3X_) 1.2007",1.2007,,completed
2749,PEUGEOT,EXPERT,1963,EXPERT Platform/Chassis (223) 12.1995-12.2006,12.1995,12.2006,completed
2750,PEUGEOT,EXPERT,1550,EXPERT (224_) 10.1995-12.2006,10.1995,12.2006,completed
2751,PEUGEOT,EXPERT,1962,EXPERT Van (222) 7.1995-3.2008,7.1995,3.2008,completed
2752,PEUGEOT,EXPERT TEPEE,5642,EXPERT TEPEE (VF3X_) 1.2007,1.2007,,completed
2753,PEUGEOT,FOX,12495,FOX,,,completed
2754,PEUGEOT,GEOPOLIS,12496,GEOPOLIS,,,completed
2755,PEUGEOT,ION,9011,ION 11.2010,11.2010,,completed
2756,PEUGEOT,J5,1964,J5 Bus (290P) 9.1990-2.1994,9.1990,2.1994,completed
2757,PEUGEOT,J5,1703,J5 Platform/Chassis (290L) 9.1990-2.1994,9.1990,2.1994,completed
2758,PEUGEOT,J5,1966,J5 Van (290L) 9.1990-3.1994,9.1990,3.1994,completed
2759,PEUGEOT,J5,5,J5 Bus (280P) 9.1981-9.1990,9.1981,9.1990,completed
2760,PEUGEOT,J5,1965,J5 Platform/Chassis (280L) 9.1981-9.1990,9.1981,9.1990,completed
2761,PEUGEOT,J5,1702,J5 Van (280L) 9.1981-9.1990,9.1981,9.1990,completed
2762,PEUGEOT,J7,4555,J7 Bus 8.1968-3.1980,8.1968,3.1980,completed
2763,PEUGEOT,J7,4556,J7 Platform/Chassis 8.1968-3.1980,8.1968,3.1980,completed
2764,PEUGEOT,J7,1498,J7 Van 8.1968-3.1980,8.1968,3.1980,completed
2765,PEUGEOT,J9,4557,J9 Bus 3.1980-6.1987,3.1980,6.1987,completed
2766,PEUGEOT,J9,4558,J9 Platform/Chassis 3.1980-6.1987,3.1980,6.1987,completed
2767,PEUGEOT,J9,1499,J9 Van 3.1980-6.1987,3.1980,6.1987,completed
2768,PEUGEOT,JETFORCE,12497,JETFORCE,,,completed
2769,PEUGEOT,KISBEE,12498,KISBEE,,,completed
2770,PEUGEOT,LOOXOR,12499,LOOXOR,,,completed
2771,PEUGEOT,LUDIX,12500,LUDIX,,,completed
2772,PEUGEOT,LXR,13452,LXR,,,completed
2773,PEUGEOT,METROPOLIS,13451,METROPOLIS,,,completed
2774,PEUGEOT,MISTRAL,13450,MISTRAL,,,completed
2775,PEUGEOT,NK7,12501,NK7,,,completed
2776,PEUGEOT,PARTNER,38989,PARTNER Box Body/MPV (K9) 9.2018,9.2018,,completed
2777,PEUGEOT,PARTNER,9762,PARTNER Platform/Chassis 1.2009,1.2009,,completed
2778,PEUGEOT,PARTNER,6739,PARTNER Box Body/MPV 4.2008,4.2008,,completed
2779,PEUGEOT,PARTNER,37026,"PARTNER Platform/Chassis (5_, G_) 3.1997-7.2008",3.1997,7.2008,completed
2780,PEUGEOT,PARTNER,1911,"PARTNER Box Body/MPV (5_, G_) 6.1996",6.1996,,completed
2781,PEUGEOT,PARTNER,1961,"PARTNER MPV (5_, G_) 5.1996",5.1996,,completed
2782,PEUGEOT,PARTNER FURGON,1911,"PARTNER Box Body/MPV (5_, G_) 6.1996",6.1996,,completed
2783,PEUGEOT,PARTNER ORIGIN,39897,PARTNER ORIGIN Box Body/MPV (G_) 7.2008-12.2015,7.2008,12.2015,completed
2784,PEUGEOT,PARTNER ORIGIN,39896,PARTNER ORIGIN MPV (G_) 7.2008-12.2013,7.2008,12.2013,completed
2785,PEUGEOT,PARTNER TEPEE,6738,PARTNER TEPEE 4.2008,4.2008,,completed
2786,PEUGEOT,PM,44502,PM,,,completed
2787,PEUGEOT,PULSION,39975,PULSION,,,completed
2788,PEUGEOT,RANCH,1911,"PARTNER Box Body/MPV (5_, G_) 6.1996",6.1996,,completed
2789,PEUGEOT,RAPIDO,13603,RAPIDO,,,completed
2790,PEUGEOT,RCZ,8256,RCZ 3.2010-12.2015,3.2010,12.2015,completed
2791,PEUGEOT,RIFTER,38589,RIFTER 9.2018,9.2018,,completed
2792,PEUGEOT,SATELIS,12502,SATELIS,,,completed
2793,PEUGEOT,SC,12503,SC,,,completed
2794,PEUGEOT,SCOPER,12504,SCOPER,,,completed
2795,PEUGEOT,SPEEDAKE,12505,SPEEDAKE,,,completed
2796,PEUGEOT,SPEEDFIGHT,12506,SPEEDFIGHT,,,completed
2797,PEUGEOT,SQUAB,12507,SQUAB,,,completed
2798,PEUGEOT,SUM-UP,12508,SUM-UP,,,completed
2799,PEUGEOT,SV,12509,SV,,,completed
2800,PEUGEOT,TKR,12510,TKR,,,completed
2801,PEUGEOT,TRAVELLER,36453,TRAVELLER Bus (V_) 4.2016,4.2016,,completed
2802,PEUGEOT,TREKKER,12511,TREKKER,,,completed
2803,PEUGEOT,TWEET,12512,TWEET,,,completed
2804,PEUGEOT,V-CLIC,12513,V-CLIC,,,completed
2805,PEUGEOT,VIVACITY,12514,VIVACITY,,,completed
2806,PEUGEOT,VOGUE,12515,VOGUE,,,completed
2807,PEUGEOT,VOX,14359,VOX,,,completed
2808,PEUGEOT,XP,43913,XP,,,completed
2809,PEUGEOT,XP6,12516,XP6,,,completed
2810,PEUGEOT,XPS,12517,XPS,,,completed
2811,PEUGEOT,XR6,12518,XR6,,,completed
2812,PEUGEOT,XR7,12519,XR7,,,completed
2813,PEUGEOT,ZENITH,12520,ZENITH,,,completed
2814,RENAULT,10,4071,10 (119_) 5.1966-10.1972,5.1966,10.1972,completed
2815,RENAULT,11,466,11 (B/C37_) 3.1983-9.1995,3.1983,9.1995,completed
2816,RENAULT,12,3451,"12 Variable (117_, 133_) 8.1970-12.1983",8.1970,12.1983,completed
2817,RENAULT,12,471,12 (117_) 10.1969-12.1984,10.1969,12.1984,completed
2818,RENAULT,14,479,14 (121_) 5.1976-12.1983,5.1976,12.1983,completed
2819,RENAULT,15,4072,15 (130_) 9.1971-10.1980,9.1971,10.1980,completed
2820,RENAULT,16,484,16 (115_) 9.1965-8.1980,9.1965,8.1980,completed
2821,RENAULT,17,4073,17 3.1972-10.1980,3.1972,10.1980,completed
2822,RENAULT,18,494,18 Variable (135_) 2.1979-11.1994,2.1979,11.1994,completed
2823,RENAULT,18,489,18 (134_) 4.1978-11.1994,4.1978,11.1994,completed
2824,RENAULT,19,498,"19 II Cabriolet (D53_, 853_) 4.1992-6.2001",4.1992,6.2001,completed
2825,RENAULT,19,515,19 II Chamade (L53_) 4.1992-8.2003,4.1992,8.2003,completed
2826,RENAULT,19,4215,19 II Hatchback Van (S53_) 3.1992-12.1995,3.1992,12.1995,completed
2827,RENAULT,19,4202,19 I Cabriolet (D53_) 7.1991-4.1992,7.1991,4.1992,completed
2828,RENAULT,19,511,19 II (B/C53_) 1.1991-6.2001,1.1991,6.2001,completed
2829,RENAULT,19,501,19 I (B/C53_) 1.1988-9.1994,1.1988,9.1994,completed
2830,RENAULT,19,506,19 I Chamade (L53_) 1.1988-12.1992,1.1988,12.1992,completed
2831,RENAULT,19,4214,19 I Hatchback Van (S53_) 1.1988-12.1992,1.1988,12.1992,completed
2832,RENAULT,20,519,20 (127_) 10.1975-12.1983,10.1975,12.1983,completed
2833,RENAULT,21,3450,21 (B48_) 7.1989-6.1994,7.1989,6.1994,completed
2834,RENAULT,21,533,21 Estate (K48_) 3.1986-7.1997,3.1986,7.1997,completed
2835,RENAULT,21,528,21 Saloon (L48_) 3.1986-7.1997,3.1986,7.1997,completed
2836,RENAULT,25,537,25 (B29_) 4.1984-12.1993,4.1984,12.1993,completed
2837,RENAULT,30,542,30 (127_) 2.1975-3.1986,2.1975,3.1986,completed
2838,RENAULT,4,551,"4 Box Body/MPV (R21_, R23_) 9.1966-12.1993",9.1966,12.1993,completed
2839,RENAULT,4,547,4 (112_) 4.1962-12.1993,4.1962,12.1993,completed
2840,RENAULT,5,90030,5 6.2024,6.2024,,completed
2841,RENAULT,5,556,5 (122_) 1.1972-12.1985,1.1972,12.1985,completed
2842,RENAULT,5,4217,5 Hatchback Van (238_) 1.1972-12.1985,1.1972,12.1985,completed
2843,RENAULT,6,2028,6 (118_) 10.1969-4.1987,10.1969,4.1987,completed
2844,RENAULT,7,8264,7 (124_) 3.1975-12.1982,3.1975,12.1982,completed
2845,RENAULT,8,4070,8 (113_) 11.1962-12.1976,11.1962,12.1976,completed
2846,RENAULT,9,565,9 (L42_) 9.1981-2.1997,9.1981,2.1997,completed
2847,RENAULT,ALASKAN,38239,ALASKAN 10.2016,10.2016,,completed
2848,RENAULT,ARKANA,39884,"ARKANA I (LCM_, LDN_) 8.2019",8.2019,,completed
2849,RENAULT,AUSTRAL,43064,AUSTRAL 7.2022,7.2022,,completed
2850,RENAULT,AVANTIME,4817,AVANTIME (DE0_) 9.2001-5.2003,9.2001,5.2003,completed
2851,RENAULT,CAPTUR,40399,CAPTUR II (HF_) 1.2020,1.2020,,completed
2852,RENAULT,CAPTUR,11232,"CAPTUR I (J5_, H5_) 6.2013",6.2013,,completed
2853,RENAULT,CLIO,40028,CLIO V (B7_) 6.2019,6.2019,,completed
2854,RENAULT,CLIO,37429,CLIO IV Hatchback Van (BH_) 1.2014-8.2021,1.2014,8.2021,completed
2855,RENAULT,CLIO,41293,CLIO IV Estate Van (KH_) 1.2013-8.2021,1.2013,8.2021,completed
2856,RENAULT,CLIO,10852,CLIO IV (BH_) 11.2012-8.2021,11.2012,8.2021,completed
2857,RENAULT,CLIO,10870,CLIO IV Grandtour (KH_) 11.2012-8.2021,11.2012,8.2021,completed
2858,RENAULT,CLIO,6446,CLIO III Grandtour (KR0/1_) 11.2007-12.2014,11.2007,12.2014,completed
2859,RENAULT,CLIO,11387,"CLIO III Hatchback Van (SB_, SR_) 6.2005",6.2005,,completed
2860,RENAULT,CLIO,5462,"CLIO III (BR0/1, CR0/1) 1.2005-12.2014",1.2005,12.2014,completed
2861,RENAULT,CLIO,4790,CLIO II Hatchback Van (SB0/1/2_) 9.1998,9.1998,,completed
2862,RENAULT,CLIO,3508,"CLIO II (BB_, CB_) 3.1998-12.2016",3.1998,12.2016,completed
2863,RENAULT,CLIO,4218,CLIO I Hatchback Van (S57_) 1.1991-9.1998,1.1991,9.1998,completed
2864,RENAULT,CLIO,21,"CLIO I (B/C57_, 5/357_) 5.1990-8.1999",5.1990,8.1999,completed
2865,RENAULT,CLIO CAMPUS,5462,"CLIO III (BR0/1, CR0/1) 1.2005-12.2014",1.2005,12.2014,completed
2866,RENAULT,DUSTER,38734,DUSTER (HM_) 10.2017,10.2017,,completed
2867,RENAULT,ESPACE,44418,ESPACE VI (RHN) 5.2023,5.2023,,completed
2868,RENAULT,ESPACE,13882,ESPACE V (JR_) 2.2015-3.2023,2.2015,3.2023,completed
2869,RENAULT,ESPACE,4932,ESPACE IV (JK0/1_) 11.2002-12.2015,11.2002,12.2015,completed
2870,RENAULT,ESPACE,1896,ESPACE III (JE0_) 11.1996-10.2002,11.1996,10.2002,completed
2871,RENAULT,ESPACE,384,ESPACE II (J/S63_) 1.1991-10.1997,1.1991,10.1997,completed
2872,RENAULT,ESPACE,41724,ESPACE II VAN (J/S63_) 1.1991-10.1997,1.1991,10.1997,completed
2873,RENAULT,ESPACE,381,ESPACE I (J11_) 7.1984-12.1992,7.1984,12.1992,completed
2874,RENAULT,ESTAFETTE,3894,ESTAFETTE (213_) 2.1962-12.1981,2.1962,12.1981,completed
2875,RENAULT,EURO CLIO,5462,"CLIO III (BR0/1, CR0/1) 1.2005-12.2014",1.2005,12.2014,completed
2876,RENAULT,EXPRESS,42367,EXPRESS Box Body/MPV 5.2021,5.2021,,completed
2877,RENAULT,FLUENCE,8179,FLUENCE (L3_) 2.2010,2.2010,,completed
2878,RENAULT,FUEGO,439,FUEGO (136_) 2.1980-11.1992,2.1980,11.1992,completed
2879,RENAULT,GRAND KANGOO,45076,GRAND KANGOO III MPV 1.2024,1.2024,,completed
2880,RENAULT,GRAND SCÉNIC,36986,GRAND SCÉNIC IV (R9_) 9.2016-3.2023,9.2016,3.2023,completed
2881,RENAULT,GRAND SCÉNIC,8148,GRAND SCÉNIC III (JZ0/1_) 2.2009-9.2016,2.2009,9.2016,completed
2882,RENAULT,GRAND SCÉNIC,5133,GRAND SCÉNIC II (JM0/1_) 4.2004-6.2009,4.2004,6.2009,completed
2883,RENAULT,KADJAR,13881,"KADJAR (HA_, HL_) 6.2015",6.2015,,completed
2884,RENAULT,KANGOO,42368,KANGOO III MPV 7.2021,7.2021,,completed
2885,RENAULT,KANGOO,42369,KANGOO III Box Body/MPV 6.2021,6.2021,,completed
2886,RENAULT,KANGOO,6453,KANGOO Express (FW0/1_) 2.2008,2.2008,,completed
2887,RENAULT,KANGOO,3404,KANGOO (KC0/1_) 8.1997,8.1997,,completed
2888,RENAULT,KANGOO,3520,KANGOO Express (FC0/1_) 8.1997,8.1997,,completed
2889,RENAULT,KANGOO / GRAND KANGOO,6447,KANGOO / GRAND KANGOO II (KW0/1_) 2.2008,2.2008,,completed
2890,RENAULT,KANGOO BE BOP,7865,KANGOO BE BOP (KW0/1_) 2.2009,2.2009,,completed
2891,RENAULT,KOLEOS,37895,KOLEOS II (HC_) 4.2016,4.2016,,completed
2892,RENAULT,KOLEOS,6735,KOLEOS I (HY_) 9.2008,9.2008,,completed
2893,RENAULT,LAGUNA,7528,LAGUNA Coupe (DT0/1) 9.2008-12.2015,9.2008,12.2015,completed
2894,RENAULT,LAGUNA,6430,LAGUNA III (BT0/1) 10.2007-12.2015,10.2007,12.2015,completed
2895,RENAULT,LAGUNA,6431,LAGUNA III Grandtour (KT0/1) 10.2007-12.2015,10.2007,12.2015,completed
2896,RENAULT,LAGUNA,4723,LAGUNA II (BG0/1_) 3.2001-12.2007,3.2001,12.2007,completed
2897,RENAULT,LAGUNA,4724,LAGUNA II Grandtour (KG0/1_) 3.2001-12.2007,3.2001,12.2007,completed
2898,RENAULT,LAGUNA,1478,LAGUNA I Grandtour (K56_) 9.1995-8.2002,9.1995,8.2002,completed
2899,RENAULT,LAGUNA,157,"LAGUNA I (B56_, 556_) 11.1993-8.2002",11.1993,8.2002,completed
2900,RENAULT,LATITUDE,8925,LATITUDE (L70_) 7.2010,7.2010,,completed
2901,RENAULT,LOGAN,13776,LOGAN II Estate (K8_) 11.2013,11.2013,,completed
2902,RENAULT,LOGAN,7364,LOGAN I Estate (KS_) 4.2007,4.2007,,completed
2903,RENAULT,LOGAN,6734,LOGAN I (LS_) 9.2004,9.2004,,completed
2904,RENAULT,LOGAN/STEPWAY,13775,LOGAN/STEPWAY II (L8_) 9.2012,9.2012,,completed
2905,RENAULT,LUTECIA,5462,"CLIO III (BR0/1, CR0/1) 1.2005-12.2014",1.2005,12.2014,completed
2906,RENAULT,MASCOTT,39162,"MASCOTT Platform/Chassis (UH_, HH_) 1.1999-6.2005",1.1999,6.2005,completed
2907,RENAULT,MASCOTT,39160,MASCOTT Van (FH_) 1.1999-6.2004,1.1999,6.2004,completed
2908,RENAULT,MASTER,90041,MASTER IV Bus 6.2024,6.2024,,completed
2909,RENAULT,MASTER,90040,"MASTER IV Platform/Chassis (EH_, UH_, HH_) 6.2024",6.2024,,completed
2910,RENAULT,MASTER,45516,MASTER IV Van (F8__) 6.2024,6.2024,,completed
2911,RENAULT,MASTER,9698,MASTER III Bus (JV) 2.2011,2.2011,,completed
2912,RENAULT,MASTER,8750,"MASTER III Platform/Chassis (EV, HV, UV) 2.2010",2.2010,,completed
2913,RENAULT,MASTER,8602,MASTER III Van (FV) 2.2010,2.2010,,completed
2914,RENAULT,MASTER,3952,MASTER II Bus (JD) 12.1997-1.2010,12.1997,1.2010,completed
2915,RENAULT,MASTER,3902,MASTER II Platform/Chassis (ED/HD/UD) 12.1997-3.2013,12.1997,3.2013,completed
2916,RENAULT,MASTER,3901,MASTER II Van (FD) 12.1997-12.2013,12.1997,12.2013,completed
2917,RENAULT,MASTER,4468,MASTER I Bus (T__) 8.1980-7.1998,8.1980,7.1998,completed
2918,RENAULT,MASTER,4464,MASTER I Platform/Chassis (P__) 7.1980-7.1998,7.1980,7.1998,completed
2919,RENAULT,MASTER,1018,MASTER I Van (T__) 7.1980-7.1998,7.1980,7.1998,completed
2920,RENAULT,MASTER PRO,40173,"MASTER PRO Platform/Chassis (HH__, UH__) 6.2005-4.2010",6.2005,4.2010,completed
2921,RENAULT,MASTER PRO,40172,MASTER PRO Van (FH__) 5.2004-4.2010,5.2004,4.2010,completed
2922,RENAULT,MEGANE,38201,MEGANE IV Grand Coupe (LVA/M/N) 10.2016,10.2016,,completed
2923,RENAULT,MEGANE,36675,MEGANE IV Grandtour (K9A/M/N_) 4.2016,4.2016,,completed
2924,RENAULT,MEGANE,14908,MEGANE IV Hatchback (B9A/M/N_) 11.2015,11.2015,,completed
2925,RENAULT,MEGANE,39140,MEGANE III Combi Van (KZ0/1) 1.2009-8.2015,1.2009,8.2015,completed
2926,RENAULT,MEGANE,7867,MEGANE III Coupe (DZ0/1_) 11.2008-9.2016,11.2008,9.2016,completed
2927,RENAULT,MEGANE,8145,MEGANE III Grandtour (KZ0/1) 11.2008-1.2016,11.2008,1.2016,completed
2928,RENAULT,MEGANE,7866,"MEGANE III Hatchback (BZ0/1_, B3_) 11.2008",11.2008,,completed
2929,RENAULT,MEGANE,5071,MEGANE II Coupé-Cabriolet (EM0/1_) 9.2003-3.2010,9.2003,3.2010,completed
2930,RENAULT,MEGANE,5073,MEGANE II Estate (KM0/1_) 8.2003-8.2012,8.2003,8.2012,completed
2931,RENAULT,MEGANE,38244,MEGANE II Estate Van (KM_) 8.2003-7.2009,8.2003,7.2009,completed
2932,RENAULT,MEGANE,38410,MEGANE II Hatchback Van (KM0/2_) 8.2003-7.2009,8.2003,7.2009,completed
2933,RENAULT,MEGANE,5072,MEGANE II Saloon (LM0/1_) 8.2003,8.2003,,completed
2934,RENAULT,MEGANE,4940,"MEGANE II (BM0/1_, CM0/1_) 7.2001-10.2012",7.2001,10.2012,completed
2935,RENAULT,MEGANE,4084,MEGANE I Grandtour (KA0/1_) 3.1999-8.2003,3.1999,8.2003,completed
2936,RENAULT,MEGANE,1902,MEGANE I Cabriolet (EA0/1_) 10.1996-8.2003,10.1996,8.2003,completed
2937,RENAULT,MEGANE,1562,MEGANE Scénic (JA0/1_) 10.1996-12.2001,10.1996,12.2001,completed
2938,RENAULT,MEGANE,1561,MEGANE I Classic (LA0/1_) 9.1996-8.2008,9.1996,8.2008,completed
2939,RENAULT,MEGANE,1488,MEGANE I Coach (DA0/1_) 3.1996-8.2003,3.1996,8.2003,completed
2940,RENAULT,MEGANE,1479,MEGANE I (BA0/1_) 8.1995-12.2004,8.1995,12.2004,completed
2941,RENAULT,MEGANE,38856,MEGANE I Hatchback Van (SA0/1_) 8.1995-7.2003,8.1995,7.2003,completed
2942,RENAULT,MEGANE CC,8578,MEGANE CC (EZ0/1_) 6.2010-8.2015,6.2010,8.2015,completed
2943,RENAULT,MEGANE E-TECH,42636,MEGANE E-TECH SUV 11.2021,11.2021,,completed
2944,RENAULT,MODUS,5213,MODUS / GRAND MODUS (F/JP0_) 9.2004-12.2013,9.2004,12.2013,completed
2945,RENAULT,MODUS / GRAND MODUS,5213,MODUS / GRAND MODUS (F/JP0_) 9.2004-12.2013,9.2004,12.2013,completed
2946,RENAULT,RAFALE,44493,RAFALE (DGM_) 6.2023,6.2023,,completed
2947,RENAULT,RAPID,17,"RAPID Box Body/MPV (F40_, G40_) 7.1985-11.2001",7.1985,11.2001,completed
2948,RENAULT,RODEO,4225,"RODEO 5 (4D_, 5E_) 7.1981-12.1987",7.1981,12.1987,completed
2949,RENAULT,RODEO,4226,RODEO 4 (ACL_) 8.1971-11.1981,8.1971,11.1981,completed
2950,RENAULT,RODEO,4224,RODEO 6 (ACL_) 5.1970-11.1981,5.1970,11.1981,completed
2951,RENAULT,SAFRANE,3893,SAFRANE II (B54_) 7.1996-12.2000,7.1996,12.2000,completed
2952,RENAULT,SAFRANE,186,SAFRANE I (B54_) 4.1992-10.1997,4.1992,10.1997,completed
2953,RENAULT,SANDERO/STEPWAY,13777,SANDERO/STEPWAY II (B8_) 11.2013,11.2013,,completed
2954,RENAULT,SANDERO/STEPWAY,7893,SANDERO/STEPWAY I (BS_) 11.2007,11.2007,,completed
2955,RENAULT,SCÉNIC,36987,SCÉNIC IV (J9_) 9.2016-7.2022,9.2016,7.2022,completed
2956,RENAULT,SCÉNIC,8147,SCÉNIC III (JZ0/1_) 12.2008-9.2016,12.2008,9.2016,completed
2957,RENAULT,SCÉNIC,41720,SCÉNIC III VAN (JZ0/1_) 12.2008-9.2016,12.2008,9.2016,completed
2958,RENAULT,SCÉNIC,5020,SCÉNIC II (JM0/1_) 6.2003-7.2010,6.2003,7.2010,completed
2959,RENAULT,SCÉNIC,4685,"SCÉNIC I MPV (JA0/1_, FA0_) 8.1999-7.2010",8.1999,7.2010,completed
2960,RENAULT,SCENIC E-TECH,45037,SCENIC E-TECH PHASE I 11.2023,11.2023,,completed
2961,RENAULT,SPORT SPIDER,3377,SPORT SPIDER (EF0_) 3.1995-10.1999,3.1995,10.1999,completed
2962,RENAULT,SUPER 5,560,SUPER 5 (B/C40_) 10.1984-12.1996,10.1984,12.1996,completed
2963,RENAULT,SYMBIOZ,45528,SYMBIOZ 5.2024,5.2024,,completed
2964,RENAULT,TALISMAN,36208,TALISMAN Grandtour (KP_) 3.2016-3.2022,3.2016,3.2022,completed
2965,RENAULT,TALISMAN,11776,TALISMAN (LP_) 6.2015-3.2022,6.2015,3.2022,completed
2966,RENAULT,THALIA,9202,THALIA II (LU_) 9.2008-6.2014,9.2008,6.2014,completed
2967,RENAULT,THALIA,4875,THALIA I (LB_) 2.1998-2.2009,2.1998,2.2009,completed
2968,RENAULT,TRAFIC,13080,TRAFIC III Bus (JG_) 5.2014,5.2014,,completed
2969,RENAULT,TRAFIC,14676,TRAFIC III Platform/Chassis (EG_) 5.2014,5.2014,,completed
2970,RENAULT,TRAFIC,12792,TRAFIC III Van (FG_) 5.2014,5.2014,,completed
2971,RENAULT,TRAFIC,3981,"TRAFIC Bus (T_, P_, V_) 3.1989-3.2001",3.1989,3.2001,completed
2972,RENAULT,TRAFIC,4446,"TRAFIC Platform/Chassis (T_, P_, V_) 3.1989-3.2001",3.1989,3.2001,completed
2973,RENAULT,TRAFIC,3501,"TRAFIC Van (T_, P_, V_) 3.1989-10.2002",3.1989,10.2002,completed
2974,RENAULT,TRAFIC,428,"TRAFIC Bus (T_, P_, V_) 3.1980-4.1989",3.1980,4.1989,completed
2975,RENAULT,TRAFIC,4447,"TRAFIC Platform/Chassis (T_, P_, V_) 3.1980-4.1989",3.1980,4.1989,completed
2976,RENAULT,TRAFIC,1908,"TRAFIC Van (T_, P_, V_) 3.1980-4.1989",3.1980,4.1989,completed
2977,RENAULT,TRAFIC II,4752,TRAFIC II Bus (JL) 3.2001,3.2001,,completed
2978,RENAULT,TRAFIC II,5559,TRAFIC II Platform/Chassis (EL) 3.2001,3.2001,,completed
2979,RENAULT,TRAFIC II,4753,TRAFIC II Van (FL) 3.2001,3.2001,,completed
2980,RENAULT,TWINGO,13195,"TWINGO III (BCM_, BCA_) 9.2014-7.2024",9.2014,7.2024,completed
2981,RENAULT,TWINGO,5611,TWINGO II (CN0_) 3.2007-9.2014,3.2007,9.2014,completed
2982,RENAULT,TWINGO,472,TWINGO I (C06_) 3.1993-10.2012,3.1993,10.2012,completed
2983,RENAULT,TWIZY,10186,TWIZY (MAM_) 4.2012,4.2012,,completed
2984,RENAULT,VEL SATIS,4862,VEL SATIS (BJ0_) 6.2002-8.2009,6.2002,8.2009,completed
2985,RENAULT,WIND,8577,WIND (E4M_) 7.2010-8.2013,7.2010,8.2013,completed
2986,RENAULT,ZOE,41734,ZOE Hatchback Van (BFM_) 4.2019,4.2019,,completed
2987,RENAULT,ZOE,10269,ZOE (BFM_) 6.2012,6.2012,,completed
2988,ROVER,100,100,100 Convertible (XP) 4.1994-12.1998,4.1994,12.1998,completed
2989,ROVER,100 / METRO,94,100 / METRO Hatchback (XP) 11.1989-12.1998,11.1989,12.1998,completed
2990,ROVER,200,1484,200 II Hatchback (RF) 11.1995-11.2000,11.1995,11.2000,completed
2991,ROVER,200,3454,200 Coupe (XW) 10.1992-6.1999,10.1992,6.1999,completed
2992,ROVER,200,116,200 II Convertible (XW) 4.1990-11.1999,4.1990,11.1999,completed
2993,ROVER,200,110,200 II Hatchback (XW) 10.1989-12.1995,10.1989,12.1995,completed
2994,ROVER,200,104,200 I Saloon (XH) 9.1984-9.1989,9.1984,9.1989,completed
2995,ROVER,2000-3500,126,2000-3500 Hatchback (SD1) 6.1976-10.1986,6.1976,10.1986,completed
2996,ROVER,2000-3500,132,2000-3500 (P6) 9.1963-10.1977,9.1963,10.1977,completed
2997,ROVER,25,4604,25 I Hatchback (RF) 9.1999-6.2006,9.1999,6.2006,completed
2998,ROVER,25 COMMERCE,38864,25 COMMERCE (RF) 1.2003-12.2005,1.2003,12.2005,completed
2999,ROVER,400,1318,400 II Hatchback (RT) 5.1995-3.2000,5.1995,3.2000,completed
3000,ROVER,400,1563,400 II (RT) 3.1995-3.2000,3.1995,3.2000,completed
3001,ROVER,400,142,400 Tourer (XW) 9.1993-11.1998,9.1993,11.1998,completed
3002,ROVER,400,137,400 II (XW) 4.1990-4.1995,4.1990,4.1995,completed
3003,ROVER,45,4603,45 I Hatchback (RT) 2.2000-5.2005,2.2000,5.2005,completed
3004,ROVER,45,4613,45 I Saloon (RT) 2.2000-5.2005,2.2000,5.2005,completed
3005,ROVER,600,3930,600 I (RH) 8.1993-10.2000,8.1993,10.2000,completed
3006,ROVER,75,4772,75 I Tourer (RJ) 8.2001-6.2006,8.2001,6.2006,completed
3007,ROVER,75,3989,75 (RJ) 2.1999-10.2005,2.1999,10.2005,completed
3008,ROVER,800,152,800 Coupe 8.1992-2.1999,8.1992,2.1999,completed
3009,ROVER,800,163,800 (XS) 10.1986-2.1999,10.1986,2.1999,completed
3010,ROVER,800,158,800 Hatchback (XS) 10.1986-2.1999,10.1986,2.1999,completed
3011,ROVER,A60 CAMBRIDGE,4443,A60 CAMBRIDGE 1.1962-10.1969,1.1962,10.1969,completed
3012,ROVER,CDV,39193,CDV (RF) 3.2003-4.2005,3.2003,4.2005,completed
3013,ROVER,CITYROVER,5159,CITYROVER Hatchback 9.2003-12.2005,9.2003,12.2005,completed
3014,ROVER,COUPE,4452,COUPE 3.1996-11.1999,3.1996,11.1999,completed
3015,ROVER,MAESTRO,4364,MAESTRO Hatchback 9.1990-1.1995,9.1990,1.1995,completed
3016,ROVER,METRO,38821,METRO Hatchback Van (XF) 4.1990-5.1992,4.1990,5.1992,completed
3017,ROVER,MINI,1883,MINI Convertible (XN) 9.1992-5.2001,9.1992,5.2001,completed
3018,ROVER,MINI,167,MINI Hatchback 8.1990-5.2001,8.1990,5.2001,completed
3019,ROVER,MINI-MOKE,11173,MINI-MOKE 9.1986-9.1993,9.1986,9.1993,completed
3020,ROVER,MONTEGO,4470,MONTEGO 2.1985-10.1995,2.1985,10.1995,completed
3021,ROVER,MONTEGO,1882,MONTEGO Estate (XE) 10.1984-12.1993,10.1984,12.1993,completed
3022,ROVER,STREETWISE,5081,STREETWISE Hatchback 8.2003-5.2005,8.2003,5.2005,completed
3023,SAAB,600,8502,600 1.1980-12.1986,1.1980,12.1986,completed
3024,SAAB,9-3,5412,9-3 Estate (E50) 3.2005-2.2015,3.2005,2.2015,completed
3025,SAAB,9-3,5078,9-3 Convertible (YS3F) 8.2003-2.2015,8.2003,2.2015,completed
3026,SAAB,9-3,4923,"9-3 (YS3F, E79, D79, D75) 9.2002-2.2015",9.2002,2.2015,completed
3027,SAAB,9-3,3547,9-3 (YS3D) 2.1998-8.2003,2.1998,8.2003,completed
3028,SAAB,9-3,3548,9-3 Cabriolet (YS3D) 2.1998-8.2003,2.1998,8.2003,completed
3029,SAAB,9-3X,8047,9-3X (YS3) 2.2009-2.2015,2.2009,2.2015,completed
3030,SAAB,9-5,8645,9-5 (YS3G) 1.2010-1.2012,1.2010,1.2012,completed
3031,SAAB,9-5,3591,9-5 Estate (YS3E) 10.1998-12.2009,10.1998,12.2009,completed
3032,SAAB,9-5,2045,9-5 (YS3E) 9.1997-12.2011,9.1997,12.2011,completed
3033,SAAB,9-7X,5606,9-7X 6.2004-7.2012,6.2004,7.2012,completed
3034,SAAB,90,73,90 8.1984-8.1987,8.1984,8.1987,completed
3035,SAAB,900,1835,900 II Coupe 12.1993-4.1999,12.1993,4.1999,completed
3036,SAAB,900,113,900 II Convertible 9.1993-4.1999,9.1993,4.1999,completed
3037,SAAB,900,119,900 II 7.1993-4.1999,7.1993,4.1999,completed
3038,SAAB,900,97,900 I Convertible 10.1985-12.1994,10.1985,12.1994,completed
3039,SAAB,900,107,"900 I (AC4, AM4) 1.1979-12.1993",1.1979,12.1993,completed
3040,SAAB,900,102,900 I Combi Coupe 6.1978-6.1994,6.1978,6.1994,completed
3041,SAAB,9000,129,9000 4.1985-12.1998,4.1985,12.1998,completed
3042,SAAB,9000,124,9000 Hatchback 9.1984-12.1998,9.1984,12.1998,completed
3043,SAAB,95,1834,95 Station Wagon 2.1960-12.1978,2.1960,12.1978,completed
3044,SAAB,96,1833,96 9.1960-8.1980,9.1960,8.1980,completed
3045,SAAB,99,2059,99 Combi Coupe 8.1968-1.1987,8.1968,1.1987,completed
3046,SAAB,99,243,99 11.1967-7.1987,11.1967,7.1987,completed
3047,SEAT,124,5040,124 1.1968-10.1980,1.1968,10.1980,completed
3048,SEAT,127,5037,127 (127A) 4.1972-12.1982,4.1972,12.1982,completed
3049,SEAT,128,5045,128 (128A) 1.1976-12.1980,1.1976,12.1980,completed
3050,SEAT,131,2029,131 (131A) 5.1975-12.1986,5.1975,12.1986,completed
3051,SEAT,132,5043,132 (132A) 1.1973-12.1982,1.1973,12.1982,completed
3052,SEAT,133,159,133 (133A) 5.1974-11.1979,5.1974,11.1979,completed
3053,SEAT,600,468,600 (110B) 9.1963-4.1970,9.1963,4.1970,completed
3054,SEAT,850,5038,850 (100GD) 1.1966-10.1975,1.1966,10.1975,completed
3055,SEAT,ALHAMBRA,9009,"ALHAMBRA (710, 711) 6.2010-12.2022",6.2010,12.2022,completed
3056,SEAT,ALHAMBRA,41660,ALHAMBRA VAN (711) 6.2010-6.2023,6.2010,6.2023,completed
3057,SEAT,ALHAMBRA,1564,"ALHAMBRA (7V8, 7V9) 4.1996-3.2010",4.1996,3.2010,completed
3058,SEAT,ALHAMBRA,41662,"ALHAMBRA VAN (7V8, 7V9) 3.1996-3.2010",3.1996,3.2010,completed
3059,SEAT,ALTEA,5111,ALTEA (5P1) 3.2004-12.2015,3.2004,12.2015,completed
3060,SEAT,ALTEA XL,6236,"ALTEA XL (5P5, 5P8) 10.2006-12.2015",10.2006,12.2015,completed
3061,SEAT,ARONA,38144,"ARONA (KJ7, KJP) 7.2017",7.2017,,completed
3062,SEAT,AROSA,1903,AROSA (6H1) 5.1997-6.2004,5.1997,6.2004,completed
3063,SEAT,ATECA,36512,"ATECA (KH7, KHP) 4.2016-5.2026",4.2016,5.2026,completed
3064,SEAT,CORDOBA,4961,CORDOBA (6L2) 9.2002-11.2009,9.2002,11.2009,completed
3065,SEAT,CORDOBA,1992,CORDOBA Vario (6K5) 7.1996-12.2002,7.1996,12.2002,completed
3066,SEAT,CORDOBA,93,"CORDOBA (6K1, 6K2) 2.1993-12.2002",2.1993,12.2002,completed
3067,SEAT,EXEO,8095,EXEO ST (3R5) 5.2009-5.2013,5.2009,5.2013,completed
3068,SEAT,EXEO,8032,EXEO (3R2) 12.2008-5.2013,12.2008,5.2013,completed
3069,SEAT,FURA,443,FURA (25A) 1.1982-12.1986,1.1982,12.1986,completed
3070,SEAT,IBIZA,37916,"IBIZA V (KJ1, KJG) 1.2017",1.2017,,completed
3071,SEAT,IBIZA,8609,"IBIZA IV ST (6J8, 6P8) 3.2010-7.2016",3.2010,7.2016,completed
3072,SEAT,IBIZA,7567,"IBIZA IV SC (6J1, 6P5) 6.2008-12.2018",6.2008,12.2018,completed
3073,SEAT,IBIZA,7540,"IBIZA IV (6J5, 6P1) 3.2008-12.2017",3.2008,12.2017,completed
3074,SEAT,IBIZA,4870,IBIZA III (6L1) 2.2002-11.2009,2.2002,11.2009,completed
3075,SEAT,IBIZA,569,IBIZA II (6K1) 3.1993-5.2002,3.1993,5.2002,completed
3076,SEAT,IBIZA,564,IBIZA I (21A) 6.1984-12.1993,6.1984,12.1993,completed
3077,SEAT,INCA,1551,INCA (6K9) 11.1995-11.2003,11.1995,11.2003,completed
3078,SEAT,LEON,40535,"LEON Sportstourer (KL8, KLD) 3.2020",3.2020,,completed
3079,SEAT,LEON,40534,"LEON (KL1, KLG) 11.2019",11.2019,,completed
3080,SEAT,LEON,11279,LEON SC (5F5) 1.2013-12.2018,1.2013,12.2018,completed
3081,SEAT,LEON,10734,LEON (5F1) 9.2012-5.2021,9.2012,5.2021,completed
3082,SEAT,LEON,11484,LEON ST (5F8) 9.2012-8.2020,9.2012,8.2020,completed
3083,SEAT,LEON,5431,LEON (1P1) 5.2005-12.2013,5.2005,12.2013,completed
3084,SEAT,LEON,4350,LEON (1M1) 11.1999-6.2006,11.1999,6.2006,completed
3085,SEAT,LEON ST,38536,LEON ST Estate Van (5F8) 1.2013-8.2020,1.2013,8.2020,completed
3086,SEAT,MALAGA,245,MALAGA (23A) 11.1984-12.1993,11.1984,12.1993,completed
3087,SEAT,MARBELLA,1960,MARBELLA Hatchback Van (028A) 11.1986-5.1999,11.1986,5.1999,completed
3088,SEAT,MARBELLA,262,MARBELLA (28A) 8.1986-5.1999,8.1986,5.1999,completed
3089,SEAT,Mii,10094,"Mii (KF1, KE1) 10.2011",10.2011,,completed
3090,SEAT,MÓ,45773,MÓ,,,completed
3091,SEAT,PANDA,5035,PANDA (141A) 10.1980-12.1986,10.1980,12.1986,completed
3092,SEAT,RITMO,5036,RITMO (138) 7.1978-9.1983,7.1978,9.1983,completed
3093,SEAT,RONDA,91,RONDA (22A) 6.1982-11.1988,6.1982,11.1988,completed
3094,SEAT,TARRACO,39208,TARRACO (KN2) 9.2018-5.2024,9.2018,5.2024,completed
3095,SEAT,TERRA,382,TERRA (24) 1.1987-12.1996,1.1987,12.1996,completed
3096,SEAT,TERRA,386,TERRA Estate Van (024A) 1.1987-2.1996,1.1987,2.1996,completed
3097,SEAT,TOLEDO,10880,TOLEDO IV (KG3) 7.2012-4.2019,7.2012,4.2019,completed
3098,SEAT,TOLEDO,5378,TOLEDO III (5P2) 4.2004-5.2009,4.2004,5.2009,completed
3099,SEAT,TOLEDO,3899,TOLEDO II (1M2) 10.1998-5.2006,10.1998,5.2006,completed
3100,SEAT,TOLEDO,409,TOLEDO I (1L2) 1.1991-10.1999,1.1991,10.1999,completed
3101,SKODA,100,268,100 1.1970-12.1977,1.1970,12.1977,completed
3102,SKODA,1000MB,1814,"1000MB (710, 990) 9.1964-1.1970",9.1964,1.1970,completed
3103,SKODA,"105,120",3992,"105,120 (744) 2.1983-12.1990",2.1983,12.1990,completed
3104,SKODA,"105,120",272,"105,120 (742) 8.1976-12.1990",8.1976,12.1990,completed
3105,SKODA,110,2085,110 Coupe 7.1970-3.1982,7.1970,3.1982,completed
3106,SKODA,110,1816,110 12.1969-3.1982,12.1969,3.1982,completed
3107,SKODA,1100MB,3993,1100MB (715) 1.1969-1.1970,1.1969,1.1970,completed
3108,SKODA,130,1817,130 2.1985-10.1991,2.1985,10.1991,completed
3109,SKODA,CITIGO,10126,CITIGO (NF1) 10.2011-8.2019,10.2011,8.2019,completed
3110,SKODA,ELROQ,45683,ELROQ (PYL) 11.2024,11.2024,,completed
3111,SKODA,ENYAQ iV,42681,ENYAQ iV Coupe (5AC) 7.2021,7.2021,,completed
3112,SKODA,ENYAQ iV,41279,ENYAQ iV SUV (5AZ) 10.2020,10.2020,,completed
3113,SKODA,FABIA,42133,FABIA IV (PJ3) 6.2021,6.2021,,completed
3114,SKODA,FABIA,13331,FABIA III (NJ3) 8.2014-6.2021,8.2014,6.2021,completed
3115,SKODA,FABIA,13332,FABIA III Estate (NJ5) 8.2014-12.2022,8.2014,12.2022,completed
3116,SKODA,FABIA,44366,FABIA III Praktik (NJ5) 8.2014-12.2022,8.2014,12.2022,completed
3117,SKODA,FABIA,6395,FABIA II Combi (545) 10.2007-12.2014,10.2007,12.2014,completed
3118,SKODA,FABIA,6363,FABIA II (542) 12.2006-12.2014,12.2006,12.2014,completed
3119,SKODA,FABIA,44365,FABIA II Praktik (545) 12.2006-12.2014,12.2006,12.2014,completed
3120,SKODA,FABIA,4727,FABIA I Combi (6Y5) 4.2000-12.2007,4.2000,12.2007,completed
3121,SKODA,FABIA,5009,FABIA I Praktik (6Y5) 1.2000-12.2007,1.2000,12.2007,completed
3122,SKODA,FABIA,4777,FABIA I Saloon (6Y3) 10.1999-12.2007,10.1999,12.2007,completed
3123,SKODA,FABIA,4383,FABIA I (6Y2) 8.1999-3.2008,8.1999,3.2008,completed
3124,SKODA,FAVORIT,4074,FAVORIT Pickup (787) 6.1992-6.1997,6.1992,6.1997,completed
3125,SKODA,FAVORIT,398,FAVORIT (781) 5.1989-9.1994,5.1989,9.1994,completed
3126,SKODA,FAVORIT,426,FAVORIT Forman (785) 6.1988-6.1995,6.1988,6.1995,completed
3127,SKODA,FELICIA,4075,FELICIA II (6U1) 1.1998-6.2001,1.1998,6.2001,completed
3128,SKODA,FELICIA,3994,"FELICIA I Pickup (6UF, 6U7) 10.1995-4.2002",10.1995,4.2002,completed
3129,SKODA,FELICIA,1480,FELICIA I Estate (6U5) 7.1995-3.1998,7.1995,3.1998,completed
3130,SKODA,FELICIA,4076,FELICIA II Estate (6U5) 7.1995-6.2001,7.1995,6.2001,completed
3131,SKODA,FELICIA,1319,FELICIA I (6U1) 10.1994-3.1998,10.1994,3.1998,completed
3132,SKODA,KAMIQ,39796,KAMIQ (NW4) 7.2019,7.2019,,completed
3133,SKODA,KAROQ,38149,"KAROQ (NU7, ND7) 7.2017",7.2017,,completed
3134,SKODA,KODIAQ,45125,KODIAQ II (PS7) 1.2024,1.2024,,completed
3135,SKODA,KODIAQ,37164,"KODIAQ I (NS6, NS7, NV7) 10.2016",10.2016,,completed
3136,SKODA,LAURA,5120,OCTAVIA II (1Z3) 2.2004-6.2013,2.2004,6.2013,completed
3137,SKODA,OCTAVIA,40538,"OCTAVIA IV (NX3, NN3, PV3) 1.2020",1.2020,,completed
3138,SKODA,OCTAVIA,40412,"OCTAVIA IV Combi (NX5, PV5) 11.2019",11.2019,,completed
3139,SKODA,OCTAVIA,11195,"OCTAVIA III (5E3, NL3, NR3) 11.2012-3.2021",11.2012,3.2021,completed
3140,SKODA,OCTAVIA,11196,"OCTAVIA III Combi (5E5, 5E6) 11.2012-10.2020",11.2012,10.2020,completed
3141,SKODA,OCTAVIA,5120,OCTAVIA II (1Z3) 2.2004-6.2013,2.2004,6.2013,completed
3142,SKODA,OCTAVIA,5162,OCTAVIA II Combi (1Z5) 2.2004-6.2013,2.2004,6.2013,completed
3143,SKODA,OCTAVIA,39014,OCTAVIA I Estate Van (1U5) 8.2000-3.2010,8.2000,3.2010,completed
3144,SKODA,OCTAVIA,3560,OCTAVIA I Combi (1U5) 7.1998-12.2010,7.1998,12.2010,completed
3145,SKODA,OCTAVIA,1904,OCTAVIA I (1U2) 9.1996-12.2010,9.1996,12.2010,completed
3146,SKODA,OCTAVIA,1815,OCTAVIA 4.1959-10.1971,4.1959,10.1971,completed
3147,SKODA,RAPID,10587,"RAPID (NH3, NK3, NK6) 7.2012-3.2022",7.2012,3.2022,completed
3148,SKODA,RAPID,11519,RAPID Spaceback (NH1) 7.2012-12.2019,7.2012,12.2019,completed
3149,SKODA,RAPID,23,"RAPID (120G, 130G, 135G) 2.1983-10.1991",2.1983,10.1991,completed
3150,SKODA,ROOMSTER,6412,ROOMSTER Praktik (5J) 3.2007-5.2015,3.2007,5.2015,completed
3151,SKODA,ROOMSTER,5507,ROOMSTER (5J7) 3.2006-5.2015,3.2006,5.2015,completed
3152,SKODA,SCALA,39378,SCALA (NW1) 2.2019,2.2019,,completed
3153,SKODA,SUPERB,45132,SUPERB IV (NZ3) 11.2023,11.2023,,completed
3154,SKODA,SUPERB,45010,SUPERB IV Estate (NZ5) 11.2023,11.2023,,completed
3155,SKODA,SUPERB,14018,SUPERB III (3V3) 3.2015-6.2024,3.2015,6.2024,completed
3156,SKODA,SUPERB,14382,SUPERB III Estate (3V5) 3.2015-6.2024,3.2015,6.2024,completed
3157,SKODA,SUPERB,8495,SUPERB II Estate (3T5) 10.2009-5.2015,10.2009,5.2015,completed
3158,SKODA,SUPERB,7588,SUPERB II (3T4) 3.2008-5.2015,3.2008,5.2015,completed
3159,SKODA,SUPERB,4837,SUPERB I (3U4) 12.2001-3.2008,12.2001,3.2008,completed
3160,SKODA,YETI,8486,YETI (5L) 5.2009-12.2017,5.2009,12.2017,completed
3161,SMART,#1,43125,#1 6.2022,6.2022,,completed
3162,SMART,#3,44523,#3 6.2023,6.2023,,completed
3163,SMART,CABRIO,872,CABRIO (450) 3.2000-1.2004,3.2000,1.2004,completed
3164,SMART,CITY-COUPE,3401,CITY-COUPE (450) 7.1998-1.2004,7.1998,1.2004,completed
3165,SMART,CROSSBLADE,4883,CROSSBLADE (450) 6.2002-12.2003,6.2002,12.2003,completed
3166,SMART,FORFOUR,13050,FORFOUR Hatchback (453) 7.2014,7.2014,,completed
3167,SMART,FORFOUR,5075,FORFOUR (454) 1.2004-6.2006,1.2004,6.2006,completed
3168,SMART,FORTWO,14632,FORTWO Convertible (453) 9.2015,9.2015,,completed
3169,SMART,FORTWO,13049,FORTWO Coupe (453) 7.2014,7.2014,,completed
3170,SMART,FORTWO,6228,FORTWO Cabrio (451) 1.2007,1.2007,,completed
3171,SMART,FORTWO,6227,FORTWO Coupe (451) 1.2007,1.2007,,completed
3172,SMART,FORTWO,5150,FORTWO Cabrio (450) 1.2004-1.2007,1.2004,1.2007,completed
3173,SMART,FORTWO,5149,FORTWO Coupe (450) 1.2004-2.2007,1.2004,2.2007,completed
3174,SMART,ROADSTER,4959,ROADSTER (452) 4.2003-11.2005,4.2003,11.2005,completed
3175,SMART,ROADSTER,4960,ROADSTER Coupe (452) 4.2003-11.2005,4.2003,11.2005,completed
3176,SUBARU,BRZ,42626,BRZ (ZD8) 10.2021,10.2021,,completed
3177,SUBARU,BRZ,10265,BRZ (ZC6) 6.2012,6.2012,,completed
3178,SUBARU,CROSSTREK,44046,CROSSTREK (GU_) 1.2023,1.2023,,completed
3179,SUBARU,FORESTER,38808,FORESTER (SK_) 4.2018,4.2018,,completed
3180,SUBARU,FORESTER,11171,FORESTER (SJ_) 11.2012,11.2012,,completed
3181,SUBARU,FORESTER,7995,FORESTER (SH_) 12.2007,12.2007,,completed
3182,SUBARU,FORESTER,4953,"FORESTER (SG_, S11SG) 2.2002-12.2012",2.2002,12.2012,completed
3183,SUBARU,FORESTER,2048,FORESTER (SF_) 3.1997-9.2002,3.1997,9.2002,completed
3184,SUBARU,IMPREZA,44847,IMPREZA Hatchback (GU_) 4.2023,4.2023,,completed
3185,SUBARU,IMPREZA,37372,IMPREZA Hatchback (GT_) 10.2016,10.2016,,completed
3186,SUBARU,IMPREZA,11267,IMPREZA Hatchback (GP_) 10.2011,10.2011,,completed
3187,SUBARU,IMPREZA,10312,IMPREZA Saloon (GJ_) 7.2011,7.2011,,completed
3188,SUBARU,IMPREZA,7592,"IMPREZA Hatchback (GR, GH, G3) 3.2007-5.2014",3.2007,5.2014,completed
3189,SUBARU,IMPREZA,9122,"IMPREZA Saloon (GE, GV) 1.2007",1.2007,,completed
3190,SUBARU,IMPREZA,4720,IMPREZA Estate (GG) 10.2000-12.2008,10.2000,12.2008,completed
3191,SUBARU,IMPREZA,4719,IMPREZA Saloon (GD) 9.1999-6.2009,9.1999,6.2009,completed
3192,SUBARU,IMPREZA,1489,IMPREZA Coupe (GFC) 1.1993-12.2000,1.1993,12.2000,completed
3193,SUBARU,IMPREZA,3476,IMPREZA Estate (GF) 8.1992-12.2000,8.1992,12.2000,completed
3194,SUBARU,IMPREZA,1291,IMPREZA Saloon (GC) 8.1992-9.2001,8.1992,9.2001,completed
3195,SUBARU,JUSTY,7906,JUSTY IV 1.2007,1.2007,,completed
3196,SUBARU,JUSTY,5058,JUSTY III (G3X) 9.2003,9.2003,,completed
3197,SUBARU,JUSTY,1472,"JUSTY II (JMA, MS) 10.1995-11.2003",10.1995,11.2003,completed
3198,SUBARU,JUSTY,1285,JUSTY I (KAD) 11.1984-8.1996,11.1984,8.1996,completed
3199,SUBARU,LEGACY,14082,LEGACY VI (BN) 1.2015,1.2015,,completed
3200,SUBARU,LEGACY,8279,LEGACY V (BM) 5.2009,5.2009,,completed
3201,SUBARU,LEGACY,8280,LEGACY V Estate (BR) 6.2008-12.2014,6.2008,12.2014,completed
3202,SUBARU,LEGACY,5060,LEGACY IV (BL) 9.2003-12.2015,9.2003,12.2015,completed
3203,SUBARU,LEGACY,5061,LEGACY IV Estate (BP) 9.2003-12.2009,9.2003,12.2009,completed
3204,SUBARU,LEGACY,4081,LEGACY III (BE) 10.1998-8.2003,10.1998,8.2003,completed
3205,SUBARU,LEGACY,4080,LEGACY III Estate (BH) 10.1998-8.2003,10.1998,8.2003,completed
3206,SUBARU,LEGACY,4024,LEGACY II Estate (BG) 2.1994-12.1999,2.1994,12.1999,completed
3207,SUBARU,LEGACY,1281,LEGACY II (BD) 1.1994-10.1999,1.1994,10.1999,completed
3208,SUBARU,LEGACY,1289,LEGACY I (BC) 1.1989-12.1995,1.1989,12.1995,completed
3209,SUBARU,LEGACY,1282,"LEGACY I Estate (BC, BF, BJ) 1.1989-8.1994",1.1989,8.1994,completed
3210,SUBARU,LEGACY OUTBACK,7951,LEGACY OUTBACK (BG) 1.1996-12.1999,1.1996,12.1999,completed
3211,SUBARU,LEONE,10141,LEONE Hatchback 1.1985-12.1989,1.1985,12.1989,completed
3212,SUBARU,LEONE,1288,LEONE III 11.1984-12.1994,11.1984,12.1994,completed
3213,SUBARU,LEONE,1284,LEONE III Estate 9.1983-12.1994,9.1983,12.1994,completed
3214,SUBARU,LEONE,1280,LEONE II Hatchback 3.1979-10.1984,3.1979,10.1984,completed
3215,SUBARU,LEONE,1287,LEONE II Saloon (AB) 3.1979-10.1984,3.1979,10.1984,completed
3216,SUBARU,LEONE,1286,LEONE II Estate 9.1978-12.1984,9.1978,12.1984,completed
3217,SUBARU,LEVORG,14083,LEVORG 3.2015,3.2015,,completed
3218,SUBARU,MV,5493,MV (AS_) 6.1978-12.1994,6.1978,12.1994,completed
3219,SUBARU,OUTBACK,40680,OUTBACK (BT) 9.2019,9.2019,,completed
3220,SUBARU,OUTBACK,13301,OUTBACK (BS) 10.2014,10.2014,,completed
3221,SUBARU,OUTBACK,8278,OUTBACK (BR) 6.2009,6.2009,,completed
3222,SUBARU,OUTBACK,5059,OUTBACK (BP) 9.2003-6.2010,9.2003,6.2010,completed
3223,SUBARU,OUTBACK,4866,OUTBACK (BH) 10.1998-8.2003,10.1998,8.2003,completed
3224,SUBARU,REX,4561,REX III 6.1989-3.1992,6.1989,3.1992,completed
3225,SUBARU,REX,4560,REX II 8.1981-6.1989,8.1981,6.1989,completed
3226,SUBARU,REX,4559,REX I 7.1972-8.1981,7.1972,8.1981,completed
3227,SUBARU,SOLTERRA,43601,SOLTERRA 6.2022,6.2022,,completed
3228,SUBARU,SUMO,1290,"SUMO Bus (E10, E12) 1.1983-2.2000",1.1983,2.2000,completed
3229,SUBARU,SVX,4023,SVX (CX) 9.1992-12.1997,9.1992,12.1997,completed
3230,SUBARU,TREZIA,9572,TREZIA 11.2010,11.2010,,completed
3231,SUBARU,TRIBECA,5429,TRIBECA (B9) 1.2005,1.2005,,completed
3232,SUBARU,VIVIO,3527,VIVIO 3.1992-4.2000,3.1992,4.2000,completed
3233,SUBARU,WRX,14653,WRX Saloon (GJ) 7.2011,7.2011,,completed
3234,SUBARU,WRX,14654,WRX Hatchback (GP) 10.2010-12.2014,10.2010,12.2014,completed
3235,SUBARU,XT,1283,XT Coupe (XT) 11.1984-12.1991,11.1984,12.1991,completed
3236,SUBARU,XV,38165,"XV (GT, G24) 4.2017",4.2017,,completed
3237,SUBARU,XV,10158,XV (_GP_) 9.2011-12.2017,9.2011,12.2017,completed
3238,SUZUKI,A,12611,A,,,completed
3239,SUZUKI,ACROSS,41372,ACROSS (A5Z_) 6.2020,6.2020,,completed
3240,SUZUKI,ADDRESS,12612,ADDRESS,,,completed
3241,SUZUKI,AH,12613,AH,,,completed
3242,SUZUKI,ALTO,8024,"ALTO VII (GF, HA25_, HA35_) 1.2009",1.2009,,completed
3243,SUZUKI,ALTO,4900,"ALTO VI (FF, HA24_) 6.2002-12.2009",6.2002,12.2009,completed
3244,SUZUKI,ALTO,14098,"ALTO V (HA12_, HA23_, HA22_) 10.1997-9.2014",10.1997,9.2014,completed
3245,SUZUKI,ALTO,1244,"ALTO IV (EF, SH410_) 10.1993-6.2002",10.1993,6.2002,completed
3246,SUZUKI,ALTO,14099,ALTO III (EC) 12.1988-8.1994,12.1988,8.1994,completed
3247,SUZUKI,ALTO,39670,ALTO Hatchback Van (EC) 1.1986-10.1993,1.1986,10.1993,completed
3248,SUZUKI,ALTO,1233,ALTO II 9.1984-12.1988,9.1984,12.1988,completed
3249,SUZUKI,ALTO,1234,ALTO I (0S) 3.1979-8.1984,3.1979,8.1984,completed
3250,SUZUKI,ALTO K10,38846,ALTO K10 8.2010-3.2015,8.2010,3.2015,completed
3251,SUZUKI,AN,12614,AN,,,completed
3252,SUZUKI,AN BURGMAN,12619,AN BURGMAN,,,completed
3253,SUZUKI,AP,12615,AP,,,completed
3254,SUZUKI,AVENIS,41322,AVENIS,,,completed
3255,SUZUKI,AY,12616,AY,,,completed
3256,SUZUKI,B-KING,12618,B-KING,,,completed
3257,SUZUKI,BALENO,36212,"BALENO (FW, EW) 2.2016",2.2016,,completed
3258,SUZUKI,BALENO,1565,BALENO Estate (EG) 4.1995-4.2005,4.1995,4.2005,completed
3259,SUZUKI,BALENO,1325,BALENO (EG) 3.1995-12.2009,3.1995,12.2009,completed
3260,SUZUKI,BALENO,1324,BALENO Hatchback (EG) 3.1995-5.2002,3.1995,5.2002,completed
3261,SUZUKI,BOULEVARD,14064,BOULEVARD,,,completed
3262,SUZUKI,C,12040,C,,,completed
3263,SUZUKI,CAPPUCCINO,4302,CAPPUCCINO (EE) 2.1992-8.1998,2.1992,8.1998,completed
3264,SUZUKI,CARRY,8869,"CARRY Platform/Chassis (FD, DA5_T, DA6_T) 2.1999",2.1999,,completed
3265,SUZUKI,CARRY,4582,CARRY Van (FD) 2.1999,2.1999,,completed
3266,SUZUKI,CARRY,1235,CARRY Van (0S) 10.1979-10.1985,10.1979,10.1985,completed
3267,SUZUKI,CELERIO,13151,CELERIO (LF) 2.2014,2.2014,,completed
3268,SUZUKI,CP,12620,CP,,,completed
3269,SUZUKI,CULTUS,1232,"CULTUS II Hatchback (EA, MA) 3.1989-12.2005",3.1989,12.2005,completed
3270,SUZUKI,DL,12621,DL,,,completed
3271,SUZUKI,DR,12622,DR,,,completed
3272,SUZUKI,DR-Z,12623,DR-Z,,,completed
3273,SUZUKI,GLADIUS,12624,GLADIUS,,,completed
3274,SUZUKI,GN,12625,GN,,,completed
3275,SUZUKI,GR,12626,GR,,,completed
3276,SUZUKI,GRAND VITARA,5489,"GRAND VITARA II (JT, TE, TD) 4.2005",4.2005,,completed
3277,SUZUKI,GRAND VITARA,4097,"GRAND VITARA I (FT, HT) 3.1998-8.2008",3.1998,8.2008,completed
3278,SUZUKI,GRAND VITARA,14518,GRAND VITARA I Open Off-Road Vehicle (GT) 3.1998-9.2005,3.1998,9.2005,completed
3279,SUZUKI,GS,12627,GS,,,completed
3280,SUZUKI,GSF BANDIT,12617,GSF BANDIT,,,completed
3281,SUZUKI,GSR,12628,GSR,,,completed
3282,SUZUKI,GSX,12629,GSX,,,completed
3283,SUZUKI,GSX-R (124cc - 750cc),12630,GSX-R (124cc - 750cc),,,completed
3284,SUZUKI,GSX-R (751cc - ),40277,GSX-R (751cc - ),,,completed
3285,SUZUKI,GSX-S,14300,GSX-S,,,completed
3286,SUZUKI,GT,14448,GT,,,completed
3287,SUZUKI,GZ,12631,GZ,,,completed
3288,SUZUKI,IGNIS,37088,"IGNIS III (MF, FF) 2.2016",2.2016,,completed
3289,SUZUKI,IGNIS,5064,IGNIS II (MH) 8.2003-12.2012,8.2003,12.2012,completed
3290,SUZUKI,IGNIS,4732,IGNIS I (FH) 10.2000-12.2006,10.2000,12.2006,completed
3291,SUZUKI,INAZUMA,12632,INAZUMA,,,completed
3292,SUZUKI,INTRUDER,13994,INTRUDER,,,completed
3293,SUZUKI,JIMNY,39057,JIMNY Closed Off-Road Vehicle (A6G) 7.2018,7.2018,,completed
3294,SUZUKI,JIMNY,3972,"JIMNY Closed Off-Road Vehicle (SN, JB_) 7.1998",7.1998,,completed
3295,SUZUKI,JIMNY,38290,JIMNY Open Off-Road Vehicle (SN) 1.1998,1.1998,,completed
3296,SUZUKI,KATANA,14066,KATANA,,,completed
3297,SUZUKI,KIZASHI,8992,KIZASHI (FR) 10.2010-12.2016,10.2010,12.2016,completed
3298,SUZUKI,LIANA,4890,"LIANA (ER, RH_) 10.2001",10.2001,,completed
3299,SUZUKI,LIANA,37901,LIANA Hatchback 6.2001,6.2001,,completed
3300,SUZUKI,LJ80,1236,LJ80 (OL) 11.1977-1.1984,11.1977,1.1984,completed
3301,SUZUKI,LS,12633,LS,,,completed
3302,SUZUKI,M,12634,M,,,completed
3303,SUZUKI,RE 5,12041,RE 5,,,completed
3304,SUZUKI,RF,12635,RF,,,completed
3305,SUZUKI,RG,12636,RG,,,completed
3306,SUZUKI,RGV,12637,RGV,,,completed
3307,SUZUKI,RM,40678,RM,,,completed
3308,SUZUKI,RM-Z,36683,RM-Z,,,completed
3309,SUZUKI,RV,13429,RV,,,completed
3310,SUZUKI,S-CROSS,42605,S-CROSS 1.2022,1.2022,,completed
3311,SUZUKI,SAMURAI,38283,SAMURAI Open Off-Road Vehicle (SJ_) 4.1988-12.2004,4.1988,12.2004,completed
3312,SUZUKI,SAMURAI,1241,SAMURAI Closed Off-Road Vehicle (SJ_) 9.1984-12.2004,9.1984,12.2004,completed
3313,SUZUKI,SIXTEEN,12638,SIXTEEN,,,completed
3314,SUZUKI,SJ410,1238,SJ410 Cabrio (OS) 9.1981-7.1991,9.1981,7.1991,completed
3315,SUZUKI,SJ410,3574,SJ410 9.1979-7.1991,9.1979,7.1991,completed
3316,SUZUKI,SJ413,1242,SJ413 (OS) 9.1984-3.1991,9.1984,3.1991,completed
3317,SUZUKI,SJ413,38531,SJ413 Open Off-Road Vehicle (OS) 8.1983-8.1988,8.1983,8.1988,completed
3318,SUZUKI,SPLASH,7527,SPLASH (EX) 1.2008,1.2008,,completed
3319,SUZUKI,SR,12639,SR,,,completed
3320,SUZUKI,SUPER CARRY,1243,SUPER CARRY Bus (ED) 7.1985-3.1999,7.1985,3.1999,completed
3321,SUZUKI,SV,12640,SV,,,completed
3322,SUZUKI,SWACE,41745,SWACE (AMZ_) 10.2020,10.2020,,completed
3323,SUZUKI,SWIFT,45065,"SWIFT VI (ZD_, ZC_) 12.2023",12.2023,,completed
3324,SUZUKI,SWIFT,37855,SWIFT V (AZ) 1.2017,1.2017,,completed
3325,SUZUKI,SWIFT,8994,"SWIFT IV (FZ, NZ) 10.2010-4.2017",10.2010,4.2017,completed
3326,SUZUKI,SWIFT,5474,"SWIFT III (MZ, EZ) 2.2005-12.2015",2.2005,12.2015,completed
3327,SUZUKI,SWIFT,1240,SWIFT Convertible (SF413) 9.1991-10.1996,9.1991,10.1996,completed
3328,SUZUKI,SWIFT,1239,"SWIFT II Saloon (AH, AJ) 3.1989-5.2001",3.1989,5.2001,completed
3329,SUZUKI,SWIFT,3973,SWIFT I (AA) 10.1983-12.1989,10.1983,12.1989,completed
3330,SUZUKI,SX4,8005,"SX4 Saloon (GY, RW) 10.2007",10.2007,,completed
3331,SUZUKI,SX4,5566,"SX4 (EY, GY) 6.2006",6.2006,,completed
3332,SUZUKI,SX4 S-CROSS,11477,SX4 S-CROSS (JY) 8.2013-6.2022,8.2013,6.2022,completed
3333,SUZUKI,TL,12641,TL,,,completed
3334,SUZUKI,TR,12642,TR,,,completed
3335,SUZUKI,TS,12643,TS,,,completed
3336,SUZUKI,TU,12644,TU,,,completed
3337,SUZUKI,UC,12645,UC,,,completed
3338,SUZUKI,UE,12646,UE,,,completed
3339,SUZUKI,UF,12647,UF,,,completed
3340,SUZUKI,UH,12648,UH,,,completed
3341,SUZUKI,UX,12649,UX,,,completed
3342,SUZUKI,V-STROM,39931,V-STROM,,,completed
3343,SUZUKI,VANVAN,12650,VANVAN,,,completed
3344,SUZUKI,VITARA,13638,VITARA (LY) 2.2015,2.2015,,completed
3345,SUZUKI,VITARA,10222,VITARA (ET) 12.2003-12.2005,12.2003,12.2005,completed
3346,SUZUKI,VITARA,1237,"VITARA (ET, TA, TD) 7.1988-12.2002",7.1988,12.2002,completed
3347,SUZUKI,VITARA,1880,"VITARA Cabrio (ET, TA) 7.1988-10.2002",7.1988,10.2002,completed
3348,SUZUKI,VL,12651,VL,,,completed
3349,SUZUKI,VS,12652,VS,,,completed
3350,SUZUKI,VX,12653,VX,,,completed
3351,SUZUKI,VZ,12654,VZ,,,completed
3352,SUZUKI,WAGON R,7512,"WAGON R (MH21, MH22) 3.2002-12.2012",3.2002,12.2012,completed
3353,SUZUKI,WAGON R+,4666,WAGON R+ (MA) 5.1999,5.1999,,completed
3354,SUZUKI,WAGON R+,3403,WAGON R+ Hatchback (EM) 10.1997-10.2000,10.1997,10.2000,completed
3355,SUZUKI,X-90,1481,X-90 (EL) 9.1995-12.1997,9.1995,12.1997,completed
3356,SUZUKI,XF,12655,XF,,,completed
3357,TOYOTA,1000,4808,1000 (KP3_) 4.1969-8.1988,4.1969,8.1988,completed
3358,TOYOTA,1000,4809,1000 Estate (KP36V_) 4.1969-8.1988,4.1969,8.1988,completed
3359,TOYOTA,4 RUNNER,11332,4 RUNNER V (_N28_) 3.2009,3.2009,,completed
3360,TOYOTA,4 RUNNER,11331,4 RUNNER IV (_N21_) 8.2002-12.2009,8.2002,12.2009,completed
3361,TOYOTA,4 RUNNER,4981,4 RUNNER III (_N18_) 11.1995-7.2003,11.1995,7.2003,completed
3362,TOYOTA,4 RUNNER,383,4 RUNNER II (_N13_) 8.1987-12.1996,8.1987,12.1996,completed
3363,TOYOTA,4 RUNNER,8914,"4 RUNNER I (_N5_, _N6_, _N7_) 7.1984-10.1989",7.1984,10.1989,completed
3364,TOYOTA,ALPHARD,6253,ALPHARD I (_H1_) 4.2003-4.2008,4.2003,4.2008,completed
3365,TOYOTA,ALPHARD / VELLFIRE,14314,ALPHARD / VELLFIRE (_H3_) 2.2015,2.2015,,completed
3366,TOYOTA,ALPHARD / VELLFIRE,9104,ALPHARD / VELLFIRE (_H2_) 4.2008-12.2015,4.2008,12.2015,completed
3367,TOYOTA,ALTEZZA,6254,ALTEZZA (_E1_) 1.1999-11.2005,1.1999,11.2005,completed
3368,TOYOTA,ALTEZZA GITA,6255,ALTEZZA GITA Estate (_XE1_) 10.1998-12.2005,10.1998,12.2005,completed
3369,TOYOTA,AQUA,10111,AQUA (_NHP1_) 12.2011,12.2011,,completed
3370,TOYOTA,AURIS,11280,AURIS Estate (_E18_) 7.2013-12.2018,7.2013,12.2018,completed
3371,TOYOTA,AURIS,10460,AURIS (_E18_) 10.2012-1.2019,10.2012,1.2019,completed
3372,TOYOTA,AURIS,39051,AURIS Hatchback Van (_E15_) 3.2007-9.2012,3.2007,9.2012,completed
3373,TOYOTA,AURIS,6226,AURIS (_E15_) 10.2006-1.2013,10.2006,1.2013,completed
3374,TOYOTA,AURIS VAN,11278,AURIS VAN Hatchback Van (_E18_) 3.2013-12.2018,3.2013,12.2018,completed
3375,TOYOTA,AVENSIS,8008,AVENSIS Estate (_T27_) 11.2008-10.2018,11.2008,10.2018,completed
3376,TOYOTA,AVENSIS,8007,AVENSIS Saloon (_T27_) 11.2008-10.2018,11.2008,10.2018,completed
3377,TOYOTA,AVENSIS,4976,AVENSIS Estate (_T25_) 4.2003-11.2008,4.2003,11.2008,completed
3378,TOYOTA,AVENSIS,5002,AVENSIS (_T25_) 3.2003-11.2008,3.2003,11.2008,completed
3379,TOYOTA,AVENSIS,4975,AVENSIS Saloon (_T25_) 1.2003-4.2009,1.2003,4.2009,completed
3380,TOYOTA,AVENSIS,3393,AVENSIS (_T22_) 9.1997-2.2003,9.1997,2.2003,completed
3381,TOYOTA,AVENSIS,3394,AVENSIS Estate (_T22_) 9.1997-2.2003,9.1997,2.2003,completed
3382,TOYOTA,AVENSIS,3510,AVENSIS Liftback (_T22_) 9.1997-2.2003,9.1997,2.2003,completed
3383,TOYOTA,AVENSIS VERSO,4791,AVENSIS VERSO (_M2_) 5.2001-12.2011,5.2001,12.2011,completed
3384,TOYOTA,AYGO,12744,AYGO (_B4_) 5.2014,5.2014,,completed
3385,TOYOTA,AYGO,5442,AYGO (_B1_) 2.2005-5.2014,2.2005,5.2014,completed
3386,TOYOTA,AYGO X,42635,AYGO X (_B7_) 3.2022,3.2022,,completed
3387,TOYOTA,bB,9101,bB II (QNC2_) 12.2005-6.2016,12.2005,6.2016,completed
3388,TOYOTA,bB,6259,bB I (NCP3_) 1.2000-12.2005,1.2000,12.2005,completed
3389,TOYOTA,BELTA,9047,YARIS / VIOS Saloon (_P9_) 8.2005-12.2013,8.2005,12.2013,completed
3390,TOYOTA,BLADE,6226,AURIS (_E15_) 10.2006-1.2013,10.2006,1.2013,completed
3391,TOYOTA,bZ4X,42683,bZ4X (_EAM1_) 12.2021,12.2021,,completed
3392,TOYOTA,C-HR,44702,"C-HR (_X2_, _H2_) 10.2023",10.2023,,completed
3393,TOYOTA,C-HR,36890,C-HR (_X1_) 10.2016,10.2016,,completed
3394,TOYOTA,C-HR,41722,C-HR VAN (_X1_) 10.2016,10.2016,,completed
3395,TOYOTA,CAMRY,45723,"CAMRY (_VA8_, _VH8_, _V8_) 1.2024-6.2026",1.2024,6.2026,completed
3396,TOYOTA,CAMRY,38154,"CAMRY (_V7_, _VA7_, _VH7_) 6.2017",6.2017,,completed
3397,TOYOTA,CAMRY,9739,CAMRY Saloon (_V5_) 9.2011-2.2019,9.2011,2.2019,completed
3398,TOYOTA,CAMRY,5813,CAMRY Saloon (_V4_) 1.2006-12.2014,1.2006,12.2014,completed
3399,TOYOTA,CAMRY,4846,CAMRY Saloon (_V3_) 8.2001-11.2006,8.2001,11.2006,completed
3400,TOYOTA,CAMRY,3419,CAMRY (_V2_) 8.1996-2.2004,8.1996,2.2004,completed
3401,TOYOTA,CAMRY,460,CAMRY Estate (_V1_) 6.1991-8.1997,6.1991,8.1997,completed
3402,TOYOTA,CAMRY,446,CAMRY (_V1_) 7.1990-10.2001,7.1990,10.2001,completed
3403,TOYOTA,CAMRY,465,CAMRY Estate (_V2_) 11.1986-2.1993,11.1986,2.1993,completed
3404,TOYOTA,CAMRY,453,CAMRY (_V2_) 8.1986-2.1993,8.1986,2.1993,completed
3405,TOYOTA,CAMRY,457,CAMRY Liftback (_V1_) 10.1982-1.1988,10.1982,1.1988,completed
3406,TOYOTA,CAMRY,449,CAMRY Saloon (_V1_) 10.1982-7.1988,10.1982,7.1988,completed
3407,TOYOTA,CARINA,509,CARINA V (_T17_) 12.1987-6.1992,12.1987,6.1992,completed
3408,TOYOTA,CARINA,513,CARINA V Estate (_T17_) 12.1987-4.1992,12.1987,4.1992,completed
3409,TOYOTA,CARINA,504,CARINA V Saloon (_T17_) 12.1987-6.1992,12.1987,6.1992,completed
3410,TOYOTA,CARINA,517,CARINA IV (_T15_) 10.1983-5.1988,10.1983,5.1988,completed
3411,TOYOTA,CARINA,482,CARINA IV Saloon (_T15_) 8.1983-5.1988,8.1983,5.1988,completed
3412,TOYOTA,CARINA,522,CARINA III Estate (_A6_) 3.1981-9.1983,3.1981,9.1983,completed
3413,TOYOTA,CARINA,487,"CARINA II (TA4_, TA6_) 5.1973-9.1983",5.1973,9.1983,completed
3414,TOYOTA,CARINA,2067,CARINA I (TA1_) 12.1970-3.1978,12.1970,3.1978,completed
3415,TOYOTA,CARINA E,496,CARINA E VI (_T19_) 4.1992-9.1997,4.1992,9.1997,completed
3416,TOYOTA,CARINA E,492,CARINA E VI Saloon (_T19_) 4.1992-9.1997,4.1992,9.1997,completed
3417,TOYOTA,CARINA E,499,CARINA E VI Sportswagon (_T19_) 2.1992-9.1997,2.1992,9.1997,completed
3418,TOYOTA,CELICA,4518,CELICA Coupe (_T23_) 8.1999-3.2006,8.1999,3.2006,completed
3419,TOYOTA,CELICA,2074,CELICA Convertible (_T20_) 11.1993-8.1999,11.1993,8.1999,completed
3420,TOYOTA,CELICA,545,CELICA Coupe (_T20_) 9.1993-11.1999,9.1993,11.1999,completed
3421,TOYOTA,CELICA,558,CELICA Convertible (_T18_) 10.1989-11.1993,10.1989,11.1993,completed
3422,TOYOTA,CELICA,540,CELICA Coupe (_T18_) 9.1989-12.1994,9.1989,12.1994,completed
3423,TOYOTA,CELICA,563,CELICA Coupe (_T16_) 9.1985-8.1989,9.1985,8.1989,completed
3424,TOYOTA,CELICA,554,CELICA Convertible (_T16_) 8.1985-8.1989,8.1985,8.1989,completed
3425,TOYOTA,CELICA,535,CELICA Hatchback (_T16_) 8.1985-12.1989,8.1985,12.1989,completed
3426,TOYOTA,CELICA,38368,CELICA (_A6_) 8.1981-12.1985,8.1981,12.1985,completed
3427,TOYOTA,CELICA,531,CELICA Coupe (_A6_) 8.1981-12.1985,8.1981,12.1985,completed
3428,TOYOTA,CELICA,568,CELICA (_A4_) 8.1977-7.1981,8.1977,7.1981,completed
3429,TOYOTA,CELICA,550,CELICA Coupe (_A4_) 8.1977-7.1981,8.1977,7.1981,completed
3430,TOYOTA,CELICA,1700,CELICA Coupe (_A2_) 11.1971-3.1978,11.1971,3.1978,completed
3431,TOYOTA,CELSIOR,7202,CELSIOR (UCF3_) 9.2000-8.2006,9.2000,8.2006,completed
3432,TOYOTA,COROLLA,39452,COROLLA Estate (_E21_) 2.2019,2.2019,,completed
3433,TOYOTA,COROLLA,39436,COROLLA Saloon (_E21_) 1.2019,1.2019,,completed
3434,TOYOTA,COROLLA,39165,"COROLLA Hatchback (_E21_, _EA1_, _EH1_) 10.2018",10.2018,,completed
3435,TOYOTA,COROLLA,11560,"COROLLA Saloon (_E18_, ZRE1_) 6.2013-2.2021",6.2013,2.2021,completed
3436,TOYOTA,COROLLA,10460,AURIS (_E18_) 10.2012-1.2019,10.2012,1.2019,completed
3437,TOYOTA,COROLLA,6226,AURIS (_E15_) 10.2006-1.2013,10.2006,1.2013,completed
3438,TOYOTA,COROLLA,7967,COROLLA Saloon (_E15_) 10.2006-12.2018,10.2006,12.2018,completed
3439,TOYOTA,COROLLA,5127,"COROLLA Verso (ZER_, ZZE12_, R1_) 3.2004-10.2009",3.2004,10.2009,completed
3440,TOYOTA,COROLLA,4854,COROLLA Verso (_E12_) 7.2001-5.2007,7.2001,5.2007,completed
3441,TOYOTA,COROLLA,4853,COROLLA Estate (_E12_) 3.2001-12.2008,3.2001,12.2008,completed
3442,TOYOTA,COROLLA,4851,COROLLA (_E12_) 1.2001-4.2008,1.2001,4.2008,completed
3443,TOYOTA,COROLLA,4852,COROLLA Saloon (_E12_) 8.2000-12.2008,8.2000,12.2008,completed
3444,TOYOTA,COROLLA,1974,COROLLA Compact (_E11_) 4.1997-1.2002,4.1997,1.2002,completed
3445,TOYOTA,COROLLA,3863,COROLLA Estate (_E11_) 4.1997-10.2001,4.1997,10.2001,completed
3446,TOYOTA,COROLLA,1973,COROLLA Liftback (_E11_) 4.1997-1.2002,4.1997,1.2002,completed
3447,TOYOTA,COROLLA,1972,COROLLA (_E11_) 5.1995-2.2003,5.1995,2.2003,completed
3448,TOYOTA,COROLLA,98,COROLLA Compact (_E10_) 5.1992-12.1999,5.1992,12.1999,completed
3449,TOYOTA,COROLLA,146,COROLLA Liftback (_E10_) 5.1992-12.1999,5.1992,12.1999,completed
3450,TOYOTA,COROLLA,170,COROLLA Estate (_E10_) 9.1991-4.1998,9.1991,4.1998,completed
3451,TOYOTA,COROLLA,3463,COROLLA (_E10_) 6.1991-11.1999,6.1991,11.1999,completed
3452,TOYOTA,COROLLA,114,COROLLA (_E9_) 5.1987-9.1999,5.1987,9.1999,completed
3453,TOYOTA,COROLLA,125,COROLLA Compact (_E9_) 5.1987-10.1995,5.1987,10.1995,completed
3454,TOYOTA,COROLLA,13581,COROLLA Coupe (_E9_) 5.1987-10.1995,5.1987,10.1995,completed
3455,TOYOTA,COROLLA,151,COROLLA Liftback (_E9_) 5.1987-4.1997,5.1987,4.1997,completed
3456,TOYOTA,COROLLA,156,COROLLA Station Wagon (_E9_) 5.1987-10.1995,5.1987,10.1995,completed
3457,TOYOTA,COROLLA,1446,COROLLA FX Compact (E8B) 8.1984-5.1988,8.1984,5.1988,completed
3458,TOYOTA,COROLLA,108,COROLLA (_E8_) 6.1983-6.1989,6.1983,6.1989,completed
3459,TOYOTA,COROLLA,130,COROLLA Coupe (AE86) 5.1983-7.1987,5.1983,7.1987,completed
3460,TOYOTA,COROLLA,140,COROLLA Liftback (_E8_) 5.1982-5.1989,5.1982,5.1989,completed
3461,TOYOTA,COROLLA,161,COROLLA Estate (_E7_) 12.1979-8.1989,12.1979,8.1989,completed
3462,TOYOTA,COROLLA,166,COROLLA (_E7_) 9.1979-9.1987,9.1979,9.1987,completed
3463,TOYOTA,COROLLA,135,COROLLA Hatchback (_E7_) 9.1979-9.1983,9.1979,9.1983,completed
3464,TOYOTA,COROLLA,38826,COROLLA Coupe (_E7_) 8.1979-7.1983,8.1979,7.1983,completed
3465,TOYOTA,COROLLA,2061,COROLLA Coupe (KE) 7.1975-12.1982,7.1975,12.1982,completed
3466,TOYOTA,COROLLA,2062,COROLLA Estate (TE72_) 7.1975-7.1982,7.1975,7.1982,completed
3467,TOYOTA,COROLLA,120,"COROLLA Hatchback (KE, TE) 10.1972-1.1980",10.1972,1.1980,completed
3468,TOYOTA,COROLLA,2063,"COROLLA (KE_, TE_) 2.1970-11.1982",2.1970,11.1982,completed
3469,TOYOTA,COROLLA CROSS,40962,"COROLLA CROSS (ZVG1_, ZSG1_, MXGH1_, MXGA1_) 7.2020",7.2020,,completed
3470,TOYOTA,COROLLA iM,10460,AURIS (_E18_) 10.2012-1.2019,10.2012,1.2019,completed
3471,TOYOTA,COROLLA LEVIN,37840,COROLLA LEVIN Coupe (_E11_) 5.1995-7.2000,5.1995,7.2000,completed
3472,TOYOTA,COROLLA LEVIN,6282,COROLLA LEVIN Coupe (_E10_) 6.1991-8.1997,6.1991,8.1997,completed
3473,TOYOTA,CORONA,6287,CORONA Saloon (_T19_) 10.1991-4.1998,10.1991,4.1998,completed
3474,TOYOTA,CORONA,8906,CORONA (_T1_) 9.1978-12.1983,9.1978,12.1983,completed
3475,TOYOTA,CORONA,174,CORONA Hatchback (_T13_) 9.1978-12.1981,9.1978,12.1981,completed
3476,TOYOTA,CORONA,1701,CORONA (RT1_) 8.1973-5.1979,8.1973,5.1979,completed
3477,TOYOTA,CORONA,4020,CORONA Estate (RT118) 2.1970-5.1979,2.1970,5.1979,completed
3478,TOYOTA,CRESSIDA,6290,CRESSIDA Saloon (_X7_) 8.1984-11.1992,8.1984,11.1992,completed
3479,TOYOTA,CRESSIDA,221,CRESSIDA Saloon (_X6_) 9.1980-9.1992,9.1980,9.1992,completed
3480,TOYOTA,CRESSIDA,2065,CRESSIDA Station Wagon (_X6_) 9.1980-10.1985,9.1980,10.1985,completed
3481,TOYOTA,CRESSIDA,217,CRESSIDA Saloon (_X3_) 12.1976-7.1982,12.1976,7.1982,completed
3482,TOYOTA,CRESSIDA,2064,CRESSIDA Station Wagon (_X3_) 12.1976-7.1981,12.1976,7.1981,completed
3483,TOYOTA,CROWN,5811,"CROWN (CRS_, JZS_, GRS18_, UZS_) 9.2003-12.2008",9.2003,12.2008,completed
3484,TOYOTA,CROWN,2066,CROWN Station Wagon (_S1_) 9.1980-9.1983,9.1980,9.1983,completed
3485,TOYOTA,CROWN,230,CROWN (_S1_) 9.1979-7.1987,9.1979,7.1987,completed
3486,TOYOTA,CYNOS,3572,CYNOS Convertible (_L5_) 10.1996-1.1998,10.1996,1.1998,completed
3487,TOYOTA,CYNOS,1515,CYNOS Coupe (_L5_) 8.1995-12.1999,8.1995,12.1999,completed
3488,TOYOTA,CYNOS,7945,CYNOS Coupe (EL44_) 6.1988-8.1995,6.1988,8.1995,completed
3489,TOYOTA,DYNA,5820,"DYNA Platform/Chassis (KD_, LY_, _Y2_, _U3_, _U4_, _U6_, _U8 5.1999",5.1999,,completed
3490,TOYOTA,DYNA,10462,DYNA Platform/Chassis (LH8_) 8.1985-5.1995,8.1985,5.1995,completed
3491,TOYOTA,DYNA,5445,"DYNA Bus (_U3_, _U2_) 8.1977-8.1987",8.1977,8.1987,completed
3492,TOYOTA,DYNA,5444,"DYNA Platform/Chassis (_U_, _Y_) 8.1977-12.2009",8.1977,12.2009,completed
3493,TOYOTA,DYNA 100,36923,"DYNA 100 Platform/Chassis (LY1_, YY1_) 5.1995-7.2001",5.1995,7.2001,completed
3494,TOYOTA,DYNA 100,7509,DYNA 100 Platform/Chassis (YH_) 8.1985-4.1995,8.1985,4.1995,completed
3495,TOYOTA,DYNA 150,7499,DYNA 150 Platform/Chassis (LY_) 5.1995-7.2001,5.1995,7.2001,completed
3496,TOYOTA,DYNA 150,7266,DYNA 150 Platform/Chassis (LY_) 8.1988-6.1995,8.1988,6.1995,completed
3497,TOYOTA,DYNA 150,6303,DYNA 150 Platform/Chassis (_Y_) 8.1985-8.1988,8.1985,8.1988,completed
3498,TOYOTA,DYNA 300,6305,DYNA 300 Platform/Chassis 6.1995-12.2002,6.1995,12.2002,completed
3499,TOYOTA,FJ CRUISER,9567,FJ CRUISER (GSJ1_) 6.2005-1.2018,6.2005,1.2018,completed
3500,TOYOTA,GR 86,42751,GR 86 Coupe (ZN8) 9.2021,9.2021,,completed
3501,TOYOTA,GRAND PRIUS +,9640,PRIUS PLUS (_W4_) 5.2011,5.2011,,completed
3502,TOYOTA,GT 86,10112,GT 86 Coupe (ZN6_) 3.2012,3.2012,,completed
3503,TOYOTA,HARRIER,7218,HARRIER (_U3_) 2.2003-12.2013,2.2003,12.2013,completed
3504,TOYOTA,HARRIER,7217,HARRIER (_U1_) 5.1997-2.2003,5.1997,2.2003,completed
3505,TOYOTA,HIACE,39590,HIACE VI Bus (__H3__) 2.2019,2.2019,,completed
3506,TOYOTA,HIACE,8701,"HIACE V Van (TRH2__, KDH2__, LH2__, GDH2__) 6.2004",6.2004,,completed
3507,TOYOTA,HIACE,1512,"HIACE IV Bus (__H1_, __H2_) 8.1995-12.2012",8.1995,12.2012,completed
3508,TOYOTA,HIACE,4022,"HIACE IV Van (__H1_, __H2_) 8.1995-12.2012",8.1995,12.2012,completed
3509,TOYOTA,HIACE,3386,HIACE IV Van (_H1_) 8.1989-2.2005,8.1989,2.2005,completed
3510,TOYOTA,HIACE,541,HIACE IV Bus (_H1_) 8.1987-12.2004,8.1987,12.2004,completed
3511,TOYOTA,HIACE,2071,"HIACE III Van (_H5_, _H6_, _H7_, _H8_, _H9_) 12.1982-8.2005",12.1982,8.2005,completed
3512,TOYOTA,HIACE,3983,"HIACE III Bus (_H5_, _H6_, _H7_, _H8_, _H9_) 11.1982-9.2007",11.1982,9.2007,completed
3513,TOYOTA,HIACE,546,"HIACE II Bus (_H11, _H2_, _H3_, _H4_) 2.1977-11.1982",2.1977,11.1982,completed
3514,TOYOTA,HIACE,4021,"HIACE II Van (_H11, _H2_, _H3_, _H4_) 2.1977-3.1983",2.1977,3.1983,completed
3515,TOYOTA,HIACE,40218,HIACE I Bus (_H10) 7.1967-1.1977,7.1967,1.1977,completed
3516,TOYOTA,HIACE,40220,HIACE I Pickup (_H10) 7.1967-1.1977,7.1967,1.1977,completed
3517,TOYOTA,HIACE,40219,HIACE I Van (_H10) 7.1967-1.1977,7.1967,1.1977,completed
3518,TOYOTA,HIACE / COMMUTER,8700,"HIACE / COMMUTER V Bus (TRH2__, KDH2__, LH2__, GDH2__) 8.2004",8.2004,,completed
3519,TOYOTA,HIGHLANDER,40421,"HIGHLANDER (GSU7_, AXUH7_, TXUA7_) 12.2019",12.2019,,completed
3520,TOYOTA,HIGHLANDER / KLUGER,7224,HIGHLANDER / KLUGER (_U2_) 6.2000-12.2010,6.2000,12.2010,completed
3521,TOYOTA,HILUX,14379,HILUX VIII Pickup (_N1_) 5.2015,5.2015,,completed
3522,TOYOTA,HILUX,14798,HILUX VIII Platform/Chassis (_N1_) 5.2015,5.2015,,completed
3523,TOYOTA,HILUX,6944,"HILUX III SUV (_N1_, _N2_) 1.1995-8.2005",1.1995,8.2005,completed
3524,TOYOTA,HILUX,37298,HILUX VI Pickup (_N1_) 8.1994-3.2006,8.1994,3.2006,completed
3525,TOYOTA,HILUX,37296,"HILUX V Pickup (_N8_, _N9_, _N10_, _N11_) 9.1988-8.2001",9.1988,8.2001,completed
3526,TOYOTA,HILUX,7219,HILUX II SUV (_N13_) 8.1988-11.1998,8.1988,11.1998,completed
3527,TOYOTA,HILUX,37286,"HILUX IV Pickup (_N5_, _N6_) 11.1982-11.1998",11.1982,11.1998,completed
3528,TOYOTA,HILUX VIGO,6889,"HILUX VIGO VII Pickup (_N1_, _N2_, _N3_) 8.2004-2.2016",8.2004,2.2016,completed
3529,TOYOTA,IQ,8046,IQ (_J1_) 11.2008-12.2015,11.2008,12.2015,completed
3530,TOYOTA,ISIS,7221,ISIS (_M1_) 7.2004,7.2004,,completed
3531,TOYOTA,IST,6946,IST (NCP6_) 4.2002-7.2007,4.2002,7.2007,completed
3532,TOYOTA,LAND CRUISER,45372,LAND CRUISER (_J25_) 10.2023,10.2023,,completed
3533,TOYOTA,LAND CRUISER,3582,LAND CRUISER Hardtop (_J7_) 11.1984-8.2001,11.1984,8.2001,completed
3534,TOYOTA,LAND CRUISER,203,"LAND CRUISER (_J7_, _JL7_) 3.1984",3.1984,,completed
3535,TOYOTA,LAND CRUISER,3985,LAND CRUISER (_J6_) 8.1980-12.1992,8.1980,12.1992,completed
3536,TOYOTA,LAND CRUISER,4755,"LAND CRUISER (_J4_, _J5_) 8.1967-11.2001",8.1967,11.2001,completed
3537,TOYOTA,LAND CRUISER,4756,LAND CRUISER Pickup (_J4_) 1.1965-11.2001,1.1965,11.2001,completed
3538,TOYOTA,LAND CRUISER,37988,LAND CRUISER Softtop (_J4_) 1.1960-12.1984,1.1960,12.1984,completed
3539,TOYOTA,LAND CRUISER 200,7806,LAND CRUISER 200 (_J2_) 8.2007,8.2007,,completed
3540,TOYOTA,LAND CRUISER 80,198,LAND CRUISER 80 (_J8_) 1.1990-2.2001,1.1990,2.2001,completed
3541,TOYOTA,LAND CRUISER 90,1566,LAND CRUISER 90 (_J9_) 4.1995-12.2003,4.1995,12.2003,completed
3542,TOYOTA,LAND CRUISER AMAZON,3566,LAND CRUISER AMAZON (_J1_) 1.1998-7.2008,1.1998,7.2008,completed
3543,TOYOTA,LAND CRUISER PRADO,8657,LAND CRUISER PRADO (_J15_) 7.2009,7.2009,,completed
3544,TOYOTA,LAND CRUISER PRADO,4978,LAND CRUISER PRADO (_J12_) 9.2002-12.2010,9.2002,12.2010,completed
3545,TOYOTA,LAND CRUISER VAN,38869,LAND CRUISER VAN (_J15_) 1.2011,1.2011,,completed
3546,TOYOTA,LITEACE,4766,LITEACE Bus (_R2_) 1.1992-1.1998,1.1992,1.1998,completed
3547,TOYOTA,LITEACE,4767,LITEACE Van (_R2__V) 1.1992-1.1995,1.1992,1.1995,completed
3548,TOYOTA,LITEACE,2072,"LITEACE Bus (_M3_, _M4_) 9.1985-1.1992",9.1985,1.1992,completed
3549,TOYOTA,LITEACE,227,"LITEACE Van (_M3_, _M4_) 1.1983-4.1998",1.1983,4.1998,completed
3550,TOYOTA,LITEACE,222,LITEACE Van (_M2_) 10.1979-10.1986,10.1979,10.1986,completed
3551,TOYOTA,LITEACE,3387,"LITEACE Wagon (YM2_, CM2_, KM2_) 10.1979-9.1985",10.1979,9.1985,completed
3552,TOYOTA,MARK II,37369,MARK II IX Saloon (_X11_) 10.2000-11.2004,10.2000,11.2004,completed
3553,TOYOTA,MATRIX,10926,MATRIX (_E14_) 1.2008-12.2015,1.2008,12.2015,completed
3554,TOYOTA,MIRAI,13323,MIRAI (JPD1_) 12.2014-5.2020,12.2014,5.2020,completed
3555,TOYOTA,MODEL F,280,"MODEL F (CR2_, YR2_, YR3_) 11.1982-10.1990",11.1982,10.1990,completed
3556,TOYOTA,MR2,4590,MR2 III (ZZW3_) 10.1999-6.2007,10.1999,6.2007,completed
3557,TOYOTA,MR2,3955,MR2 II (SW2_) 12.1989-5.2000,12.1989,5.2000,completed
3558,TOYOTA,MR2,318,MR2 I (AW1_) 6.1984-6.1990,6.1984,6.1990,completed
3559,TOYOTA,NOAH/VOXY,7228,NOAH/VOXY (_R6_) 11.2001-6.2007,11.2001,6.2007,completed
3560,TOYOTA,OPA,7240,"OPA (ZCT1_, ACT1_) 4.2000-4.2005",4.2000,4.2005,completed
3561,TOYOTA,PICNIC,1906,PICNIC (_XM1_) 5.1996-12.2001,5.1996,12.2001,completed
3562,TOYOTA,PREVIA,7134,"ESTIMA III (_R2_, _R5_) 10.2005",10.2005,,completed
3563,TOYOTA,PREVIA,4646,PREVIA II (_R3_) 2.2000-2.2006,2.2000,2.2006,completed
3564,TOYOTA,PREVIA,3437,"PREVIA I (_R1_, _R2_) 1.1990-8.2000",1.1990,8.2000,completed
3565,TOYOTA,PRIUS,44143,PRIUS (_W6_) 1.2023,1.2023,,completed
3566,TOYOTA,PRIUS,38104,PRIUS PHV (_W52_) 1.2016-12.2022,1.2016,12.2022,completed
3567,TOYOTA,PRIUS,14940,PRIUS (_W5_) 9.2015-12.2022,9.2015,12.2022,completed
3568,TOYOTA,PRIUS,8044,PRIUS (_W3_) 6.2008-6.2016,6.2008,6.2016,completed
3569,TOYOTA,PRIUS,5066,PRIUS Liftback (_W2_) 9.2003-1.2010,9.2003,1.2010,completed
3570,TOYOTA,PRIUS,4748,PRIUS Saloon (_W1_) 5.2000-1.2004,5.2000,1.2004,completed
3571,TOYOTA,PRIUS ALPHA,9640,PRIUS PLUS (_W4_) 5.2011,5.2011,,completed
3572,TOYOTA,PRIUS PHV,38104,PRIUS PHV (_W52_) 1.2016-12.2022,1.2016,12.2022,completed
3573,TOYOTA,PRIUS PLUS,9640,PRIUS PLUS (_W4_) 5.2011,5.2011,,completed
3574,TOYOTA,PRIUS PRIME,38104,PRIUS PHV (_W52_) 1.2016-12.2022,1.2016,12.2022,completed
3575,TOYOTA,PRIUS V,9640,PRIUS PLUS (_W4_) 5.2011,5.2011,,completed
3576,TOYOTA,PROACE,36680,PROACE Bus (MPY_) 2.2016,2.2016,,completed
3577,TOYOTA,PROACE,38042,PROACE Platform/Chassis (MDZ_) 2.2016,2.2016,,completed
3578,TOYOTA,PROACE,36673,PROACE Van (MDZ_) 2.2016,2.2016,,completed
3579,TOYOTA,PROACE,11277,PROACE Van (MDX_) 6.2013-3.2016,6.2013,3.2016,completed
3580,TOYOTA,PROACE CITY,40403,PROACE CITY Box Body/MPV (BPZ_) 10.2019,10.2019,,completed
3581,TOYOTA,PROACE CITY VERSO,40405,PROACE CITY VERSO MPV (BKY_) 10.2019,10.2019,,completed
3582,TOYOTA,PROACE MAX,45663,PROACE MAX Platform/Chassis (MFY_) 7.2024,7.2024,,completed
3583,TOYOTA,PROACE MAX,45662,"PROACE MAX Van (MFY_, MFQ_) 7.2024",7.2024,,completed
3584,TOYOTA,PROACE VERSO,38540,PROACE VERSO Bus (MPY_) 2.2016,2.2016,,completed
3585,TOYOTA,RAV 4,39268,"RAV 4 V (_A5_, _H5_) 12.2018",12.2018,,completed
3586,TOYOTA,RAV 4,10996,RAV 4 IV (_A4_) 12.2012-9.2019,12.2012,9.2019,completed
3587,TOYOTA,RAV 4,41669,RAV 4 IV VAN (_A4_) 12.2012,12.2012,,completed
3588,TOYOTA,RAV 4,5508,RAV 4 III (_A3_) 6.2005-8.2014,6.2005,8.2014,completed
3589,TOYOTA,RAV 4,4649,RAV 4 II (_A2_) 5.2000-11.2005,5.2000,11.2005,completed
3590,TOYOTA,RAV 4,3569,RAV 4 I Cabrio (_A1_) 12.1997-6.2000,12.1997,6.2000,completed
3591,TOYOTA,RAV 4,28,RAV 4 I (_A1_) 1.1994-12.2003,1.1994,12.2003,completed
3592,TOYOTA,SOARER,7276,SOARER Coupe (_Z3_) 9.1990-12.2000,9.1990,12.2000,completed
3593,TOYOTA,SOARER,7323,SOARER Coupe (_Z2_) 1.1986-3.1991,1.1986,3.1991,completed
3594,TOYOTA,SOARER,7324,SOARER Coupe (_Z1_) 9.1980-8.1986,9.1980,8.1986,completed
3595,TOYOTA,SOLARA,6270,SOLARA Convertible (_V3_) 10.2003-11.2008,10.2003,11.2008,completed
3596,TOYOTA,SOLARA,6267,SOLARA Coupe (_V2_) 6.1998-12.2003,6.1998,12.2003,completed
3597,TOYOTA,STARLET,3984,STARLET (_P9_) 1.1996-10.1999,1.1996,10.1999,completed
3598,TOYOTA,STARLET,310,STARLET (_P8_) 12.1989-3.1996,12.1989,3.1996,completed
3599,TOYOTA,STARLET,307,STARLET (_P7_) 10.1984-12.1989,10.1984,12.1989,completed
3600,TOYOTA,STARLET,319,STARLET (KP6_) 2.1978-12.1984,2.1978,12.1984,completed
3601,TOYOTA,STARLET,3460,STARLET Estate (KP6_) 2.1978-12.1984,2.1978,12.1984,completed
3602,TOYOTA,STARLET 1000,1699,STARLET 1000 (KP_) 11.1974-8.1978,11.1974,8.1978,completed
3603,TOYOTA,STARLET 1000,2069,STARLET 1000 Kombi (KP_) 11.1974-8.1978,11.1974,8.1978,completed
3604,TOYOTA,SUPRA,39493,SUPRA (DB_) 3.2019,3.2019,,completed
3605,TOYOTA,SUPRA,328,SUPRA (_A8_) 5.1993-7.2002,5.1993,7.2002,completed
3606,TOYOTA,SUPRA,323,SUPRA (_A7_) 1.1986-5.1993,1.1986,5.1993,completed
3607,TOYOTA,TERCEL,7362,TERCEL Hatchback (_L3_) 5.1986-12.1994,5.1986,12.1994,completed
3608,TOYOTA,TERCEL,379,TERCEL (AL2_) 9.1982-1.1988,9.1982,1.1988,completed
3609,TOYOTA,TERCEL,7033,TERCEL Estate (AL2_) 8.1982-12.1988,8.1982,12.1988,completed
3610,TOYOTA,TERCEL,374,"TERCEL (_L1_, _L2_) 3.1979-1.1988",3.1979,1.1988,completed
3611,TOYOTA,TERCEL,7031,TERCEL Saloon (AL1_) 8.1978-4.1982,8.1978,4.1982,completed
3612,TOYOTA,URBAN CRUISER,8253,URBAN CRUISER (_P1_) 7.2007-3.2016,7.2007,3.2016,completed
3613,TOYOTA,VEROSSA,9815,VEROSSA (_X11_) 10.2000-4.2004,10.2000,4.2004,completed
3614,TOYOTA,VERSO,8158,VERSO (_R2_) 4.2009-8.2018,4.2009,8.2018,completed
3615,TOYOTA,VERSO S,9138,VERSO S (_P12_) 11.2010-10.2016,11.2010,10.2016,completed
3616,TOYOTA,VIOS,9047,YARIS / VIOS Saloon (_P9_) 8.2005-12.2013,8.2005,12.2013,completed
3617,TOYOTA,VITZ,9111,YARIS/VITZ (_P13_) 12.2010-6.2020,12.2010,6.2020,completed
3618,TOYOTA,WIGO,5442,AYGO (_B1_) 2.2005-5.2014,2.2005,5.2014,completed
3619,TOYOTA,WILL CYPHA,6686,WILL CYPHA I (NCP7_) 5.2001-7.2005,5.2001,7.2005,completed
3620,TOYOTA,WiLL Vi,11516,WiLL Vi I (NCP19_) 1.2000-12.2001,1.2000,12.2001,completed
3621,TOYOTA,WINDOM,6691,WINDOM (_V3_) 8.2001-3.2006,8.2001,3.2006,completed
3622,TOYOTA,WINDOM,6690,WINDOM (_V2_) 10.1996-7.2001,10.1996,7.2001,completed
3623,TOYOTA,WISH,6692,WISH MPV (_E1_) 1.2003-3.2009,1.2003,3.2009,completed
3624,TOYOTA,YARIS,40954,"YARIS (_P21_, _PA1_, _PH1_) 2.2020",2.2020,,completed
3625,TOYOTA,YARIS,11610,YARIS (_P15_) 10.2013,10.2013,,completed
3626,TOYOTA,YARIS,39056,YARIS Hatchback Van (_P13_) 10.2012-6.2020,10.2012,6.2020,completed
3627,TOYOTA,YARIS,9111,YARIS/VITZ (_P13_) 12.2010-6.2020,12.2010,6.2020,completed
3628,TOYOTA,YARIS,9047,YARIS / VIOS Saloon (_P9_) 8.2005-12.2013,8.2005,12.2013,completed
3629,TOYOTA,YARIS / VIOS,9047,YARIS / VIOS Saloon (_P9_) 8.2005-12.2013,8.2005,12.2013,completed
3630,TOYOTA,YARIS CROSS,41056,YARIS CROSS (MXP_) 9.2020,9.2020,,completed
3631,TOYOTA,YARIS VERSO,4419,YARIS VERSO (_P2_) 8.1999-9.2005,8.1999,9.2005,completed
3632,TOYOTA,YARIS VERSO VAN,38922,YARIS VERSO VAN (_P2_) 3.2000-9.2005,3.2000,9.2005,completed
3633,TOYOTA,YARIS/VITZ,9111,YARIS/VITZ (_P13_) 12.2010-6.2020,12.2010,6.2020,completed
3634,TOYOTA,YARIS/VITZ,5499,YARIS/VITZ (_P9_) 1.2005-12.2014,1.2005,12.2014,completed
3635,TOYOTA,YARIS/VITZ,3996,YARIS/VITZ (_P1_) 1.1999-12.2005,1.1999,12.2005,completed
3636,TRIUMPH,1300,1754,1300 I 1.1965-12.1970,1.1965,12.1970,completed
3637,TRIUMPH,1500,1764,1500 I 1.1970-12.1977,1.1970,12.1977,completed
3638,TRIUMPH,2.5 PI,1762,2.5 PI MK I 1.1968-12.1975,1.1968,12.1975,completed
3639,TRIUMPH,2.5 PI,1775,2.5 PI MK I Estate 1.1968-12.1975,1.1968,12.1975,completed
3640,TRIUMPH,2000,3585,2000 MKII 3.1972-12.1977,3.1972,12.1977,completed
3641,TRIUMPH,2000,3586,2000 MKII Estate 3.1972-12.1975,3.1972,12.1975,completed
3642,TRIUMPH,2000,1757,2000 MK I 1.1968-3.1972,1.1968,3.1972,completed
3643,TRIUMPH,2000,1774,2000 MK I Estate 1.1968-12.1975,1.1968,12.1975,completed
3644,TRIUMPH,2500,1767,2500 5.1974-12.1977,5.1974,12.1977,completed
3645,TRIUMPH,2500,1777,2500 Estate 5.1974-12.1979,5.1974,12.1979,completed
3646,TRIUMPH,ACCLAIM,274,ACCLAIM (XD) 10.1981-12.1985,10.1981,12.1985,completed
3647,TRIUMPH,ADVENTURER,44488,ADVENTURER,,,completed
3648,TRIUMPH,AMERICA,12659,AMERICA,,,completed
3649,TRIUMPH,BONNEVILLE,12660,BONNEVILLE,,,completed
3650,TRIUMPH,DAYTONA,12661,DAYTONA,,,completed
3651,TRIUMPH,DOLOMITE,1766,"DOLOMITE (W, TW) 1.1972-12.1981",1.1972,12.1981,completed
3652,TRIUMPH,GT6,1755,GT6 I 1.1966-12.1973,1.1966,12.1973,completed
3653,TRIUMPH,HERALD,1753,HERALD (1GET) 1.1961-12.1971,1.1961,12.1971,completed
3654,TRIUMPH,HERALD,3924,HERALD Convertible (1RET) 1.1961-12.1971,1.1961,12.1971,completed
3655,TRIUMPH,HERALD,1772,HERALD Estate (1EET) 1.1961-12.1971,1.1961,12.1971,completed
3656,TRIUMPH,ITALIA,1771,ITALIA 1.1959-12.1963,1.1959,12.1963,completed
3657,TRIUMPH,LEGEND,12662,LEGEND,,,completed
3658,TRIUMPH,ROCKET,12663,ROCKET,,,completed
3659,TRIUMPH,SCRAMBLER,12664,SCRAMBLER,,,completed
3660,TRIUMPH,SPEED,12665,SPEED,,,completed
3661,TRIUMPH,SPEEDMASTER,12666,SPEEDMASTER,,,completed
3662,TRIUMPH,SPITFIRE,41754,SPITFIRE MK IV (FD) 12.1970-11.1974,12.1970,11.1974,completed
3663,TRIUMPH,SPITFIRE,41753,SPITFIRE MK III (FD) 9.1966-11.1970,9.1966,11.1970,completed
3664,TRIUMPH,SPITFIRE,41752,SPITFIRE MK II (FD) 12.1964-1.1967,12.1964,1.1967,completed
3665,TRIUMPH,SPITFIRE,298,SPITFIRE 1500 (FM) 10.1962-1.1980,10.1962,1.1980,completed
3666,TRIUMPH,SPITFIRE,41751,SPITFIRE MK I (FC) 10.1962-12.1965,10.1962,12.1965,completed
3667,TRIUMPH,SPRINT,12667,SPRINT,,,completed
3668,TRIUMPH,STAG,1765,STAG (LD) 1.1970-12.1977,1.1970,12.1977,completed
3669,TRIUMPH,STREET,12668,STREET,,,completed
3670,TRIUMPH,STREET CUP,37101,STREET CUP,,,completed
3671,TRIUMPH,THRUXTON,12669,THRUXTON,,,completed
3672,TRIUMPH,THUNDERBIRD,12670,THUNDERBIRD,,,completed
3673,TRIUMPH,TIGER,12671,TIGER ( - 999cc),,,completed
3674,TRIUMPH,TOLEDO,1763,"TOLEDO (ADM, ADF) 1.1970-12.1977",1.1970,12.1977,completed
3675,TRIUMPH,TR 2,1768,TR 2 I 1.1953-12.1955,1.1953,12.1955,completed
3676,TRIUMPH,TR 3,1758,TR 3 I 1.1955-12.1957,1.1955,12.1957,completed
3677,TRIUMPH,TR 3A,1769,TR 3A I 12.1957-12.1961,12.1957,12.1961,completed
3678,TRIUMPH,TR 4,1759,TR 4 I 9.1960-12.1965,9.1960,12.1965,completed
3679,TRIUMPH,TR 4A,1770,TR 4A 9.1964-12.1968,9.1964,12.1968,completed
3680,TRIUMPH,TR 5,1760,TR 5 (250) 1.1967-12.1969,1.1967,12.1969,completed
3681,TRIUMPH,TR 6,416,TR 6 I 1.1969-12.1976,1.1969,12.1976,completed
3682,TRIUMPH,TR 7,420,TR 7 II 1.1979-12.1982,1.1979,12.1982,completed
3683,TRIUMPH,TR 7,424,TR 7 I Coupe 1.1975-12.1981,1.1975,12.1981,completed
3684,TRIUMPH,TR 8,1761,TR 8 9.1979-12.1981,9.1979,12.1981,completed
3685,TRIUMPH,TRIDENT,12672,TRIDENT,,,completed
3686,TRIUMPH,TROPHY,12673,TROPHY,,,completed
3687,TRIUMPH,TT,12674,TT,,,completed
3688,TRIUMPH,VITESSE,1773,VITESSE Cabriolet (HBC) 1.1961-12.1971,1.1961,12.1971,completed
3689,TRIUMPH,VITESSE,1756,VITESSE I 1.1961-12.1971,1.1961,12.1971,completed
3690,VAUXHALL,ADAM,10640,ADAM (M13) 10.2012-4.2019,10.2012,4.2019,completed
3691,VAUXHALL,AGILA,7542,AGILA Mk II (B) (H08) 1.2008-11.2014,1.2008,11.2014,completed
3692,VAUXHALL,AGILA,4633,AGILA Mk I (A) (H00) 2.2000-3.2008,2.2000,3.2008,completed
3693,VAUXHALL,AMPERA,9551,AMPERA (R12) 3.2012,3.2012,,completed
3694,VAUXHALL,ANTARA,5624,ANTARA A (L07) 8.2006-4.2015,8.2006,4.2015,completed
3695,VAUXHALL,ARENA,4763,ARENA Combi (A97) 1.1997-8.2001,1.1997,8.2001,completed
3696,VAUXHALL,ARENA,3415,ARENA Van (A97) 1.1997-8.2001,1.1997,8.2001,completed
3697,VAUXHALL,ASTRA,42685,ASTRA Mk VIII (L) 10.2021,10.2021,,completed
3698,VAUXHALL,ASTRA,42686,ASTRA Mk VIII (L) Sports Tourer 10.2021,10.2021,,completed
3699,VAUXHALL,ASTRA,14895,ASTRA Mk VII (K) Estate (B16) 7.2015-12.2021,7.2015,12.2021,completed
3700,VAUXHALL,ASTRA,14526,ASTRA Mk VII (K) (B16) 6.2015-12.2021,6.2015,12.2021,completed
3701,VAUXHALL,ASTRA,9709,ASTRA Mk VI (J) GTC (P10) 10.2011-10.2018,10.2011,10.2018,completed
3702,VAUXHALL,ASTRA,9036,ASTRA Mk VI (J) Estate (P10) 10.2010-10.2015,10.2010,10.2015,completed
3703,VAUXHALL,ASTRA,8301,ASTRA Mk VI (J) (P10) 12.2009-10.2015,12.2009,10.2015,completed
3704,VAUXHALL,ASTRA,5519,ASTRA Mk V (H) TwinTop (A04) 9.2005-8.2011,9.2005,8.2011,completed
3705,VAUXHALL,ASTRA,5531,ASTRA Mk V (H) Sport Hatch (A04) 2.2005-11.2010,2.2005,11.2010,completed
3706,VAUXHALL,ASTRA,5475,ASTRA Mk V (H) Estate (A04) 8.2004-10.2012,8.2004,10.2012,completed
3707,VAUXHALL,ASTRA,5148,ASTRA Mk V (H) (A04) 1.2004-3.2011,1.2004,3.2011,completed
3708,VAUXHALL,ASTRA,4798,ASTRA Mk IV (G) Convertible (T98) 3.2001-10.2005,3.2001,10.2005,completed
3709,VAUXHALL,ASTRA,4204,ASTRA Mk IV (G) Coupe (T98) 3.2000-8.2005,3.2000,8.2005,completed
3710,VAUXHALL,ASTRA,3978,ASTRA Mk IV (G) Estate (T98) 2.1998-5.2005,2.1998,5.2005,completed
3711,VAUXHALL,ASTRA,3976,ASTRA Mk IV (G) Hatchback (T98) 2.1998-5.2005,2.1998,5.2005,completed
3712,VAUXHALL,ASTRA,3977,ASTRA Mk IV (G) Saloon (T98) 2.1998-5.2005,2.1998,5.2005,completed
3713,VAUXHALL,ASTRA,3980,ASTRA Mk III (F) Convertible (T92) 9.1991-3.2001,9.1991,3.2001,completed
3714,VAUXHALL,ASTRA,1521,ASTRA Mk III (F) Hatchback (T92) 9.1991-2.1998,9.1991,2.1998,completed
3715,VAUXHALL,ASTRA,3979,ASTRA Mk III (F) Saloon (T92) 9.1991-9.1998,9.1991,9.1998,completed
3716,VAUXHALL,ASTRA,1522,ASTRA Mk III (F) Estate (T92) 3.1991-12.1998,3.1991,12.1998,completed
3717,VAUXHALL,ASTRA,4400,ASTRA Mk II Convertible (T85) 1.1987-9.1993,1.1987,9.1993,completed
3718,VAUXHALL,ASTRA,1523,ASTRA Mk II Belmont (T85) 9.1985-12.1991,9.1985,12.1991,completed
3719,VAUXHALL,ASTRA,3486,ASTRA Mk II Estate (T85) 9.1984-8.1991,9.1984,8.1991,completed
3720,VAUXHALL,ASTRA,1520,ASTRA Mk II Hatchback (T85) 9.1984-8.1991,9.1984,8.1991,completed
3721,VAUXHALL,ASTRA,1519,ASTRA Estate 9.1979-8.1986,9.1979,8.1986,completed
3722,VAUXHALL,ASTRA,1518,ASTRA Hatchback 9.1979-8.1986,9.1979,8.1986,completed
3723,VAUXHALL,ASTRAMAX,4439,ASTRAMAX (T85) 8.1985-10.1994,8.1985,10.1994,completed
3724,VAUXHALL,ASTRAVAN,7600,ASTRAVAN Mk V (H) Estate Van (A04) 3.2005,3.2005,,completed
3725,VAUXHALL,ASTRAVAN,4441,ASTRAVAN Mk IV (G) Estate Van (T98) 1.1993-8.2006,1.1993,8.2006,completed
3726,VAUXHALL,ASTRAVAN,4440,ASTRAVAN Mk III (F) Estate Van (T92) 1.1991-8.1998,1.1991,8.1998,completed
3727,VAUXHALL,BRAVA,1524,"BRAVA Pickup (TF0, TF1) 12.1988-12.2002",12.1988,12.2002,completed
3728,VAUXHALL,CALIBRA,1525,CALIBRA (C89) 6.1990-7.1997,6.1990,7.1997,completed
3729,VAUXHALL,CARLTON,1529,CARLTON Mk III Estate (V87) 9.1986-3.1994,9.1986,3.1994,completed
3730,VAUXHALL,CARLTON,1528,CARLTON Mk III Saloon (V87) 9.1986-3.1994,9.1986,3.1994,completed
3731,VAUXHALL,CARLTON,1526,CARLTON Mk II Saloon 10.1978-8.1986,10.1978,8.1986,completed
3732,VAUXHALL,CARLTON,1527,CARLTON Mk II Estate 9.1977-8.1986,9.1977,8.1986,completed
3733,VAUXHALL,CASCADA,10971,CASCADA Convertible (W13) 2.2013,2.2013,,completed
3734,VAUXHALL,CAVALIER,2031,CAVALIER Mk III Hatchback (J89) 9.1988-11.1995,9.1988,11.1995,completed
3735,VAUXHALL,CAVALIER,1532,CAVALIER Mk III Saloon (J89) 8.1988-11.1995,8.1988,11.1995,completed
3736,VAUXHALL,CAVALIER,4426,CAVALIER Mk II Convertible (J82) 8.1984-10.1988,8.1984,10.1988,completed
3737,VAUXHALL,CAVALIER,1534,CAVALIER Mk II Estate (J82) 9.1981-8.1988,9.1981,8.1988,completed
3738,VAUXHALL,CAVALIER,2030,CAVALIER Mk II Hatchback (J82) 9.1981-8.1988,9.1981,8.1988,completed
3739,VAUXHALL,CAVALIER,1531,CAVALIER Mk II Saloon (J82) 9.1981-8.1988,9.1981,8.1988,completed
3740,VAUXHALL,CAVALIER,1533,CAVALIER Coupe 8.1975-8.1981,8.1975,8.1981,completed
3741,VAUXHALL,CAVALIER,1530,CAVALIER 3.1975-8.1981,3.1975,8.1981,completed
3742,VAUXHALL,CAVALIER CC,4412,CAVALIER CC 3.1975-8.1981,3.1975,8.1981,completed
3743,VAUXHALL,CHEVETTE,1535,CHEVETTE Estate 3.1975-12.1985,3.1975,12.1985,completed
3744,VAUXHALL,CHEVETTE,1942,CHEVETTE Hatchback 3.1975-12.1985,3.1975,12.1985,completed
3745,VAUXHALL,CHEVETTE,3949,CHEVETTE Saloon 9.1974-12.1985,9.1974,12.1985,completed
3746,VAUXHALL,COMBO,39441,COMBO Mk IV (E) Box Body/MPV (K9) 6.2018,6.2018,,completed
3747,VAUXHALL,COMBO,38891,COMBO Mk IV (E) Life (K9) 6.2018,6.2018,,completed
3748,VAUXHALL,COMBO,9743,COMBO Mk III (D) Box Body/MPV (X12) 11.2011,11.2011,,completed
3749,VAUXHALL,COMBO,4819,COMBO Mk II (C) Box Body/MPV (F25) 9.2001-2.2012,9.2001,2.2012,completed
3750,VAUXHALL,COMBO,1938,COMBO Mk I (B) (S93) 7.1994-10.2001,7.1994,10.2001,completed
3751,VAUXHALL,COMBO TOUR,10202,COMBO TOUR Mk II (C) (F25) 9.2001-2.2012,9.2001,2.2012,completed
3752,VAUXHALL,CORSA,40189,CORSA Mk V (F) 7.2019,7.2019,,completed
3753,VAUXHALL,CORSA,13083,CORSA Mk IV (E) (X15) 8.2014,8.2014,,completed
3754,VAUXHALL,CORSA,6413,CORSA Mk III (D) (S07) 7.2006-8.2014,7.2006,8.2014,completed
3755,VAUXHALL,CORSA,4658,CORSA Mk II (C) (X01) 8.2000-4.2007,8.2000,4.2007,completed
3756,VAUXHALL,CORSA,1929,CORSA Mk I (B) (S93) 12.1992-9.2000,12.1992,9.2000,completed
3757,VAUXHALL,CORSAVAN,13559,CORSAVAN Mk IV (E) Hatchback Van (X15) 10.2014,10.2014,,completed
3758,VAUXHALL,CORSAVAN,8759,CORSAVAN Mk III (D) Hatchback Van (S07) 7.2006,7.2006,,completed
3759,VAUXHALL,CORSAVAN,4815,CORSAVAN Mk II (C) Hatchback Van (X01) 9.2000-11.2006,9.2000,11.2006,completed
3760,VAUXHALL,CORSAVAN,4445,CORSAVAN Mk I (B) Hatchback Van (S93) 1.1994-9.2000,1.1994,9.2000,completed
3761,VAUXHALL,CRESTA,4427,CRESTA Saloon 1.1964-10.1972,1.1964,10.1972,completed
3762,VAUXHALL,CROSSLAND X / CROSSLAND,37779,CROSSLAND X / CROSSLAND (P17) 3.2017,3.2017,,completed
3763,VAUXHALL,FIRENZA,4420,FIRENZA Coupe 1.1971-8.1978,1.1971,8.1978,completed
3764,VAUXHALL,FRONTERA,3947,FRONTERA Mk II (B) (U99) 10.1998-10.2004,10.1998,10.2004,completed
3765,VAUXHALL,FRONTERA,1935,FRONTERA Mk I (A) Sport (U92) 3.1992-10.1998,3.1992,10.1998,completed
3766,VAUXHALL,FRONTERA,1936,FRONTERA Mk I (A) (U92) 9.1991-10.1998,9.1991,10.1998,completed
3767,VAUXHALL,GRANDLAND X / GRANDLAND,38108,GRANDLAND X / GRANDLAND (A18) 6.2017,6.2017,,completed
3768,VAUXHALL,INSIGNIA,38231,INSIGNIA Mk II (B) Country Tourer (Z18) 3.2017,3.2017,,completed
3769,VAUXHALL,INSIGNIA,37812,INSIGNIA Mk II (B) Hatchback (Z18) 3.2017,3.2017,,completed
3770,VAUXHALL,INSIGNIA,37813,INSIGNIA Mk II (B) Sports Tourer (Z18) 3.2017,3.2017,,completed
3771,VAUXHALL,INSIGNIA,38230,INSIGNIA Mk I (A) Country Tourer (G09) 7.2008-5.2017,7.2008,5.2017,completed
3772,VAUXHALL,INSIGNIA,7862,INSIGNIA Mk I (A) Hatchback (G09) 7.2008-5.2017,7.2008,5.2017,completed
3773,VAUXHALL,INSIGNIA,7599,INSIGNIA Mk I (A) Saloon (G09) 7.2008-5.2017,7.2008,5.2017,completed
3774,VAUXHALL,INSIGNIA,7863,INSIGNIA Mk I (A) Sports Tourer (G09) 7.2008-5.2017,7.2008,5.2017,completed
3775,VAUXHALL,MAGNUM,4429,MAGNUM Coupe 1.1973-10.1978,1.1973,10.1978,completed
3776,VAUXHALL,MAGNUM,1538,MAGNUM Estate 1.1973-1.1981,1.1973,1.1981,completed
3777,VAUXHALL,MAGNUM,1537,MAGNUM Saloon 1.1973-1.1981,1.1973,1.1981,completed
3778,VAUXHALL,MERIVA,8754,MERIVA Mk II (B) (S10) 6.2010-3.2017,6.2010,3.2017,completed
3779,VAUXHALL,MERIVA,5008,MERIVA A (X03) 1.2003-6.2010,1.2003,6.2010,completed
3780,VAUXHALL,MIDI,5156,MIDI II Bus (MID) 6.1988-8.1997,6.1988,8.1997,completed
3781,VAUXHALL,MIDI,5155,MIDI Bus (MID) 9.1984-6.1988,9.1984,6.1988,completed
3782,VAUXHALL,MOKKA,40943,MOKKA 6.2020,6.2020,,completed
3783,VAUXHALL,MOKKA / MOKKA X,10325,MOKKA / MOKKA X (J13) 6.2012,6.2012,,completed
3784,VAUXHALL,MONARO,7543,"MONARO (VY, VZ) 1.2004-4.2007",1.2004,4.2007,completed
3785,VAUXHALL,MONTEREY,3948,MONTEREY Mk II (M98) 7.1998-8.1999,7.1998,8.1999,completed
3786,VAUXHALL,MONTEREY,1937,MONTEREY (M92) 9.1991-7.1998,9.1991,7.1998,completed
3787,VAUXHALL,MOVANO,8976,MOVANO Mk II (B) Chassis/Cab (X62) 5.2010-12.2021,5.2010,12.2021,completed
3788,VAUXHALL,MOVANO,9597,MOVANO Mk II (B) Combi (X62) 5.2010-12.2021,5.2010,12.2021,completed
3789,VAUXHALL,MOVANO,8760,MOVANO Mk II (B) VAN (X62) 5.2010-12.2021,5.2010,12.2021,completed
3790,VAUXHALL,MOVANO,4593,MOVANO Mk I (A) Chassis/Cab (X70) 10.1998-12.2010,10.1998,12.2010,completed
3791,VAUXHALL,MOVANO,4592,MOVANO Mk I (A) Combi (X70) 10.1998-5.2010,10.1998,5.2010,completed
3792,VAUXHALL,MOVANO,4442,MOVANO Mk I (A) Van (X70) 10.1998-12.2010,10.1998,12.2010,completed
3793,VAUXHALL,NOVA,1536,NOVA Hatchback (S83) 5.1983-3.1993,5.1983,3.1993,completed
3794,VAUXHALL,NOVA,1928,NOVA Saloon (S83) 9.1982-12.1993,9.1982,12.1993,completed
3795,VAUXHALL,NOVAVAN,4444,NOVAVAN Hatchback Van (S83) 1.1990-10.1994,1.1990,10.1994,completed
3796,VAUXHALL,OMEGA,1931,OMEGA (B) Estate (V94) 12.1993-6.2003,12.1993,6.2003,completed
3797,VAUXHALL,OMEGA,1930,OMEGA (B) Saloon (V94) 12.1993-7.2003,12.1993,7.2003,completed
3798,VAUXHALL,ROYALE,1933,ROYALE 2.1978-8.1987,2.1978,8.1987,completed
3799,VAUXHALL,ROYALE,2032,ROYALE Coupe 2.1978-8.1986,2.1978,8.1986,completed
3800,VAUXHALL,SENATOR,1932,SENATOR Mk II (B) (V88) 9.1987-9.1993,9.1987,9.1993,completed
3801,VAUXHALL,SENATOR,4411,SENATOR 2.1978-8.1987,2.1978,8.1987,completed
3802,VAUXHALL,SIGNUM,5006,SIGNUM (Z03) 3.2003-10.2008,3.2003,10.2008,completed
3803,VAUXHALL,SINTRA,3384,SINTRA (APV) 9.1996-4.1999,9.1996,4.1999,completed
3804,VAUXHALL,TIGRA,5154,TIGRA TwinTop (X04) 6.2004-8.2009,6.2004,8.2009,completed
3805,VAUXHALL,TIGRA,1934,TIGRA Mk I (S93) 7.1994-12.2000,7.1994,12.2000,completed
3806,VAUXHALL,VECTRA,5152,VECTRA Mk II (C) Estate (Z02) 10.2003-5.2009,10.2003,5.2009,completed
3807,VAUXHALL,VECTRA,4873,VECTRA Mk II (C) GTS (Z02) 8.2002-5.2009,8.2002,5.2009,completed
3808,VAUXHALL,VECTRA,4872,VECTRA Mk II (C) (Z02) 1.2000-10.2008,1.2000,10.2008,completed
3809,VAUXHALL,VECTRA,3383,VECTRA (B) Estate (J96) 8.1995-3.2002,8.1995,3.2002,completed
3810,VAUXHALL,VECTRA,3382,VECTRA (B) Hatchback (J96) 8.1995-7.2003,8.1995,7.2003,completed
3811,VAUXHALL,VECTRA,3381,VECTRA (B) Saloon (J96) 8.1995-3.2002,8.1995,3.2002,completed
3812,VAUXHALL,VELOX,4431,VELOX Estate (PB) 3.1964-10.1972,3.1964,10.1972,completed
3813,VAUXHALL,VELOX,4430,VELOX Saloon (PB) 3.1964-10.1972,3.1964,10.1972,completed
3814,VAUXHALL,VENTORA,4432,VENTORA Saloon 3.1968-10.1976,3.1968,10.1976,completed
3815,VAUXHALL,VICEROY,4433,VICEROY Saloon 1.1980-10.1982,1.1980,10.1982,completed
3816,VAUXHALL,VICTOR,4435,VICTOR Estate 3.1968-10.1976,3.1968,10.1976,completed
3817,VAUXHALL,VICTOR,4434,VICTOR 1.1967-10.1976,1.1967,10.1976,completed
3818,VAUXHALL,VISCOUNT,4436,VISCOUNT 1.1966-10.1972,1.1966,10.1972,completed
3819,VAUXHALL,VIVA,13820,VIVA (C16) 1.2015-3.2019,1.2015,3.2019,completed
3820,VAUXHALL,VIVA,4423,VIVA Coupe 9.1966-10.1975,9.1966,10.1975,completed
3821,VAUXHALL,VIVA,4422,VIVA Estate 1.1965-10.1979,1.1965,10.1979,completed
3822,VAUXHALL,VIVA,4421,VIVA 1.1963-10.1979,1.1963,10.1979,completed
3823,VAUXHALL,VIVARO,39895,VIVARO C Platform Cabin (K0) 3.2019,3.2019,,completed
3824,VAUXHALL,VIVARO,39893,VIVARO C Van (K0) 3.2019,3.2019,,completed
3825,VAUXHALL,VIVARO,12810,VIVARO B Bus (X82) 5.2014,5.2014,,completed
3826,VAUXHALL,VIVARO,12811,VIVARO B Platform/Chassis (X82) 5.2014,5.2014,,completed
3827,VAUXHALL,VIVARO,12809,VIVARO B Van (X82) 5.2014,5.2014,,completed
3828,VAUXHALL,VIVARO,7526,VIVARO A Platform/Chassis (X83) 4.2003-7.2014,4.2003,7.2014,completed
3829,VAUXHALL,VIVARO,4761,VIVARO A Bus (X83) 8.2001-7.2014,8.2001,7.2014,completed
3830,VAUXHALL,VIVARO,4762,VIVARO A Van (X83) 8.2001-7.2014,8.2001,7.2014,completed
3831,VAUXHALL,VIVARO LIFE,39825,VIVARO LIFE Bus (K0) 3.2019,3.2019,,completed
3832,VAUXHALL,VX,4425,VX Estate 1.1976-10.1978,1.1976,10.1978,completed
3833,VAUXHALL,VX,4424,VX Saloon 1.1969-10.1978,1.1969,10.1978,completed
3834,VAUXHALL,VX220,4679,VX220 Convertible (E01) 9.2000-7.2005,9.2000,7.2005,completed
3835,VAUXHALL,VXR8,7544,VXR8 Saloon (E) 2.2007,2.2007,,completed
3836,VAUXHALL,VXR8 MALOO,10525,VXR8 MALOO (E) 4.2008,4.2008,,completed
3837,VAUXHALL,ZAFIRA,9738,ZAFIRA TOURER Mk III (P12) 10.2011-3.2019,10.2011,3.2019,completed
3838,VAUXHALL,ZAFIRA,5518,ZAFIRA Mk II (B) (A05) 4.2005-11.2014,4.2005,11.2014,completed
3839,VAUXHALL,ZAFIRA,4192,ZAFIRA A (T98) 11.1998-8.2005,11.1998,8.2005,completed
3840,VOLVO,140,385,"140 (142, 144) 8.1966-8.1975",8.1966,8.1975,completed
3841,VOLVO,140,1622,140 Estate (145) 8.1966-2.1975,8.1966,2.1975,completed
3842,VOLVO,164,1623,164 (164) 8.1968-4.1975,8.1968,4.1975,completed
3843,VOLVO,240,211,"240 (P242, P244) 8.1974-12.1993",8.1974,12.1993,completed
3844,VOLVO,240,215,240 Kombi (P245) 8.1974-12.1993,8.1974,12.1993,completed
3845,VOLVO,260,2073,260 Coupe (P262) 9.1975-12.1985,9.1975,12.1985,completed
3846,VOLVO,260,1633,260 Estate (P265) 7.1975-7.1982,7.1975,7.1982,completed
3847,VOLVO,260,228,"260 (P262, P264) 8.1974-7.1982",8.1974,7.1982,completed
3848,VOLVO,340-360,370,340-360 Saloon (344) 8.1979-7.1991,8.1979,7.1991,completed
3849,VOLVO,340-360,375,"340-360 (343, 345) 8.1975-7.1991",8.1975,7.1991,completed
3850,VOLVO,440,1634,440 (445) 8.1988-12.1996,8.1988,12.1996,completed
3851,VOLVO,460,417,460 (464) 9.1988-12.1996,9.1988,12.1996,completed
3852,VOLVO,480,429,480 (482) 4.1986-7.1996,4.1986,7.1996,completed
3853,VOLVO,66,1619,66 Estate (64) 10.1975-11.1979,10.1975,11.1979,completed
3854,VOLVO,66,3438,"66 (31, 36) 8.1975-8.1978",8.1975,8.1978,completed
3855,VOLVO,740,3453,740 Kombi (745) 8.1984-12.1992,8.1984,12.1992,completed
3856,VOLVO,740,553,740 (744) 4.1983-12.1992,4.1983,12.1992,completed
3857,VOLVO,760,567,"760 Kombi (704, 765) 1.1982-7.1992",1.1982,7.1992,completed
3858,VOLVO,760,562,"760 (704, 764) 8.1981-7.1992",8.1981,7.1992,completed
3859,VOLVO,780,1639,780 (782) 4.1986-11.1990,4.1986,11.1990,completed
3860,VOLVO,850,57,850 Estate (855) 4.1992-10.1997,4.1992,10.1997,completed
3861,VOLVO,850,3925,850 (854) 6.1991-10.1997,6.1991,10.1997,completed
3862,VOLVO,940,197,940 II (944) 8.1994-12.1998,8.1994,12.1998,completed
3863,VOLVO,940,201,940 II Estate (945) 9.1990-10.1998,9.1990,10.1998,completed
3864,VOLVO,940,193,940 (944) 8.1990-3.1995,8.1990,3.1995,completed
3865,VOLVO,940,3926,940 Kombi (945) 8.1990-10.1995,8.1990,10.1995,completed
3866,VOLVO,960,220,960 II (964) 7.1994-12.1996,7.1994,12.1996,completed
3867,VOLVO,960,225,960 II Estate (965) 7.1994-12.1996,7.1994,12.1996,completed
3868,VOLVO,960,216,960 (964) 8.1990-7.1994,8.1990,7.1994,completed
3869,VOLVO,960,229,960 Kombi (965) 8.1990-7.1994,8.1990,7.1994,completed
3870,VOLVO,C30,5610,C30 (533) 9.2006-12.2013,9.2006,12.2013,completed
3871,VOLVO,C40,42573,C40 (539) 10.2021-12.2024,10.2021,12.2024,completed
3872,VOLVO,C70,5568,C70 II Convertible (542) 3.2006-12.2013,3.2006,12.2013,completed
3873,VOLVO,C70,3559,C70 I Convertible (873) 3.1998-10.2005,3.1998,10.2005,completed
3874,VOLVO,C70,1989,C70 I Coupe (872) 3.1997-9.2002,3.1997,9.2002,completed
3875,VOLVO,EC40,45214,EC40 (539) 4.2024,4.2024,,completed
3876,VOLVO,EX30,44393,EX30 (416) 6.2023,6.2023,,completed
3877,VOLVO,EX40,45215,EX40 (536) 4.2024,4.2024,,completed
3878,VOLVO,EX90,43843,EX90 (356) 11.2022,11.2022,,completed
3879,VOLVO,P 121,1617,P 121 5.1959-5.1971,5.1959,5.1971,completed
3880,VOLVO,P 122 S AMAZON,1618,P 122 S AMAZON 5.1959-5.1971,5.1959,5.1971,completed
3881,VOLVO,P 122 S AMAZON,2068,"P 122 S AMAZON Estate (120, 121) 5.1959-5.1971",5.1959,5.1971,completed
3882,VOLVO,P 1800,1624,P 1800 (P18) 4.1962-11.1973,4.1962,11.1973,completed
3883,VOLVO,P 210 DUETT,1638,"P 210 DUETT (P211, P212) 5.1960-7.1967",5.1960,7.1967,completed
3884,VOLVO,P 2200,1625,P 2200 Estate (P210) 9.1964-8.1967,9.1964,8.1967,completed
3885,VOLVO,PV 544,1635,PV 544 (P11) 8.1958-7.1967,8.1958,7.1967,completed
3886,VOLVO,S40,5089,S40 II (544) 12.2003-12.2012,12.2003,12.2012,completed
3887,VOLVO,S40,1513,S40 I (644) 7.1995-12.2004,7.1995,12.2004,completed
3888,VOLVO,S60,39574,S60 III (224) 2.2019,2.2019,,completed
3889,VOLVO,S60,43013,S60 II Cross Country (134) 3.2015-12.2018,3.2015,12.2018,completed
3890,VOLVO,S60,8616,S60 II (134) 4.2010-12.2019,4.2010,12.2019,completed
3891,VOLVO,S60,4696,S60 I (384) 7.2000-4.2010,7.2000,4.2010,completed
3892,VOLVO,S70,3499,S70 (874) 11.1996-11.2000,11.1996,11.2000,completed
3893,VOLVO,S80,5520,S80 II (124) 3.2006-12.2016,3.2006,12.2016,completed
3894,VOLVO,S80,3550,S80 I (184) 5.1998-2.2008,5.1998,2.2008,completed
3895,VOLVO,S90,36541,S90 II (234) 1.2016,1.2016,,completed
3896,VOLVO,S90,1821,S90 I (964) 11.1996-12.1998,11.1996,12.1998,completed
3897,VOLVO,V40,42985,V40 Cross Country (526) 10.2012-8.2019,10.2012,8.2019,completed
3898,VOLVO,V40,10251,V40 Hatchback (525) 3.2012-8.2019,3.2012,8.2019,completed
3899,VOLVO,V40,1514,V40 Estate (645) 7.1995-6.2004,7.1995,6.2004,completed
3900,VOLVO,V50,5090,V50 (545) 12.2003-12.2012,12.2003,12.2012,completed
3901,VOLVO,V60,38603,V60 II (225) 2.2018,2.2018,,completed
3902,VOLVO,V60,43021,V60 II Cross Country (227) 2.2018-12.2024,2.2018,12.2024,completed
3903,VOLVO,V60,43018,V60 I Cross Country (157) 9.2010-12.2018,9.2010,12.2018,completed
3904,VOLVO,V60,9124,V60 I (155) 7.2010-12.2018,7.2010,12.2018,completed
3905,VOLVO,V70,39037,V70 III Estate Van (135) 9.2013-12.2015,9.2013,12.2015,completed
3906,VOLVO,V70,6390,V70 III (135) 4.2007-4.2016,4.2007,4.2016,completed
3907,VOLVO,V70,4600,V70 II (285) 11.1999-12.2008,11.1999,12.2008,completed
3908,VOLVO,V70,1820,"V70 I (875, 876) 12.1995-12.2000",12.1995,12.2000,completed
3909,VOLVO,V90,43022,V90 II Cross Country (236) 3.2016,3.2016,,completed
3910,VOLVO,V90,36540,V90 II Estate (235) 3.2016,3.2016,,completed
3911,VOLVO,V90,1822,V90 I Estate (965) 11.1996-12.1998,11.1996,12.1998,completed
3912,VOLVO,XC40,38232,XC40 (536) 10.2017,10.2017,,completed
3913,VOLVO,XC60,37773,XC60 II (246) 3.2017,3.2017,,completed
3914,VOLVO,XC60,7583,XC60 I SUV (156) 5.2008-7.2018,5.2008,7.2018,completed
3915,VOLVO,XC60,41675,XC60 I VAN (156) 5.2008-12.2017,5.2008,12.2017,completed
3916,VOLVO,XC70,6391,XC70 II (136) 4.2007-12.2016,4.2007,12.2016,completed
3917,VOLVO,XC70,41742,XC70 II VAN (136) 4.2007-12.2016,4.2007,12.2016,completed
3918,VOLVO,XC70,4867,XC70 I Cross Country (295) 10.1997-10.2007,10.1997,10.2007,completed
3919,VOLVO,XC90,13084,XC90 II (256) 9.2014,9.2014,,completed
3920,VOLVO,XC90,4879,XC90 I (275) 6.2002-1.2015,6.2002,1.2015,completed
3921,VW,"1500,1600",1620,"1500,1600 Hatchback (31) 8.1965-3.1975",8.1965,3.1975,completed
3922,VW,"1500,1600",507,"1500,1600 (31) 4.1961-12.1973",4.1961,12.1973,completed
3923,VW,"1500,1600",1621,"1500,1600 Estate (36) 4.1961-7.1973",4.1961,7.1973,completed
3924,VW,166,4644,166 2.1942-12.1945,2.1942,12.1945,completed
3925,VW,181,512,181 9.1969-11.1983,9.1969,11.1983,completed
3926,VW,"411,412",1616,"411,412 7.1968-3.1975",7.1968,3.1975,completed
3927,VW,412,405,412 Estate 9.1969-3.1975,9.1969,3.1975,completed
3928,VW,AMAROK,44048,"AMAROK (T1A, T1B) 9.2022",9.2022,,completed
3929,VW,AMAROK,14172,"AMAROK Platform/Chassis (S1B, S6B, S7B) 9.2011-5.2022",9.2011,5.2022,completed
3930,VW,AMAROK,8636,"AMAROK (2HA, 2HB, S1B, S6B, S7A, S7B, AGD) 9.2010",9.2010,,completed
3931,VW,ARTEON,41006,ARTEON SHOOTING BRAKE (3H9) 6.2020-12.2024,6.2020,12.2024,completed
3932,VW,ARTEON,37842,"ARTEON (3H7, 3H8) 3.2017-12.2024",3.2017,12.2024,completed
3933,VW,ATLAS,38193,"ATLAS (CA1, CA2, CA3) 12.2016",12.2016,,completed
3934,VW,BEETLE,10735,"BEETLE Convertible (5C7, 5C8) 12.2011-7.2019",12.2011,7.2019,completed
3935,VW,BEETLE,9710,"BEETLE (5C1, 5C2) 4.2011-7.2019",4.2011,7.2019,completed
3936,VW,BEETLE,1614,BEETLE Convertible (15) 7.1949-3.1981,7.1949,3.1981,completed
3937,VW,BEETLE,90,BEETLE 12.1947-8.2003,12.1947,8.2003,completed
3938,VW,BORA,11598,BORA (9M2) 1.2005-12.2014,1.2005,12.2014,completed
3939,VW,BORA,5423,JETTA III (1K2) 9.2004-12.2013,9.2004,12.2013,completed
3940,VW,BORA,4125,BORA Estate (1J6) 5.1999-5.2005,5.1999,5.2005,completed
3941,VW,BORA,3884,BORA I (1J2) 10.1998-12.2013,10.1998,12.2013,completed
3942,VW,BORA / JETTA,6245,GOLF V Estate (1K5) 1.2007-7.2009,1.2007,7.2009,completed
3943,VW,CABRIO,1996,GOLF IV Cabriolet (1E7) 6.1998-12.2002,6.1998,12.2002,completed
3944,VW,CADDY,41500,"CADDY V Box Body/MPV (SBA, SBH) 9.2020",9.2020,,completed
3945,VW,CADDY,41499,"CADDY V MPV (SBB, SBJ) 9.2020",9.2020,,completed
3946,VW,CADDY,14303,"CADDY IV Box Body/MPV (SAA, SAH) 5.2015-12.2020",5.2015,12.2020,completed
3947,VW,CADDY,14302,"CADDY IV Estate (SAB, SAJ) 5.2015-12.2020",5.2015,12.2020,completed
3948,VW,CADDY,5083,"CADDY III Box Body/MPV (2KA, 2KH, 2CA, 2CH) 3.2004-3.2016",3.2004,3.2016,completed
3949,VW,CADDY,5084,"CADDY III Estate (2KB, 2KJ, 2CB, 2CJ) 3.2004-3.2016",3.2004,3.2016,completed
3950,VW,CADDY,4004,CADDY II Pickup (9U7) 6.1996-12.2000,6.1996,12.2000,completed
3951,VW,CADDY,4003,CADDY II Box Body/MPV (9K9A) 11.1995-1.2004,11.1995,1.2004,completed
3952,VW,CADDY,5393,CADDY II MPV (9K9B) 11.1995-12.2004,11.1995,12.2004,completed
3953,VW,CADDY,3943,CADDY I (14) 8.1979-11.2008,8.1979,11.2008,completed
3954,VW,CADDY ALLTRACK,36198,CADDY ALLTRACK IV Box Body/MPV (SAA) 5.2015-9.2020,5.2015,9.2020,completed
3955,VW,CADDY ALLTRACK,36197,CADDY ALLTRACK IV Estate (SAB) 5.2015-9.2020,5.2015,9.2020,completed
3956,VW,CADDY CALIFORNIA,42705,"CADDY CALIFORNIA V Camper (SBB, SBJ) 9.2020",9.2020,,completed
3957,VW,CALIFORNIA,42536,"CALIFORNIA T6 Camper (SGC, SGG, SHC) 4.2015-8.2024",4.2015,8.2024,completed
3958,VW,CALIFORNIA,42535,"CALIFORNIA T5 Camper (7EC, 7EF, 7EG, 7HF, 7HC) 4.2003-4.2016",4.2003,4.2016,completed
3959,VW,CALIFORNIA,42534,"CALIFORNIA T4 Camper (7DJ, 7DK, 70J) 9.1990-8.2004",9.1990,8.2004,completed
3960,VW,CARAVELLE,14350,"TRANSPORTER / CARAVELLE T6 Bus (SGB, SGJ, SHB, SHJ) 4.2015-8.2024",4.2015,8.2024,completed
3961,VW,CARAVELLE,4988,"MULTIVAN T5 (7HM, 7HN, 7HF, 7EF, 7EM, 7EN) 4.2003-3.2016",4.2003,3.2016,completed
3962,VW,CARAVELLE,5005,"TRANSPORTER / CARAVELLE T5 Bus (7HB, 7HJ, 7EB, 7EJ) 4.2003-3.2016",4.2003,3.2016,completed
3963,VW,CC,10200,CC B7 (358) 11.2011-10.2017,11.2011,10.2017,completed
3964,VW,CC,7375,PASSAT CC B6 (357) 2.2008-12.2013,2.2008,12.2013,completed
3965,VW,CORRADO,3887,CORRADO (53I) 8.1987-12.1995,8.1987,12.1995,completed
3966,VW,CRAFTER,37201,CRAFTER Platform/Chassis (SZ_) 11.2016,11.2016,,completed
3967,VW,CRAFTER,37480,"CRAFTER Bus (SYI, SYJ) 9.2016",9.2016,,completed
3968,VW,CRAFTER,37200,"CRAFTER Van (SY_, SX_) 9.2016",9.2016,,completed
3969,VW,CRAFTER 30-35,5528,CRAFTER 30-35 Bus (2E_) 4.2006-12.2016,4.2006,12.2016,completed
3970,VW,CRAFTER 30-50,5530,CRAFTER 30-50 Platform/Chassis (2F_) 4.2006-12.2016,4.2006,12.2016,completed
3971,VW,CRAFTER 30-50,5529,CRAFTER 30-50 Van (2E_) 4.2006-12.2016,4.2006,12.2016,completed
3972,VW,DERBY,275,"DERBY (86C, 80) 8.1981-12.1984",8.1981,12.1984,completed
3973,VW,DERBY,270,DERBY (86) 2.1977-9.1981,2.1977,9.1981,completed
3974,VW,EOS,5457,"EOS (1F7, 1F8) 3.2006-8.2015",3.2006,8.2015,completed
3975,VW,EUROVAN,5005,"TRANSPORTER / CARAVELLE T5 Bus (7HB, 7HJ, 7EB, 7EJ) 4.2003-3.2016",4.2003,3.2016,completed
3976,VW,EUROVAN,5003,"TRANSPORTER T5 Platform/Chassis (7JD, 7JE, 7JL, 7JY, 7JZ, 7F 4.2003-3.2016",4.2003,3.2016,completed
3977,VW,EUROVAN,5004,"TRANSPORTER T5 Van (7HA, 7HH, 7EA, 7EH) 4.2003",4.2003,,completed
3978,VW,FOX,5417,"FOX Hatchback (5Z1, 5Z3, 5Z4, 5Z5) 8.2003-10.2021",8.2003,10.2021,completed
3979,VW,GOLF,41185,"GOLF VIII Variant (CG5, DB5) 8.2020",8.2020,,completed
3980,VW,GOLF,40179,"GOLF VIII (CD1, DA1) 7.2019",7.2019,,completed
3981,VW,GOLF,11221,"GOLF VII Estate (BA5, BV5) 4.2013-1.2022",4.2013,1.2022,completed
3982,VW,GOLF,10585,"GOLF VII (5G1, BQ1, BE1, BE2) 8.2012-10.2021",8.2012,10.2021,completed
3983,VW,GOLF,39077,"GOLF VII Van (5G1, BQ1) 8.2012-8.2020",8.2012,8.2020,completed
3984,VW,GOLF,9158,GOLF VI Convertible (517) 3.2011-10.2017,3.2011,10.2017,completed
3985,VW,GOLF,8442,GOLF VI Estate (AJ5) 7.2009-7.2014,7.2009,7.2014,completed
3986,VW,GOLF,7873,GOLF VI (5K1) 10.2008-12.2014,10.2008,12.2014,completed
3987,VW,GOLF,39065,GOLF VI Van (5K1) 10.2008-11.2012,10.2008,11.2012,completed
3988,VW,GOLF,6245,GOLF V Estate (1K5) 1.2007-7.2009,1.2007,7.2009,completed
3989,VW,GOLF,4991,GOLF V (1K1) 10.2003-7.2010,10.2003,7.2010,completed
3990,VW,GOLF,1995,GOLF IV Estate (1J5) 5.1999-6.2006,5.1999,6.2006,completed
3991,VW,GOLF,1996,GOLF IV Cabriolet (1E7) 6.1998-12.2002,6.1998,12.2002,completed
3992,VW,GOLF,37154,GOLF IV Van (1J1) 10.1997-5.2004,10.1997,5.2004,completed
3993,VW,GOLF,1994,GOLF IV (1J1) 8.1997-4.2008,8.1997,4.2008,completed
3994,VW,GOLF,493,GOLF III Cabriolet (1E7) 7.1993-5.1998,7.1993,5.1998,completed
3995,VW,GOLF,510,GOLF III Estate (1H5) 7.1993-4.1999,7.1993,4.1999,completed
3996,VW,GOLF,505,GOLF III (1H1) 10.1989-11.2000,10.1989,11.2000,completed
3997,VW,GOLF,500,"GOLF II (19E, 1G1) 8.1983-12.1992",8.1983,12.1992,completed
3998,VW,GOLF,37151,"GOLF II Van (19E, 1G1) 8.1983-7.1991",8.1983,7.1991,completed
3999,VW,GOLF,488,GOLF I Cabriolet (155) 1.1979-8.1993,1.1979,8.1993,completed
4000,VW,GOLF,497,GOLF I (17) 4.1974-12.1985,4.1974,12.1985,completed
4001,VW,GOLF ALLTRACK,41767,GOLF ALLTRACK VIII Variant (CG5) 11.2020,11.2020,,completed
4002,VW,GOLF ALLTRACK,13608,"GOLF ALLTRACK VII Estate (BA5, BV5) 12.2014-12.2020",12.2014,12.2020,completed
4003,VW,GOLF PLUS,39069,GOLF PLUS Van (521) 1.2009-8.2014,1.2009,8.2014,completed
4004,VW,GOLF PLUS,5379,"GOLF PLUS V (5M1, 521) 12.2004-12.2013",12.2004,12.2013,completed
4005,VW,GOLF SPORTSVAN,11878,"GOLF SPORTSVAN VII (AM1, AN1) 2.2014-8.2020",2.2014,8.2020,completed
4006,VW,GOLF TOURAN,10449,TOURAN (1T3) 5.2010-9.2016,5.2010,9.2016,completed
4007,VW,GOLF Van,39079,GOLF VAN VII Variant (BA5) 4.2013-3.2017,4.2013,3.2017,completed
4008,VW,GOLF Van,39067,GOLF VAN VI Variant (AJ5) 7.2009-5.2014,7.2009,5.2014,completed
4009,VW,GOLF Van,39045,GOLF VAN IV Variant (1J5) 5.1999-6.2006,5.1999,6.2006,completed
4010,VW,GOLF Van,39689,GOLF Van III Variant (1H5) 8.1991-12.1999,8.1991,12.1999,completed
4011,VW,GOLF VAN,39079,GOLF VAN VII Variant (BA5) 4.2013-3.2017,4.2013,3.2017,completed
4012,VW,GOLF VAN,39067,GOLF VAN VI Variant (AJ5) 7.2009-5.2014,7.2009,5.2014,completed
4013,VW,GOLF VAN,39045,GOLF VAN IV Variant (1J5) 5.1999-6.2006,5.1999,6.2006,completed
4014,VW,GOLF VAN,39689,GOLF Van III Variant (1H5) 8.1991-12.1999,8.1991,12.1999,completed
4015,VW,GRAND CALIFORNIA,40014,"GRAND CALIFORNIA Camper (SCB, SCC) 4.2019",4.2019,,completed
4016,VW,ID. Buzz,42932,"ID. Buzz Bus (EBB, EBJ) 5.2022",5.2022,,completed
4017,VW,ID. Buzz,42933,ID. Buzz Cargo (EBA) 4.2022,4.2022,,completed
4018,VW,ID.3,41044,"ID.3 (E11, E12, E13) 11.2019",11.2019,,completed
4019,VW,ID.4,41351,ID.4 (E21) 5.2020,5.2020,,completed
4020,VW,ID.5,42571,ID.5 (E39) 7.2021,7.2021,,completed
4021,VW,ID.7,45262,ID.7 Tourer (ED5) 2.2024,2.2024,,completed
4022,VW,ID.7,44750,ID.7 (ED2) 6.2023,6.2023,,completed
4023,VW,ILTIS,2,ILTIS (183) 3.1979-12.1988,3.1979,12.1988,completed
4024,VW,JETTA,39274,"JETTA VII Saloon (BU3, BU4, BU5) 12.2017",12.2017,,completed
4025,VW,JETTA,11221,"GOLF VII Estate (BA5, BV5) 4.2013-1.2022",4.2013,1.2022,completed
4026,VW,JETTA,8442,GOLF VI Estate (AJ5) 7.2009-7.2014,7.2009,7.2014,completed
4027,VW,JETTA,9118,"JETTA IV (162, 163, AV3, AV2) 1.2008-12.2019",1.2008,12.2019,completed
4028,VW,JETTA,6245,GOLF V Estate (1K5) 1.2007-7.2009,1.2007,7.2009,completed
4029,VW,JETTA,5423,JETTA III (1K2) 9.2004-12.2013,9.2004,12.2013,completed
4030,VW,JETTA,1995,GOLF IV Estate (1J5) 5.1999-6.2006,5.1999,6.2006,completed
4031,VW,JETTA,3439,"JETTA II (19E, 1G2, 165) 8.1983-12.1992",8.1983,12.1992,completed
4032,VW,JETTA,7,JETTA I (16) 8.1978-12.1987,8.1978,12.1987,completed
4033,VW,JETTA / CLASICO,9118,"JETTA IV (162, 163, AV3, AV2) 1.2008-12.2019",1.2008,12.2019,completed
4034,VW,JETTA IV,4125,BORA Estate (1J6) 5.1999-5.2005,5.1999,5.2005,completed
4035,VW,K 70,22,K 70 (48) 8.1970-10.1974,8.1970,10.1974,completed
4036,VW,KARMANN GHIA,1615,"KARMANN GHIA Convertible (14, 34) 9.1957-7.1974",9.1957,7.1974,completed
4037,VW,KARMANN GHIA,99,"KARMANN GHIA Coupe (14, 34) 8.1955-12.1976",8.1955,12.1976,completed
4038,VW,KOMBI,5005,"TRANSPORTER / CARAVELLE T5 Bus (7HB, 7HJ, 7EB, 7EJ) 4.2003-3.2016",4.2003,3.2016,completed
4039,VW,KOMBI / TRANSPORTER KOMBI,14350,"TRANSPORTER / CARAVELLE T6 Bus (SGB, SGJ, SHB, SHJ) 4.2015-8.2024",4.2015,8.2024,completed
4040,VW,LOAD UP,36247,"LOAD UP! (121, 122, BL1, BL2) 12.2014-8.2020",12.2014,8.2020,completed
4041,VW,LT 28-35,3378,"LT 28-35 II Bus (2DB, 2DE, 2DK) 4.1996-7.2006",4.1996,7.2006,completed
4042,VW,LT 28-35,236,LT 28-35 I Bus (281-363) 4.1975-6.1996,4.1975,6.1996,completed
4043,VW,LT 28-35,1637,LT 28-35 I Platform/Chassis (281-363) 4.1975-6.1996,4.1975,6.1996,completed
4044,VW,LT 28-35,1636,LT 28-35 I Van (281-363) 4.1975-6.1996,4.1975,6.1996,completed
4045,VW,LT 28-46,3380,"LT 28-46 II Platform/Chassis (2DC, 2DF, 2DG, 2DL, 2DM) 4.1996-7.2006",4.1996,7.2006,completed
4046,VW,LT 28-46,3379,"LT 28-46 II Van (2DA, 2DD, 2DH) 4.1996-7.2006",4.1996,7.2006,completed
4047,VW,LT 40-55,4489,LT 40-55 I Platform/Chassis (293-909) 4.1975-6.1996,4.1975,6.1996,completed
4048,VW,LT 40-55,4488,LT 40-55 I Van (291-512) 4.1975-6.1996,4.1975,6.1996,completed
4049,VW,LUPO,3398,"LUPO I (6X1, 6E1) 9.1998-7.2005",9.1998,7.2005,completed
4050,VW,MAGOTAN,9004,PASSAT B7 Estate (365) 8.2010-12.2015,8.2010,12.2015,completed
4051,VW,MULTIVAN,42517,"MULTIVAN T7 (STM, STN) 8.2021",8.2021,,completed
4052,VW,MULTIVAN,14349,"MULTIVAN T6 (SGF, SGM, SGN, SHM, SHN) 4.2015",4.2015,,completed
4053,VW,MULTIVAN,4988,"MULTIVAN T5 (7HM, 7HN, 7HF, 7EF, 7EM, 7EN) 4.2003-3.2016",4.2003,3.2016,completed
4054,VW,NEW BEETLE,4957,NEW BEETLE Convertible (1Y7) 9.2002-7.2012,9.2002,7.2012,completed
4055,VW,NEW BEETLE,3402,"NEW BEETLE (9C1, 1C1) 1.1998-12.2013",1.1998,12.2013,completed
4056,VW,PASSAT,45017,PASSAT B9 Variant (CJ5) 10.2023,10.2023,,completed
4057,VW,PASSAT,12917,"PASSAT B8 (3G2, CB2) 8.2014",8.2014,,completed
4058,VW,PASSAT,12918,"PASSAT B8 Estate (3G5, CB5) 8.2014",8.2014,,completed
4059,VW,PASSAT,11165,"PASSAT B7 (A32, A33) 1.2011-12.2020",1.2011,12.2020,completed
4060,VW,PASSAT,9003,PASSAT B7 (362) 8.2010-4.2016,8.2010,4.2016,completed
4061,VW,PASSAT,9004,PASSAT B7 Estate (365) 8.2010-12.2015,8.2010,12.2015,completed
4062,VW,PASSAT,39030,PASSAT B7 Estate Van (365) 8.2010-12.2014,8.2010,12.2014,completed
4063,VW,PASSAT,5427,PASSAT B6 Estate (3C5) 8.2005-11.2011,8.2005,11.2011,completed
4064,VW,PASSAT,5398,PASSAT B6 (3C2) 3.2005-12.2013,3.2005,12.2013,completed
4065,VW,PASSAT,4736,PASSAT B5.5 (3B3) 10.2000-12.2005,10.2000,12.2005,completed
4066,VW,PASSAT,4737,PASSAT B5.5 Estate (3B6) 9.2000-8.2005,9.2000,8.2005,completed
4067,VW,PASSAT,1907,PASSAT B5 Estate (3B5) 5.1997-12.2001,5.1997,12.2001,completed
4068,VW,PASSAT,1568,PASSAT B5 (3B2) 8.1996-12.2001,8.1996,12.2001,completed
4069,VW,PASSAT,39690,"PASSAT B3/B4 (315, 3A5) 8.1988-12.1996",8.1988,12.1996,completed
4070,VW,PASSAT,412,"PASSAT B3/B4 (3A2, 35I) 2.1988-12.1997",2.1988,12.1997,completed
4071,VW,PASSAT,423,"PASSAT B3/B4 Estate (3A5, 35I) 2.1988-6.1997",2.1988,6.1997,completed
4072,VW,PASSAT,1447,PASSAT B2 Saloon (32B) 5.1982-6.1989,5.1982,6.1989,completed
4073,VW,PASSAT,419,PASSAT B2 Estate (33B) 8.1980-6.1989,8.1980,6.1989,completed
4074,VW,PASSAT,408,PASSAT B2 (32B) 9.1979-7.1989,9.1979,7.1989,completed
4075,VW,PASSAT,403,PASSAT B1 (32) 5.1973-7.1981,5.1973,7.1981,completed
4076,VW,PASSAT,415,PASSAT B1 Estate (33) 5.1973-10.1981,5.1973,10.1981,completed
4077,VW,PASSAT,11601,PASSAT B1 Saloon (32) 5.1973-12.1982,5.1973,12.1982,completed
4078,VW,PASSAT / Magotan,5398,PASSAT B6 (3C2) 3.2005-12.2013,3.2005,12.2013,completed
4079,VW,PASSAT ALLTRACK,14622,"PASSAT ALLTRACK B8 Estate (3G5, CB5) 5.2015",5.2015,,completed
4080,VW,PASSAT ALLTRACK,11084,PASSAT ALLTRACK B7 Variant (365) 1.2012-12.2014,1.2012,12.2014,completed
4081,VW,PASSAT CC,7375,PASSAT CC B6 (357) 2.2008-12.2013,2.2008,12.2013,completed
4082,VW,PHAETON,4876,"PHAETON (3D1, 3D2, 3D3, 3D4, 3D6, 3D7, 3D8, 3D9) 4.2002-3.2016",4.2002,3.2016,completed
4083,VW,POLO,38138,"POLO VI (AW1, BZ1, AE1, BZ3) 6.2017",6.2017,,completed
4084,VW,POLO,9746,"POLO V Saloon (602, 604, 612, 614) 5.2009",5.2009,,completed
4085,VW,POLO,8025,"POLO V (6R1, 6C1) 3.2009-6.2022",3.2009,6.2022,completed
4086,VW,POLO,5074,"POLO IV Saloon (9A4, 9A2, 9N2, 9A6) 9.2002",9.2002,,completed
4087,VW,POLO,11307,"POLO IV Saloon (9N2, 9N4) 9.2002-12.2010",9.2002,12.2010,completed
4088,VW,POLO,4804,"POLO IV (9N_, 9A_) 10.2001-10.2014",10.2001,10.2014,completed
4089,VW,POLO,4528,POLO (6N2) 10.1999-10.2001,10.1999,10.2001,completed
4090,VW,POLO,1993,POLO Estate (6V5) 4.1997-9.2001,4.1997,9.2001,completed
4091,VW,POLO,1482,POLO III CLASSIC (6V2) 1.1995-11.2009,1.1995,11.2009,completed
4092,VW,POLO,427,POLO III (6N1) 10.1994-10.1999,10.1994,10.1999,completed
4093,VW,POLO,4018,POLO Hatchback Van (86CF) 8.1992-7.1994,8.1992,7.1994,completed
4094,VW,POLO,3885,"POLO CLASSIC (86C, 80) 1.1985-9.1994",1.1985,9.1994,completed
4095,VW,POLO,440,"POLO Coupe (86C, 80) 10.1981-9.1994",10.1981,9.1994,completed
4096,VW,POLO,436,"POLO II (86C, 80) 10.1981-9.1994",10.1981,9.1994,completed
4097,VW,POLO,431,POLO (86) 3.1975-9.1981,3.1975,9.1981,completed
4098,VW,POLO Van,36882,"POLO V Hatchback Van (6R1, 6C1) 3.2009-10.2017",3.2009,10.2017,completed
4099,VW,POLO Van,38851,POLO Estate Van (6V5) 12.1995-9.2001,12.1995,9.2001,completed
4100,VW,POLO Van,4019,POLO Hatchback Van (6N1) 9.1994-12.1999,9.1994,12.1999,completed
4101,VW,RABBIT,4991,GOLF V (1K1) 10.2003-7.2010,10.2003,7.2010,completed
4102,VW,ROUTAN,9735,ROUTAN 9.2008-12.2014,9.2008,12.2014,completed
4103,VW,SANTANA,195,SANTANA (32B) 8.1981-12.1985,8.1981,12.1985,completed
4104,VW,SCIROCCO,7584,"SCIROCCO III (137, 138) 5.2008-12.2018",5.2008,12.2018,completed
4105,VW,SCIROCCO,214,SCIROCCO (53B) 8.1980-7.1992,8.1980,7.1992,completed
4106,VW,SCIROCCO,210,SCIROCCO (53) 2.1974-7.1980,2.1974,7.1980,completed
4107,VW,SHARAN,8630,"SHARAN (7N1, 7N2) 5.2010-11.2022",5.2010,11.2022,completed
4108,VW,SHARAN,41676,"SHARAN Box Body/MPV (7N1, 7N2) 5.2010",5.2010,,completed
4109,VW,SHARAN,1312,"SHARAN (7M8, 7M9, 7M6) 5.1995-12.2010",5.1995,12.2010,completed
4110,VW,SHARAN,41677,SHARAN Box Body/MPV (7M_) 5.1995-3.2010,5.1995,3.2010,completed
4111,VW,T-CROSS,39209,"T-CROSS (C11, D31) 12.2018",12.2018,,completed
4112,VW,T-ROC,40210,"T-ROC Convertible (AC7, AC8) 12.2019",12.2019,,completed
4113,VW,T-ROC,38190,"T-ROC (A11, D11) 7.2017",7.2017,,completed
4114,VW,TAIGO,42141,TAIGO (CS1) 9.2021,9.2021,,completed
4115,VW,TARO,337,TARO 4.1989-3.1997,4.1989,3.1997,completed
4116,VW,TAYRON,45883,TAYRON (R41) 11.2024,11.2024,,completed
4117,VW,TIGUAN,45054,TIGUAN (CT1) 9.2023,9.2023,,completed
4118,VW,TIGUAN,36223,"TIGUAN (AD1, AX1) 1.2016-4.2024",1.2016,4.2024,completed
4119,VW,TIGUAN,6397,TIGUAN (5N_) 9.2007-7.2018,9.2007,7.2018,completed
4120,VW,TIGUAN,41678,TIGUAN VAN (5N_) 9.2007-7.2018,9.2007,7.2018,completed
4121,VW,TIGUAN ALLSPACE,38132,"TIGUAN ALLSPACE (BW2, BJ2) 3.2017",3.2017,,completed
4122,VW,TIGUAN/TIGUAN LIMITED,6397,TIGUAN (5N_) 9.2007-7.2018,9.2007,7.2018,completed
4123,VW,TOUAREG,38671,"TOUAREG (CR7, RC8) 11.2017",11.2017,,completed
4124,VW,TOUAREG,8607,"TOUAREG (7P5, 7P6) 1.2010-12.2018",1.2010,12.2018,completed
4125,VW,TOUAREG,4920,"TOUAREG (7LA, 7L6, 7L7) 10.2002-12.2013",10.2002,12.2013,completed
4126,VW,TOURAN,14158,TOURAN (5T1) 5.2015,5.2015,,completed
4127,VW,TOURAN,42376,TOURAN Box Body/MPV (5T1) 5.2015,5.2015,,completed
4128,VW,TOURAN,10449,TOURAN (1T3) 5.2010-9.2016,5.2010,9.2016,completed
4129,VW,TOURAN,41554,TOURAN Box Body/MPV (1T3) 5.2010-5.2015,5.2010,5.2015,completed
4130,VW,TOURAN,4954,"TOURAN (1T1, 1T2) 2.2003-1.2011",2.2003,1.2011,completed
4131,VW,TOURAN,41679,"TOURAN Box Body/MPV (1T1, 1T2) 2.2003-5.2010",2.2003,5.2010,completed
4132,VW,TRANSPORTER,14352,"TRANSPORTER T6 Platform/Chassis (SFD, SFE, SFL, SFZ, SJD, SJ 4.2015-8.2024",4.2015,8.2024,completed
4133,VW,TRANSPORTER,14351,"TRANSPORTER T6 Van (SGA, SGH, SHA, SHH) 4.2015-8.2024",4.2015,8.2024,completed
4134,VW,TRANSPORTER,5005,"TRANSPORTER / CARAVELLE T5 Bus (7HB, 7HJ, 7EB, 7EJ) 4.2003-3.2016",4.2003,3.2016,completed
4135,VW,TRANSPORTER,5003,"TRANSPORTER T5 Platform/Chassis (7JD, 7JE, 7JL, 7JY, 7JZ, 7F 4.2003-3.2016",4.2003,3.2016,completed
4136,VW,TRANSPORTER,5004,"TRANSPORTER T5 Van (7HA, 7HH, 7EA, 7EH) 4.2003",4.2003,,completed
4137,VW,TRANSPORTER,1632,"TRANSPORTER T4 Platform/Chassis (70E, 70L, 70M, 7DE, 7DL, 7D 7.1990-4.2003",7.1990,4.2003,completed
4138,VW,TRANSPORTER,1631,"TRANSPORTER T4 Van (70A, 70H, 7DA, 7DH, 70J) 7.1990-4.2003",7.1990,4.2003,completed
4139,VW,TRANSPORTER,1630,TRANSPORTER T3 Platform/Chassis (24_) 5.1979-12.1992,5.1979,12.1992,completed
4140,VW,TRANSPORTER,1629,"TRANSPORTER T3 Van (24_, 25_) 5.1979-12.1992",5.1979,12.1992,completed
4141,VW,TRANSPORTER,3888,"TRANSPORTER T2 Platform/Chassis (21, 26) 8.1968-7.1979",8.1968,7.1979,completed
4142,VW,TRANSPORTER,1628,"TRANSPORTER T2 Van (21, 23) 8.1968-7.1979",8.1968,7.1979,completed
4143,VW,TRANSPORTER,455,"TRANSPORTER T2 Bus (22, 23, 24) 8.1967-9.1979",8.1967,9.1979,completed
4144,VW,TRANSPORTER,1598,"TRANSPORTER T1 Bus (22, 24, 25, 28) 1.1950-12.1968",1.1950,12.1968,completed
4145,VW,TRANSPORTER,1627,TRANSPORTER T1 Platform/Chassis (26) 1.1950-10.1970,1.1950,10.1970,completed
4146,VW,TRANSPORTER,1626,"TRANSPORTER T1 Van (21, 23) 1.1950-12.1968",1.1950,12.1968,completed
4147,VW,TRANSPORTER / CARAVELLE,14350,"TRANSPORTER / CARAVELLE T6 Bus (SGB, SGJ, SHB, SHJ) 4.2015-8.2024",4.2015,8.2024,completed
4148,VW,TRANSPORTER / CARAVELLE,5005,"TRANSPORTER / CARAVELLE T5 Bus (7HB, 7HJ, 7EB, 7EJ) 4.2003-3.2016",4.2003,3.2016,completed
4149,VW,TRANSPORTER / CARAVELLE,463,"TRANSPORTER / CARAVELLE T4 Bus (70B, 70C, 7DB, 7DK, 70J, 70K 9.1990-10.2004",9.1990,10.2004,completed
4150,VW,TRANSPORTER / CARAVELLE,3889,TRANSPORTER / CARAVELLE T3 Bus (25_) 5.1979-12.2003,5.1979,12.2003,completed
4151,VW,TRANSPORTER / KOMBI,5004,"TRANSPORTER T5 Van (7HA, 7HH, 7EA, 7EH) 4.2003",4.2003,,completed
4152,VW,TRANSPORTER T6 / CARAVELLE,14350,"TRANSPORTER / CARAVELLE T6 Bus (SGB, SGJ, SHB, SHJ) 4.2015-8.2024",4.2015,8.2024,completed
4153,VW,UP!,9734,"UP! (121, 122, BL1, BL2, BL3, 123) 8.2011",8.2011,,completed
4154,VW,VARIANT,36532,VARIANT II 1.1978-12.1981,1.1978,12.1981,completed
4155,VW,VARIANT,14651,VARIANT I Estate 11.1969-12.1981,11.1969,12.1981,completed
4156,VW,VENTO,9118,"JETTA IV (162, 163, AV3, AV2) 1.2008-12.2019",1.2008,12.2019,completed
4157,VW,VENTO,6245,GOLF V Estate (1K5) 1.2007-7.2009,1.2007,7.2009,completed
4158,VW,VENTO,5423,JETTA III (1K2) 9.2004-12.2013,9.2004,12.2013,completed
4159,VW,VENTO,3886,VENTO (1H2) 11.1991-11.2000,11.1991,11.2000,completed
4160,VW,XL1,13215,XL1 (6Z1) 2.2014,2.2014,,completed
4161,ABARTH,124,36454,124 Spider 3.2016,3.2016,,completed
4162,ABARTH,500 / 595 / 695,14669,500 / 595 / 695 1.2008,1.2008,,completed
4163,ABARTH,500C / 595C / 695C,14670,500C / 595C / 695C 5.2008,5.2008,,completed
4164,ABARTH,500E,44050,500E Convertible (332_) 2.2023,2.2023,,completed
4165,ABARTH,500E,44049,500E Hatchback (332_) 2.2023,2.2023,,completed
4166,ABARTH,GRANDE PUNTO,14671,GRANDE PUNTO 7.2007-6.2010,7.2007,6.2010,completed
4167,ABARTH,PUNTO,14673,PUNTO 3.2012,3.2012,,completed
4168,ABARTH,PUNTO EVO,38287,PUNTO EVO 7.2008-2.2012,7.2008,2.2012,completed
4169,ABARTH,STRADA,14674,STRADA 11.1981-12.1987,11.1981,12.1987,completed
4170,AC,428,4208,428 Fastback 1.1967-12.1974,1.1967,12.1974,completed
4171,AC,428,4209,428 Convertible 1.1965-12.1974,1.1965,12.1974,completed
4172,AC,ACE,4211,ACE 10.1998,10.1998,,completed
4173,AC,ACE,4210,ACE 1.1995-10.1998,1.1995,10.1998,completed
4174,AC,ACECA,4212,ACECA 1.1992-12.2001,1.1992,12.2001,completed
4175,AC,COBRA,4213,COBRA IV 1.1990,1.1990,,completed
4176,AC,ME,4207,ME 1.1979-12.1986,1.1979,12.1986,completed
4177,ACURA,INTEGRA,4403,INTEGRA Coupe 1.1985-12.1990,1.1985,12.1990,completed
4178,ACURA,INTEGRA,4402,INTEGRA Hatchback 1.1985-12.1990,1.1985,12.1990,completed
4179,ACURA,INTEGRA,4401,INTEGRA Saloon 1.1985-12.1990,1.1985,12.1990,completed
4180,ACURA,LEGEND,4406,LEGEND II 8.1991-8.1996,8.1991,8.1996,completed
4181,ACURA,LEGEND,4407,LEGEND II Coupe 8.1991-8.1996,8.1991,8.1996,completed
4182,ACURA,LEGEND,4405,LEGEND Coupe 1.1987-8.1991,1.1987,8.1991,completed
4183,ACURA,LEGEND,4404,LEGEND 1.1986-8.1991,1.1986,8.1991,completed
4184,ACURA,MDX,12814,MDX (YD_) 6.2013,6.2013,,completed
4185,ACURA,MDX,6092,MDX (YD1) 8.2000-9.2006,8.2000,9.2006,completed
4186,ACURA,NSX,4410,NSX Targa (NA1) 1.1995-12.2005,1.1995,12.2005,completed
4187,ACURA,NSX,4409,NSX 1.1990-12.2005,1.1990,12.2005,completed
4188,ADIVA,AD,38691,AD,,,completed
4189,ADIVA,N,38692,N,,,completed
4190,ADIVA,R,38693,R,,,completed
4191,ADLY,AIR TEC,38431,AIR TEC,,,completed
4192,ADLY,CAT,36688,CAT,,,completed
4193,AEON,ELITE,14545,ELITE,,,completed
4194,AEON,MY,36700,MY,,,completed
4195,AEON,URBAN,14544,URBAN,,,completed
4196,AIWAYS,U5,40264,U5 12.2019,12.2019,,completed
4197,AIXAM,400,6711,400 10.1996,10.1996,,completed
4198,AIXAM,500,38883,500 Hatchback Van 9.2003-12.2004,9.2003,12.2004,completed
4199,AIXAM,500,6707,500 Hatchback 12.1997,12.1997,,completed
4200,AIXAM,A.721,6708,A.721 1.2005,1.2005,,completed
4201,AIXAM,A.741,6709,A.741 1.2005,1.2005,,completed
4202,AIXAM,A.751,6710,A.751 1.2005,1.2005,,completed
4203,AIXAM,CITY,38975,CITY 10.2016,10.2016,,completed
4204,AIXAM,CITY,11661,CITY 1.2012-12.2016,1.2012,12.2016,completed
4205,AIXAM,COUPE,38976,COUPE 10.2016,10.2016,,completed
4206,AIXAM,COUPE,11663,COUPE 1.2012-12.2016,1.2012,12.2016,completed
4207,AIXAM,CROSSLINE,9871,CROSSLINE 1.2012-12.2016,1.2012,12.2016,completed
4208,AIXAM,CROSSOVER,11659,CROSSOVER 1.2012,1.2012,,completed
4209,AIXAM,D-TRUCK,12871,D-TRUCK Platform/Chassis 5.2014,5.2014,,completed
4210,AIXAM,D-TRUCK,12868,D-TRUCK Van 5.2014,5.2014,,completed
4211,AIXAM,GTO,11660,GTO 1.2012,1.2012,,completed
4212,AIXAM,MEGA,36902,MEGA 9.2003,9.2003,,completed
4213,AIXAM,MINAUTO,39024,MINAUTO 3.2018,3.2018,,completed
4214,AIXAM,ROADLINE,13963,ROADLINE 9.2009-7.2012,9.2009,7.2012,completed
4215,AIXAM,SCOUTY,11664,SCOUTY Convertible 4.2007,4.2007,,completed
4216,ALPINA,B10,4124,B10 Touring (E39) 1.1997-5.2004,1.1997,5.2004,completed
4217,ALPINA,B10,4123,B10 (E39) 12.1996-5.2004,12.1996,5.2004,completed
4218,ALPINA,B10,4122,B10 Touring (E34) 11.1993-4.1996,11.1993,4.1996,completed
4219,ALPINA,B10,4121,B10 (E34) 4.1988-4.1995,4.1988,4.1995,completed
4220,ALPINA,B11,4126,B11 (E32) 1.1987-2.1994,1.1987,2.1994,completed
4221,ALPINA,B12,4128,B12 (E38) 12.1995-7.2001,12.1995,7.2001,completed
4222,ALPINA,B12,4129,B12 Coupe (E31) 6.1990-12.1996,6.1990,12.1996,completed
4223,ALPINA,B12,4127,B12 (E32) 7.1988-1.1994,7.1988,1.1994,completed
4224,ALPINA,B3,40722,B3 (G20) 9.2019-12.2025,9.2019,12.2025,completed
4225,ALPINA,B3,39956,B3 Touring (G21) 9.2019-12.2025,9.2019,12.2025,completed
4226,ALPINA,B3,11913,B3 (F30) 3.2013-8.2018,3.2013,8.2018,completed
4227,ALPINA,B3,11915,B3 Touring (F31) 3.2013-6.2019,3.2013,6.2019,completed
4228,ALPINA,B3,9020,B3 (E90) 9.2007-5.2013,9.2007,5.2013,completed
4229,ALPINA,B3,9021,B3 Convertible (E93) 9.2007-5.2013,9.2007,5.2013,completed
4230,ALPINA,B3,9022,B3 Coupe (E92) 9.2007-2.2014,9.2007,2.2014,completed
4231,ALPINA,B3,9023,B3 Touring (E91) 9.2007-5.2013,9.2007,5.2013,completed
4232,ALPINA,B3,4191,B3 (E46) 3.1999-1.2006,3.1999,1.2006,completed
4233,ALPINA,B3,4776,B3 Convertible (E46) 3.1999-12.2005,3.1999,12.2005,completed
4234,ALPINA,B3,4476,B3 Coupe (E46) 3.1999-1.2006,3.1999,1.2006,completed
4235,ALPINA,B3,4637,B3 Touring (E46) 3.1999-1.2006,3.1999,1.2006,completed
4236,ALPINA,B3,4107,B3 Coupe (E36) 4.1996-3.1999,4.1996,3.1999,completed
4237,ALPINA,B3,4105,B3 (E36) 4.1993-5.1999,4.1993,5.1999,completed
4238,ALPINA,B3,4108,B3 Convertible (E36) 4.1993-3.1999,4.1993,3.1999,completed
4239,ALPINA,B3,4106,B3 Touring (E36) 4.1993-3.1999,4.1993,3.1999,completed
4240,ALPINA,B3,4102,B3 (E30) 9.1987-6.1992,9.1987,6.1992,completed
4241,ALPINA,B3,4104,B3 Convertible (E30) 9.1987-6.1992,9.1987,6.1992,completed
4242,ALPINA,B3,4103,B3 Touring (E30) 9.1987-6.1992,9.1987,6.1992,completed
4243,ALPINA,B4,43407,B4 Gran Coupe (G26) 3.2022-12.2025,3.2022,12.2025,completed
4244,ALPINA,B4,11917,B4 Convertible (F33) 3.2014-6.2020,3.2014,6.2020,completed
4245,ALPINA,B4,11916,B4 Coupe (F32) 3.2014-6.2020,3.2014,6.2020,completed
4246,ALPINA,B5,37701,B5 (G30) 3.2017-6.2023,3.2017,6.2023,completed
4247,ALPINA,B5,37702,B5 Touring (G31) 3.2017-2.2024,3.2017,2.2024,completed
4248,ALPINA,B5,10170,B5 (F10) 9.2010-12.2016,9.2010,12.2016,completed
4249,ALPINA,B5,10171,B5 Estate (F11) 9.2010-12.2016,9.2010,12.2016,completed
4250,ALPINA,B5,5408,B5 (E60) 3.2005-9.2010,3.2005,9.2010,completed
4251,ALPINA,B5,5409,B5 Estate (E61) 3.2005-9.2010,3.2005,9.2010,completed
4252,ALPINA,B6,11919,B6 Gran Coupe (F06) 4.2014-3.2016,4.2014,3.2016,completed
4253,ALPINA,B6,9844,B6 Convertible (F12) 9.2011-3.2016,9.2011,3.2016,completed
4254,ALPINA,B6,9845,B6 Coupe (F13) 9.2011-3.2016,9.2011,3.2016,completed
4255,ALPINA,B6,9741,B6 Convertible (E64) 4.2006-8.2010,4.2006,8.2010,completed
4256,ALPINA,B6,9843,B6 Coupe (E63) 4.2006-8.2010,4.2006,8.2010,completed
4257,ALPINA,B6,4111,B6 (E36) 3.1992-7.1993,3.1992,7.1993,completed
4258,ALPINA,B6,4110,B6 (E30) 11.1983-12.1990,11.1983,12.1990,completed
4259,ALPINA,B6,4109,B6 (E21) 3.1978-3.1983,3.1978,3.1983,completed
4260,ALPINA,B7,36383,B7 (G12) 2.2016-12.2022,2.2016,12.2022,completed
4261,ALPINA,B7,8275,"B7 (F01, F02) 3.2009-1.2016",3.2009,1.2016,completed
4262,ALPINA,B7,5131,B7 (E65) 12.2003-12.2008,12.2003,12.2008,completed
4263,ALPINA,B7,4113,B7 (E28) 4.1984-12.1987,4.1984,12.1987,completed
4264,ALPINA,B7,4112,B7 (E12) 12.1978-5.1982,12.1978,5.1982,completed
4265,ALPINA,B7,4114,B7 Coupe (E24) 12.1978-6.1988,12.1978,6.1988,completed
4266,ALPINA,B8,41826,B8 GRAN COUPE (G16) 7.2020-12.2025,7.2020,12.2025,completed
4267,ALPINA,B8,4115,B8 (E36) 1.1995-3.1998,1.1995,3.1998,completed
4268,ALPINA,B8,4118,B8 Convertible (E36) 1.1995-11.1998,1.1995,11.1998,completed
4269,ALPINA,B8,4117,B8 Coupe (E36) 1.1995-3.1998,1.1995,3.1998,completed
4270,ALPINA,B8,4116,B8 Touring (E36) 1.1995-3.1998,1.1995,3.1998,completed
4271,ALPINA,B9,4120,B9 Coupe (E24) 7.1982-12.1985,7.1982,12.1985,completed
4272,ALPINA,B9,4119,B9 (E28) 11.1981-12.1985,11.1981,12.1985,completed
4273,ALPINA,C1,4099,C1 (E30) 8.1983-6.1988,8.1983,6.1988,completed
4274,ALPINA,C1,4098,C1 (E21) 3.1980-7.1983,3.1980,7.1983,completed
4275,ALPINA,C2,4101,C2 Convertible (E30) 2.1986-7.1987,2.1986,7.1987,completed
4276,ALPINA,C2,4100,C2 (E30) 7.1985-3.1988,7.1985,3.1988,completed
4277,ALPINA,D10,4173,D10 (E39) 4.2000-10.2003,4.2000,10.2003,completed
4278,ALPINA,D10,4475,D10 Touring (E39) 4.2000-10.2003,4.2000,10.2003,completed
4279,ALPINA,D3,40811,D3 (G20) 5.2020-12.2025,5.2020,12.2025,completed
4280,ALPINA,D3,40812,D3 Touring (G21) 5.2020-12.2025,5.2020,12.2025,completed
4281,ALPINA,D3,11922,D3 (F30) 7.2013-7.2018,7.2013,7.2018,completed
4282,ALPINA,D3,11923,D3 Estate (F31) 7.2013-7.2018,7.2013,7.2018,completed
4283,ALPINA,D3,9026,D3 Coupe (E92) 7.2008-5.2013,7.2008,5.2013,completed
4284,ALPINA,D3,9024,D3 (E90) 12.2005-2.2014,12.2005,2.2014,completed
4285,ALPINA,D3,9025,D3 Estate (E91) 12.2005-5.2013,12.2005,5.2013,completed
4286,ALPINA,D4,43866,D4 Gran Coupe (G26) 7.2022-12.2025,7.2022,12.2025,completed
4287,ALPINA,D4,13200,D4 Convertible (F33) 9.2014-6.2020,9.2014,6.2020,completed
4288,ALPINA,D4,13199,D4 Coupe (F32) 9.2014-6.2020,9.2014,6.2020,completed
4289,ALPINA,D5,38191,D5 (G30) 7.2017-2.2024,7.2017,2.2024,completed
4290,ALPINA,D5,38192,D5 Touring (G31) 7.2017-2.2024,7.2017,2.2024,completed
4291,ALPINA,D5,9742,D5 (F10) 9.2011-12.2016,9.2011,12.2016,completed
4292,ALPINA,D5,9744,D5 Touring (F11) 9.2011-12.2016,9.2011,12.2016,completed
4293,ALPINA,RLE,4134,RLE Roadster (Z1) 8.1990-9.1991,8.1990,9.1991,completed
4294,ALPINA,ROADSTER S,5132,ROADSTER S (E85) 7.2003-12.2005,7.2003,12.2005,completed
4295,ALPINA,ROADSTER V8,4845,ROADSTER V8 (E52) 6.2002-10.2003,6.2002,10.2003,completed
4296,ALPINA,XB7,40817,XB7 (G07) 5.2020-11.2025,5.2020,11.2025,completed
4297,ALPINA,XD3,38614,XD3 (G01) 7.2018-6.2024,7.2018,6.2024,completed
4298,ALPINA,XD3,11921,XD3 (F25) 4.2013-6.2018,4.2013,6.2018,completed
4299,ALPINA,XD4,38615,XD4 (G02) 7.2018-6.2024,7.2018,6.2024,completed
4300,ALPINE,1300,1610,1300 1.1970-12.1975,1.1970,12.1975,completed
4301,ALPINE,1600,3928,1600 1.1969-12.1975,1.1969,12.1975,completed
4302,ALPINE,A110,38666,A110 II 12.2017,12.2017,,completed
4303,ALPINE,A110,1609,A110 I 1.1966-12.1970,1.1966,12.1970,completed
4304,ALPINE,A290,45801,A290 7.2024,7.2024,,completed
4305,ALPINE,A310,1611,A310 1.1971-12.1984,1.1971,12.1984,completed
4306,ALPINE,A610,1613,A610 1.1991-4.1995,1.1991,4.1995,completed
4307,ALPINE,BERLINETTE,1612,BERLINETTE 1.1976-12.1977,1.1976,12.1977,completed
4308,ALPINE,V6,3488,V6 1.1985-3.1992,1.1985,3.1992,completed
4309,ALRENDO,TS BRAVO,43693,TS BRAVO,,,completed
4310,AMC,CONCORD,30053,CONCORD Saloon 9.1977-12.1983,9.1977,12.1983,completed
4311,AMC,EAGLE,30060,EAGLE Saloon 9.1979-12.1987,9.1979,12.1987,completed
4312,APRILIA,AF-1,12054,AF-1,,,completed
4313,APRILIA,AMICO,12055,AMICO,,,completed
4314,APRILIA,AREA,12056,AREA,,,completed
4315,APRILIA,ATLANTIC,12057,ATLANTIC,,,completed
4316,APRILIA,CAPONORD,13557,CAPONORD,,,completed
4317,APRILIA,CLASSIC,12058,CLASSIC,,,completed
4318,APRILIA,CUBE,12059,CUBE,,,completed
4319,APRILIA,DORSODURO,12060,DORSODURO,,,completed
4320,APRILIA,ET,12061,ET,,,completed
4321,APRILIA,ETV,12062,ETV,,,completed
4322,APRILIA,ETX,12063,ETX,,,completed
4323,APRILIA,EUROPA,12064,EUROPA,,,completed
4324,APRILIA,GULLIVER,12065,GULLIVER,,,completed
4325,APRILIA,HABANA,12066,HABANA,,,completed
4326,APRILIA,LEONARDO,12067,LEONARDO,,,completed
4327,APRILIA,MANA,12068,MANA,,,completed
4328,APRILIA,MC,12069,MC,,,completed
4329,APRILIA,MOJITO,12070,MOJITO,,,completed
4330,APRILIA,MOTO,12071,MOTO,,,completed
4331,APRILIA,MX,12072,MX,,,completed
4332,APRILIA,PEGASO,12073,PEGASO,,,completed
4333,APRILIA,RALLY,12074,RALLY,,,completed
4334,APRILIA,RC,12075,RC,,,completed
4335,APRILIA,RED ROSE,12076,RED ROSE,,,completed
4336,APRILIA,RS,12077,RS,,,completed
4337,APRILIA,RS4,12078,RS4,,,completed
4338,APRILIA,RST,12079,RST,,,completed
4339,APRILIA,RSV,12080,RSV,,,completed
4340,APRILIA,RSV4,12081,RSV4,,,completed
4341,APRILIA,RX,12082,RX,,,completed
4342,APRILIA,RXV,13556,RXV,,,completed
4343,APRILIA,SCARABEO,12083,SCARABEO,,,completed
4344,APRILIA,SHIVER,14919,SHIVER,,,completed
4345,APRILIA,SL,12084,SL,,,completed
4346,APRILIA,SONIC,12085,SONIC,,,completed
4347,APRILIA,SPORTCITY,12086,SPORTCITY,,,completed
4348,APRILIA,SR,12087,SR,,,completed
4349,APRILIA,SR GT,42865,SR GT,,,completed
4350,APRILIA,SR MAX,12053,SR MAX,,,completed
4351,APRILIA,SRV,12088,SRV,,,completed
4352,APRILIA,SX,12089,SX,,,completed
4353,APRILIA,SXR,41925,SXR,,,completed
4354,APRILIA,SXV,13555,SXV,,,completed
4355,APRILIA,TUAREG,12090,TUAREG,,,completed
4356,APRILIA,TUONO,12091,TUONO,,,completed
4357,APRILIA,WIND,12092,WIND,,,completed
4358,ARIEL,ATOM,44556,ATOM 6.2000,6.2000,,completed
4359,ARIEL,NOMAD,44557,NOMAD 6.2023,6.2023,,completed
4360,ARO,10,4174,10 6.1980-10.2006,6.1980,10.2006,completed
4361,ARO,240-244,4079,240-244 4.1978-12.2006,4.1978,12.2006,completed
4362,ARO,SPARTANA,4220,SPARTANA Pick Up 1.1997-10.2006,1.1997,10.2006,completed
4363,ARTEGA,GT,9610,GT 7.2009-9.2012,7.2009,9.2012,completed
4364,ASIA MOTORS,HI-TOPIC,1927,HI-TOPIC (AM715) 6.1993-12.1999,6.1993,12.1999,completed
4365,ASIA MOTORS,ROCSTA,1912,ROCSTA Open Off-Road Vehicle (AM102) 11.1989-12.1999,11.1989,12.1999,completed
4366,ASIAWING,ENDURO,37384,ENDURO,,,completed
4367,ASIAWING,SUPERMOTO,37385,SUPERMOTO,,,completed
4368,ASTON MARTIN,CYGNET,9027,CYGNET 4.2011-10.2013,4.2011,10.2013,completed
4369,ASTON MARTIN,DB11,38323,DB11 Volante 10.2017,10.2017,,completed
4370,ASTON MARTIN,DB11,36380,DB11 Vantage 1.2016,1.2016,,completed
4371,ASTON MARTIN,DB12,44427,DB12 Coupe 9.2023,9.2023,,completed
4372,ASTON MARTIN,DB12,44718,DB12 Volante 8.2023,8.2023,,completed
4373,ASTON MARTIN,DB6,1944,DB6 Vantage 10.1964-12.1970,10.1964,12.1970,completed
4374,ASTON MARTIN,DB6,1945,DB6 Volante 10.1964-12.1970,10.1964,12.1970,completed
4375,ASTON MARTIN,DB7,1959,DB7 Volante 11.1995-10.2003,11.1995,10.2003,completed
4376,ASTON MARTIN,DB7,1958,DB7 Vantage 1.1994-10.2003,1.1994,10.2003,completed
4377,ASTON MARTIN,DB9,5092,DB9 Volante 4.2004-10.2016,4.2004,10.2016,completed
4378,ASTON MARTIN,DB9,5091,DB9 Vantage 1.2004-10.2016,1.2004,10.2016,completed
4379,ASTON MARTIN,DBS,39592,DBS Volante 4.2019,4.2019,,completed
4380,ASTON MARTIN,DBS,39224,DBS Coupe 6.2018,6.2018,,completed
4381,ASTON MARTIN,DBS,8926,DBS Vantage 9.2007,9.2007,,completed
4382,ASTON MARTIN,DBS,8928,DBS Volante 9.2007,9.2007,,completed
4383,ASTON MARTIN,DBS,1946,DBS Vantage 1.1966-12.1972,1.1966,12.1972,completed
4384,ASTON MARTIN,DBX,40521,DBX 11.2019,11.2019,,completed
4385,ASTON MARTIN,LAGONDA,1947,LAGONDA I 1.1976-12.1997,1.1976,12.1997,completed
4386,ASTON MARTIN,LAGONDA,1948,LAGONDA I Shooting Brake 1.1976-12.1997,1.1976,12.1997,completed
4387,ASTON MARTIN,ONE-77,9542,ONE-77 6.2010-6.2012,6.2010,6.2012,completed
4388,ASTON MARTIN,RAPIDE,8544,RAPIDE 3.2010,3.2010,,completed
4389,ASTON MARTIN,TICKFORD CAPRI,1949,TICKFORD CAPRI 1.1982-12.1985,1.1982,12.1985,completed
4390,ASTON MARTIN,V12,42781,V12 Speedster 6.2021,6.2021,,completed
4391,ASTON MARTIN,V8,1951,V8 Volante 1.1978-12.1989,1.1978,12.1989,completed
4392,ASTON MARTIN,V8,1950,V8 Vantage 1.1969-2.1993,1.1969,2.1993,completed
4393,ASTON MARTIN,VALHALLA,45503,VALHALLA 3.2024,3.2024,,completed
4394,ASTON MARTIN,VALIANT,45707,VALIANT 7.2024,7.2024,,completed
4395,ASTON MARTIN,VALKYRIE,45367,VALKYRIE 5.2021,5.2021,,completed
4396,ASTON MARTIN,VALOUR,45053,VALOUR 11.2023,11.2023,,completed
4397,ASTON MARTIN,VANQUISH,45878,VANQUISH 9.2024,9.2024,,completed
4398,ASTON MARTIN,VANQUISH,11586,VANQUISH Volante 9.2013,9.2013,,completed
4399,ASTON MARTIN,VANQUISH,10732,VANQUISH Vantage 10.2012,10.2012,,completed
4400,ASTON MARTIN,VANQUISH,4799,VANQUISH Vantage 5.2001-8.2007,5.2001,8.2007,completed
4401,ASTON MARTIN,VANTAGE,40547,VANTAGE Roadster 2.2020,2.2020,,completed
4402,ASTON MARTIN,VANTAGE,38324,VANTAGE Coupe 11.2017,11.2017,,completed
4403,ASTON MARTIN,VANTAGE,6394,VANTAGE Volante 4.2007,4.2007,,completed
4404,ASTON MARTIN,VANTAGE,6393,VANTAGE Vantage 10.2005,10.2005,,completed
4405,ASTON MARTIN,VIRAGE,9540,VIRAGE Vantage 2.2011,2.2011,,completed
4406,ASTON MARTIN,VIRAGE,9541,VIRAGE Volante 2.2011-12.2014,2.2011,12.2014,completed
4407,ASTON MARTIN,VIRAGE,1956,VIRAGE Saloon 1.1994-12.1995,1.1994,12.1995,completed
4408,ASTON MARTIN,VIRAGE,1955,VIRAGE Shooting Brake 1.1993-12.1995,1.1993,12.1995,completed
4409,ASTON MARTIN,VIRAGE,3956,VIRAGE Vantage 10.1992-12.2000,10.1992,12.2000,completed
4410,ASTON MARTIN,VIRAGE,3914,VIRAGE Volante 9.1990-12.2000,9.1990,12.2000,completed
4411,ASTON MARTIN,VIRAGE,1954,VIRAGE Vantage 4.1987-12.1992,4.1987,12.1992,completed
4412,ASTON MARTIN,VIRAGE Limited Edition,1957,VIRAGE Limited Edition Vantage 1.1995-12.1995,1.1995,12.1995,completed
4413,ASTON MARTIN,ZAGATO,10197,ZAGATO Vantage 5.2012,5.2012,,completed
4414,ASTON MARTIN,ZAGATO,1952,ZAGATO Vantage 1.1986-12.1989,1.1986,12.1989,completed
4415,ASTON MARTIN,ZAGATO,1953,ZAGATO Volante 1.1986-12.1989,1.1986,12.1989,completed
4416,ATALA,BYTE,38694,BYTE,,,completed
4417,ATALA,CAROSELLO,38697,CAROSELLO,,,completed
4418,ATALA,HACKER,38699,HACKER,,,completed
4419,ATALA,SKEGGIA,38703,SKEGGIA,,,completed
4420,AUSTIN,1000-Series,83,1000-Series MK II 10.1962-12.1974,10.1962,12.1974,completed
4421,AUSTIN,ALLEGRO,4360,ALLEGRO I Estate (ADO 67) 1.1975-12.1983,1.1975,12.1983,completed
4422,AUSTIN,ALLEGRO,343,ALLEGRO I Hatchback (ADO 67) 5.1973-10.1983,5.1973,10.1983,completed
4423,AUSTIN,ALLEGRO,7646,ALLEGRO I Saloon 2.1973-12.1984,2.1973,12.1984,completed
4424,AUSTIN,AMBASSADOR,4361,AMBASSADOR I Fastback 3.1982-10.1984,3.1982,10.1984,completed
4425,AUSTIN,APACHE,4469,APACHE 11.1971-10.1974,11.1971,10.1974,completed
4426,AUSTIN,MAESTRO,240,MAESTRO Fastback (XC) 3.1983-9.1992,3.1983,9.1992,completed
4427,AUSTIN,MAXI,4493,MAXI II Fastback 10.1980-12.1982,10.1980,12.1982,completed
4428,AUSTIN,MAXI,267,MAXI I Fastback 4.1969-10.1980,4.1969,10.1980,completed
4429,AUSTIN,METRO,271,METRO I Fastback (XF) 10.1980-4.1990,10.1980,4.1990,completed
4430,AUSTIN,MINI,41775,MINI II 10.1967-6.1994,10.1967,6.1994,completed
4431,AUSTIN,MINI,11257,MINI I Estate Van 1.1960-12.1980,1.1960,12.1980,completed
4432,AUSTIN,MINI,276,MINI I 9.1958-6.1994,9.1958,6.1994,completed
4433,AUSTIN,MONTEGO,302,MONTEGO Estate (XE) 10.1984-9.1992,10.1984,9.1992,completed
4434,AUSTIN,MONTEGO,297,MONTEGO (XE) 4.1984-12.1993,4.1984,12.1993,completed
4435,AUSTIN,PRINCESS,4450,PRINCESS 2 9.1978-10.1982,9.1978,10.1982,completed
4436,AUSTIN,PRINCESS,448,PRINCESS 4.1976-9.1978,4.1976,9.1978,completed
4437,AUSTIN-HEALEY,100,37919,100 1.1953-12.1959,1.1953,12.1959,completed
4438,AUSTIN-HEALEY,3000,12992,3000 MK.III Convertible 3.1964-10.1971,3.1964,10.1971,completed
4439,AUSTIN-HEALEY,3000,12996,3000 MK.I Convertible 1.1959-12.1961,1.1959,12.1961,completed
4440,AUSTIN-HEALEY,SPRITE,12993,SPRITE MK.IV Convertible 3.1966-10.1971,3.1966,10.1971,completed
4441,AUSTIN-HEALEY,SPRITE MK.III,4451,SPRITE MK.III Convertible 3.1964-10.1966,3.1964,10.1966,completed
4442,AUTO UNION,AU 1000,1745,AU 1000 Coupe 6.1958-6.1965,6.1958,6.1965,completed
4443,AUTO UNION,AU 1000,1740,AU 1000 4.1958-6.1965,4.1958,6.1965,completed
4444,AUTO UNION,DKW F10,1726,DKW F10 4.1950-6.1953,4.1950,6.1953,completed
4445,AUTO UNION,DKW F102,1729,DKW F102 3.1964-8.1966,3.1964,8.1966,completed
4446,AUTO UNION,DKW F11,1727,DKW F11 2.1959-8.1966,2.1959,8.1966,completed
4447,AUTO UNION,DKW F12,1728,DKW F12 11.1962-8.1966,11.1962,8.1966,completed
4448,AUTO UNION,DKW F12,3584,DKW F12 Convertible 11.1962-8.1966,11.1962,8.1966,completed
4449,AUTO UNION,DKW MEISTERKLASSE,1731,DKW MEISTERKLASSE Universal 12.1951-2.1955,12.1951,2.1955,completed
4450,AUTO UNION,DKW MEISTERKLASSE,1730,DKW MEISTERKLASSE F 8.1950-2.1955,8.1950,2.1955,completed
4451,AUTO UNION,DKW SONDERKLASSE,1732,DKW SONDERKLASSE 4.1953-2.1957,4.1953,2.1957,completed
4452,AUTO UNION,DKW SONDERKLASSE,1733,DKW SONDERKLASSE Universal 4.1953-2.1957,4.1953,2.1957,completed
4453,AUTO UNION,DKW SONDERKLASSE F,1734,DKW SONDERKLASSE F Universal 5.1956-2.1960,5.1956,2.1960,completed
4454,AUTO UNION,DKW SONDERKLASSE F,3496,DKW SONDERKLASSE F 9.1955-2.1960,9.1955,2.1960,completed
4455,AUTO UNION,MUNGA,1725,MUNGA 11.1956-6.1969,11.1956,6.1969,completed
4456,AUTOBIANCHI,A 111,1600,A 111 8.1969-11.1972,8.1969,11.1972,completed
4457,AUTOBIANCHI,A 112,1601,A 112 10.1969-12.1986,10.1969,12.1986,completed
4458,AUTOBIANCHI,BIANCHINA,7560,BIANCHINA Berlina 1.1962-12.1969,1.1962,12.1969,completed
4459,AUTOBIANCHI,BIANCHINA,7558,BIANCHINA Convertible 1.1960-12.1969,1.1960,12.1969,completed
4460,AUTOBIANCHI,BIANCHINA,7559,BIANCHINA Estate 1.1960-12.1969,1.1960,12.1969,completed
4461,AUTOBIANCHI,BIANCHINA,7557,BIANCHINA Coupe 1.1957-12.1962,1.1957,12.1962,completed
4462,AUTOBIANCHI,PRIMULA,7561,PRIMULA Berlina 1.1964-12.1970,1.1964,12.1970,completed
4463,AUTOBIANCHI,PRIMULA,7562,PRIMULA Coupe 1.1964-12.1970,1.1964,12.1970,completed
4464,AUTOBIANCHI,Y10,4822,Y10 3.1985-10.1995,3.1985,10.1995,completed
4465,BAC,MONO,45314,MONO 4.2019,4.2019,,completed
4466,BAIC,SENOVA X25,14847,SENOVA X25 11.2015,11.2015,,completed
4467,BAIC,SENOVA X35,36762,SENOVA X35 5.2016,5.2016,,completed
4468,BAIC,SENOVA X65,13965,SENOVA X65 3.2015,3.2015,,completed
4469,BAIC,X35,42481,X35 9.2021,9.2021,,completed
4470,BAIC,X7,45469,X75 6.2020,6.2020,,completed
4471,BAOTIAN,10,14716,10,,,completed
4472,BAOTIAN,11,14717,11,,,completed
4473,BAOTIAN,12A,14718,12A,,,completed
4474,BAOTIAN,12C,14719,12C,,,completed
4475,BAOTIAN,12D,14720,12D,,,completed
4476,BAOTIAN,12E,14721,12E,,,completed
4477,BAOTIAN,12F,14722,12F,,,completed
4478,BAOTIAN,12G,14723,12G,,,completed
4479,BAOTIAN,12P,14724,12P,,,completed
4480,BAOTIAN,18C,14725,18C,,,completed
4481,BAOTIAN,18E,14726,18E,,,completed
4482,BAOTIAN,18F,14727,18F,,,completed
4483,BAOTIAN,20B,14728,20B,,,completed
4484,BAOTIAN,21B,14729,21B,,,completed
4485,BAOTIAN,22C,14730,22C,,,completed
4486,BAOTIAN,22D,14731,22D,,,completed
4487,BAOTIAN,22E,14732,22E,,,completed
4488,BAOTIAN,22F,14733,22F,,,completed
4489,BAOTIAN,22P,14734,22P,,,completed
4490,BAOTIAN,28A,14735,28A,,,completed
4491,BAOTIAN,2A,14698,2A,,,completed
4492,BAOTIAN,2C,14699,2C,,,completed
4493,BAOTIAN,6A,14700,6A,,,completed
4494,BAOTIAN,6B,14701,6B,,,completed
4495,BAOTIAN,7A,14702,7A,,,completed
4496,BAOTIAN,7B,14703,7B,,,completed
4497,BAOTIAN,7C,14704,7C,,,completed
4498,BAOTIAN,8A,14705,8A,,,completed
4499,BAOTIAN,8B,14706,8B,,,completed
4500,BAOTIAN,9D,14708,9D,,,completed
4501,BAOTIAN,9F,14709,9F,,,completed
4502,BAOTIAN,9N,14710,9N,,,completed
4503,BAOTIAN,9O,14711,9O,,,completed
4504,BAOTIAN,9P,14712,9P,,,completed
4505,BAOTIAN,9R,14713,9R,,,completed
4506,BAOTIAN,9S,14714,9S,,,completed
4507,BAOTIAN,9T,14715,9T,,,completed
4508,BAOTIAN,QT11,38601,QT11,,,completed
4509,BAOTIAN,QT12,38598,QT12,,,completed
4510,BAOTIAN,QT3,38599,QT3,,,completed
4511,BAOTIAN,QT9,38600,QT9,,,completed
4512,BAOTIAN,T2,38596,T2,,,completed
4513,BAOTIAN,T9,38597,T9,,,completed
4514,BARKAS,B 1000,1595,B 1000 Bus (KB) 1.1976-12.1991,1.1976,12.1991,completed
4515,BARKAS,B 1000,1967,B 1000 Van (KM) 1.1976-12.1991,1.1976,12.1991,completed
4516,BARKAS,B 1000,3990,B 1000 Bus (KO) 4.1967-12.1991,4.1967,12.1991,completed
4517,BAW,BJ 212,40934,BJ 212 Closed Off-Road Vehicle 5.2020,5.2020,,completed
4518,BEDFORD,ASTRA VAN,7661,ASTRA VAN Estate Van 9.1984-8.1991,9.1984,8.1991,completed
4519,BEDFORD,ASTRAMAX,7662,ASTRAMAX Box Body/MPV 9.1985-6.1990,9.1985,6.1990,completed
4520,BEDFORD,BLITZ,3573,BLITZ 8.1969-10.1987,8.1969,10.1987,completed
4521,BEDFORD,CF,36906,CF Bus 8.1969-12.1988,8.1969,12.1988,completed
4522,BEDFORD,CF,37707,CF Platform/Chassis 8.1969-12.1988,8.1969,12.1988,completed
4523,BEDFORD,CF,37710,CF Van 8.1969-12.1988,8.1969,12.1988,completed
4524,BEDFORD,CHEVANNE,3567,CHEVANNE 6.1976-12.1982,6.1976,12.1982,completed
4525,BEDFORD,HA,13432,HA 5.1963-5.1983,5.1963,5.1983,completed
4526,BEDFORD,MIDI,1070,MIDI Bus 9.1984-8.1992,9.1984,8.1992,completed
4527,BEDFORD,MIDI,3568,MIDI Van 8.1984-8.1992,8.1984,8.1992,completed
4528,BEDFORD,RASCAL,3570,RASCAL Bus 6.1986-6.1990,6.1986,6.1990,completed
4529,BEDFORD,RASCAL,7663,RASCAL Platform/Chassis 6.1986-6.1990,6.1986,6.1990,completed
4530,BEDFORD,RASCAL,3571,RASCAL Van 6.1986-6.1990,6.1986,6.1990,completed
4531,BEELINE,MEMORY,14587,MEMORY,,,completed
4532,BEELINE,PISTA,36487,PISTA,,,completed
4533,BEELINE,TAPO,36488,TAPO,,,completed
4534,BEIJING,X3,40615,X3 7.2019,7.2019,,completed
4535,BENELLI,125,12093,125,,,completed
4536,BENELLI,250-2,12094,250-2,,,completed
4537,BENELLI,254,12095,254,,,completed
4538,BENELLI,2C,14780,2C,,,completed
4539,BENELLI,304,12096,304,,,completed
4540,BENELLI,350,14781,350,,,completed
4541,BENELLI,354,12097,354,,,completed
4542,BENELLI,491,12098,491,,,completed
4543,BENELLI,500,14778,500,,,completed
4544,BENELLI,502,43602,502,,,completed
4545,BENELLI,654,12099,654,,,completed
4546,BENELLI,750,14779,750,,,completed
4547,BENELLI,752S,42948,752S,,,completed
4548,BENELLI,900,12100,900,,,completed
4549,BENELLI,ADIVA,12101,ADIVA,,,completed
4550,BENELLI,BN,36267,BN,,,completed
4551,BENELLI,BX,36270,BX,,,completed
4552,BENELLI,IMPERIALE,40016,IMPERIALE,,,completed
4553,BENELLI,LEONCINO,36269,LEONCINO,,,completed
4554,BENELLI,NAKED,12102,NAKED,,,completed
4555,BENELLI,PEPE,12103,PEPE,,,completed
4556,BENELLI,QUATTRONOVE X,38432,QUATTRONOVE X,,,completed
4557,BENELLI,RCX,44104,RCX,,,completed
4558,BENELLI,S,12104,S,,,completed
4559,BENELLI,TNT,13554,TNT,,,completed
4560,BENELLI,TORNADO,12105,TORNADO,,,completed
4561,BENELLI,TREK,13553,TREK,,,completed
4562,BENELLI,TRK,36268,TRK,,,completed
4563,BENELLI,VELVET,12106,VELVET,,,completed
4564,BENTLEY,ARNAGE,7391,ARNAGE Coupe 9.2005-7.2010,9.2005,7.2010,completed
4565,BENTLEY,ARNAGE,4460,ARNAGE (RBS_) 3.1998-12.2013,3.1998,12.2013,completed
4566,BENTLEY,AZURE,5583,AZURE II (RBS_) 6.2006,6.2006,,completed
4567,BENTLEY,AZURE,4929,AZURE 9.1995-6.2006,9.1995,6.2006,completed
4568,BENTLEY,BENTAYGA,14812,"BENTAYGA (4V1, ZV1) 10.2015",10.2015,,completed
4569,BENTLEY,BROOKLANDS,8963,BROOKLANDS Coupe (RBS_) 3.2008,3.2008,,completed
4570,BENTLEY,BROOKLANDS,5910,BROOKLANDS 7.1992-9.1997,7.1992,9.1997,completed
4571,BENTLEY,CONTINENTAL,39437,CONTINENTAL Convertible (3S_) 12.2018,12.2018,,completed
4572,BENTLEY,CONTINENTAL,38200,CONTINENTAL Coupe (3S3) 9.2017,9.2017,,completed
4573,BENTLEY,CONTINENTAL,6415,"CONTINENTAL Convertible (3W_, 394) 6.2006-11.2018",6.2006,11.2018,completed
4574,BENTLEY,CONTINENTAL,5093,"CONTINENTAL Coupe (3W_, 393) 6.2003-7.2018",6.2003,7.2018,completed
4575,BENTLEY,CONTINENTAL,4930,CONTINENTAL 10.1991-12.2002,10.1991,12.2002,completed
4576,BENTLEY,CONTINENTAL,5964,CONTINENTAL Convertible 10.1989-12.1995,10.1989,12.1995,completed
4577,BENTLEY,CONTINENTAL,5963,CONTINENTAL Convertible 7.1984-12.1990,7.1984,12.1990,completed
4578,BENTLEY,CONTINENTAL FLYING SPUR,5416,CONTINENTAL FLYING SPUR (3W_) 3.2005-12.2013,3.2005,12.2013,completed
4579,BENTLEY,CORNICHE,30279,CORNICHE Convertible 3.1971-12.1984,3.1971,12.1984,completed
4580,BENTLEY,CORNICHE,30280,CORNICHE Coupe 9.1970-6.1984,9.1970,6.1984,completed
4581,BENTLEY,EIGHT,5990,EIGHT 7.1984-9.1992,7.1984,9.1992,completed
4582,BENTLEY,FLYING SPUR,40211,"FLYING SPUR (ZG2_, Z32_) 4.2019",4.2019,,completed
4583,BENTLEY,FLYING SPUR,11490,FLYING SPUR (4W_) 3.2013,3.2013,,completed
4584,BENTLEY,MULSANNE,8950,MULSANNE (3Y_) 9.2009-12.2020,9.2009,12.2020,completed
4585,BENTLEY,MULSANNE,6098,MULSANNE 10.1980-9.1992,10.1980,9.1992,completed
4586,BENTLEY,T2 SERIES,30287,T2 SERIES Saloon 9.1976-2.1981,9.1976,2.1981,completed
4587,BENTLEY,TURBO R,6191,TURBO R 3.1985-2.1998,3.1985,2.1998,completed
4588,BENZHOU,YY,38466,YY,,,completed
4589,BERTONE,FREECLIMBER,4223,FREECLIMBER 2 3.1992-12.1999,3.1992,12.1999,completed
4590,BERTONE,FREECLIMBER,4222,FREECLIMBER 6.1989-12.1993,6.1989,12.1993,completed
4591,BESTUNE,T77,40303,T77 11.2018,11.2018,,completed
4592,BETA,ALP,14207,ALP,,,completed
4593,BETA,EIKON,14785,EIKON,,,completed
4594,BETA,EVO,42950,EVO,,,completed
4595,BETA,M,36681,M,,,completed
4596,BETA,RR,14550,RR,,,completed
4597,BETA,URBAN,36679,URBAN,,,completed
4598,BETA,XTRAINER,36678,XTRAINER,,,completed
4599,BIMOTA,DB5,14458,DB5,,,completed
4600,BIMOTA,DB6,14459,DB6,,,completed
4601,BIMOTA,DB7,14460,DB7,,,completed
4602,BIMOTA,DB8,37786,DB8,,,completed
4603,BIMOTA,DB9,37785,DB9,,,completed
4604,BIMOTA,IMPETO,36237,IMPETO,,,completed
4605,BIMOTA,KB4,45008,KB4,,,completed
4606,BIMOTA,SBR,14462,SBR,,,completed
4607,BIMOTA,TESI,14463,TESI,,,completed
4608,BITTER,TYPE 3,4228,TYPE 3 Convertible 2.1987-6.1992,2.1987,6.1992,completed
4609,BOND,EQUIPE,4375,EQUIPE Mk. II Convertible 1.1968-12.1971,1.1968,12.1971,completed
4610,BOND,EQUIPE,4374,EQUIPE Mk. II Coupe 1.1968-12.1971,1.1968,12.1971,completed
4611,BOND,EQUIPE,4373,EQUIPE Coupe 1.1967-12.1970,1.1967,12.1970,completed
4612,BORGWARD,ISABELLA,2055,ISABELLA 6.1954-2.1962,6.1954,2.1962,completed
4613,BRISTOL,411,4229,411 Saloon 1.1969-12.1976,1.1969,12.1976,completed
4614,BRISTOL,412,38687,412 Convertible 1.1980-2.1983,1.1980,2.1983,completed
4615,BRISTOL,603,37521,603 Coupe 10.1976-2.1983,10.1976,2.1983,completed
4616,BRISTOL,BEAUFIGHTER,37517,BEAUFIGHTER 10.1982-12.1991,10.1982,12.1991,completed
4617,BRISTOL,BLENHEIM,9095,BLENHEIM Convertible 1.2001-4.2011,1.2001,4.2011,completed
4618,BRISTOL,BLENHEIM,9094,BLENHEIM 7.1993-4.2011,7.1993,4.2011,completed
4619,BRISTOL,BRIGAND,37518,BRIGAND 10.1982-2.1985,10.1982,2.1985,completed
4620,BRISTOL,BRITANNIA,37516,BRITANNIA 10.1982-9.1993,10.1982,9.1993,completed
4621,BRISTOL,BULLET,39212,BULLET 7.2016,7.2016,,completed
4622,BRISTOL,FIGHTER,9096,FIGHTER 4.2005-4.2011,4.2005,4.2011,completed
4623,BRIXTON,BX,36498,BX,,,completed
4624,BRIXTON,CROMWELL,41971,CROMWELL,,,completed
4625,BRIXTON,CROSSFIRE,41968,CROSSFIRE,,,completed
4626,BRIXTON,FELSBERG,41974,FELSBERG,,,completed
4627,BRIXTON,RAYBURN,41975,RAYBURN,,,completed
4628,BRIXTON,SUNRAY,41969,SUNRAY,,,completed
4629,BSA MOTORCYCLES,BANTAM,44010,BANTAM,,,completed
4630,BSA MOTORCYCLES,GOLD STAR,44029,GOLD STAR,,,completed
4631,BUELL,1125,12113,1125,,,completed
4632,BUELL,CYCLONE,12114,CYCLONE,,,completed
4633,BUELL,FIREBOLT,12115,FIREBOLT,,,completed
4634,BUELL,LIGHTNING,12116,LIGHTNING,,,completed
4635,BUELL,THUNDERBOLT,36358,THUNDERBOLT,,,completed
4636,BUELL,XB12R,36361,XB12R,,,completed
4637,BUELL,XB12S,14570,XB12S,,,completed
4638,BUELL,XB12X,12117,XB12X,,,completed
4639,BUELL,XB12XT,12118,XB12XT,,,completed
4640,BUELL,XB9,14569,XB9,,,completed
4641,BUGATTI,CHIRON,36821,CHIRON 4.2016,4.2016,,completed
4642,BUGATTI,DIVO,38950,DIVO 8.2018,8.2018,,completed
4643,BUGATTI,EB 110,4230,EB 110 9.1991-12.1996,9.1991,12.1996,completed
4644,BUGATTI,VEYRON EB 16.4,4796,VEYRON EB 16.4 10.2003-12.2012,10.2003,12.2012,completed
4645,BUGATTI,VEYRON Grand Sport EB 16.4,10177,VEYRON Grand Sport EB 16.4 3.2009,3.2009,,completed
4646,BUICK,CENTURY,6640,CENTURY Saloon 10.1996-2.2005,10.1996,2.2005,completed
4647,BUICK,CENTURY,6638,CENTURY Coupe (4A_) 9.1981-12.1996,9.1981,12.1996,completed
4648,BUICK,CENTURY,5941,CENTURY Estate (4_35) 9.1981-12.1996,9.1981,12.1996,completed
4649,BUICK,CENTURY,5938,CENTURY Saloon 5.1981-12.1996,5.1981,12.1996,completed
4650,BUICK,CENTURY,6639,CENTURY Estate (A) 9.1977-12.1981,9.1977,12.1981,completed
4651,BUICK,CENTURY,1986,CENTURY Saloon 9.1977-12.1981,9.1977,12.1981,completed
4652,BUICK,ELECTRA,5995,ELECTRA 10.1984-9.1991,10.1984,9.1991,completed
4653,BUICK,ELECTRA,5993,ELECTRA 9.1975-12.1984,9.1975,12.1984,completed
4654,BUICK,LESABRE,4094,LESABRE 1.1999,1.1999,,completed
4655,BUICK,LESABRE,6074,LESABRE 10.1991-9.1995,10.1991,9.1995,completed
4656,BUICK,LESABRE,6073,LESABRE 10.1985-9.1991,10.1985,9.1991,completed
4657,BUICK,PARK AVENUE,5815,PARK AVENUE 10.1996-12.2005,10.1996,12.2005,completed
4658,BUICK,PARK AVENUE,3503,PARK AVENUE 10.1990-10.1996,10.1990,10.1996,completed
4659,BUICK,REGAL,6121,REGAL 9.1988-9.1997,9.1988,9.1997,completed
4660,BUICK,REGAL,6120,REGAL 10.1987-9.1991,10.1987,9.1991,completed
4661,BUICK,ROADMASTER,6125,ROADMASTER Estate 10.1990-12.1996,10.1990,12.1996,completed
4662,BUICK,SKYLARK,9560,SKYLARK 9.1991-12.1999,9.1991,12.1999,completed
4663,BUICK,SKYLARK,14513,SKYLARK 9.1984-12.1991,9.1984,12.1991,completed
4664,BUICK,SKYLARK,1985,SKYLARK (N) 4.1979-12.1985,4.1979,12.1985,completed
4665,BYD,ATTO 3,42702,ATTO 3 2.2022,2.2022,,completed
4666,BYD,DOLPHIN,42373,DOLPHIN 8.2021,8.2021,,completed
4667,BYD,HAN,40961,HAN 7.2020,7.2020,,completed
4668,BYD,SEA LION 07,45520,SEALION 7 5.2024,5.2024,,completed
4669,BYD,SEAL,43107,SEAL 7.2022,7.2022,,completed
4670,BYD,SEAL 06,45615,SEAL 6 DM-i Saloon 5.2024,5.2024,,completed
4671,BYD,SEAL U,45173,SEAL U 2.2024,2.2024,,completed
4672,BYD,SONG Pro,39674,SONG PRO 7.2019,7.2019,,completed
4673,BYD,SONG PRO,39674,SONG PRO 7.2019,7.2019,,completed
4674,BYD,TANG,39205,TANG 6.2018,6.2018,,completed
4675,BYD,YUAN UP,45331,ATTO 2 3.2024,3.2024,,completed
4676,CADILLAC,ALLANTE,5861,ALLANTE Coupe (V) 1.1991-9.1993,1.1991,9.1993,completed
4677,CADILLAC,ALLANTE,5860,ALLANTE Convertible (V) 9.1985-9.1993,9.1985,9.1993,completed
4678,CADILLAC,ATS,11211,ATS 2.2013,2.2013,,completed
4679,CADILLAC,ATS,13025,ATS Coupe 2.2013,2.2013,,completed
4680,CADILLAC,BLS,6721,BLS Wagon 12.2007,12.2007,,completed
4681,CADILLAC,BLS,6398,BLS 4.2006,4.2006,,completed
4682,CADILLAC,CT5,40423,CT5 5.2019,5.2019,,completed
4683,CADILLAC,CT6,14831,CT6 11.2015-12.2020,11.2015,12.2020,completed
4684,CADILLAC,CTS,11758,CTS 9.2013,9.2013,,completed
4685,CADILLAC,CTS,13022,CTS Coupe 9.2013,9.2013,,completed
4686,CADILLAC,CTS,9018,CTS Coupe 1.2008,1.2008,,completed
4687,CADILLAC,CTS,9019,CTS Sport Wagon 1.2008,1.2008,,completed
4688,CADILLAC,CTS,6723,CTS 7.2007,7.2007,,completed
4689,CADILLAC,CTS,4861,CTS 3.2002-12.2007,3.2002,12.2007,completed
4690,CADILLAC,DEVILLE,5984,DEVILLE 9.1999-12.2005,9.1999,12.2005,completed
4691,CADILLAC,DEVILLE,5983,DEVILLE 9.1993-9.1999,9.1993,9.1999,completed
4692,CADILLAC,DEVILLE,5982,DEVILLE 9.1989-9.1993,9.1989,9.1993,completed
4693,CADILLAC,ELDORADO,4599,ELDORADO Coupe 9.1991-9.2002,9.1991,9.2002,completed
4694,CADILLAC,ELDORADO,5992,ELDORADO Coupe 10.1987-9.1991,10.1987,9.1991,completed
4695,CADILLAC,ESCALADE,14112,ESCALADE 9.2014,9.2014,,completed
4696,CADILLAC,ESCALADE,7396,ESCALADE 10.2006-12.2015,10.2006,12.2015,completed
4697,CADILLAC,ESCALADE,3900,ESCALADE 10.1998-12.2006,10.1998,12.2006,completed
4698,CADILLAC,ESCALADE IQ,45666,ESCALADE IQ 6.2024,6.2024,,completed
4699,CADILLAC,FLEETWOOD,6005,FLEETWOOD Saloon 9.1992-9.1997,9.1992,9.1997,completed
4700,CADILLAC,FLEETWOOD,14567,FLEETWOOD Saloon 9.1988-12.1993,9.1988,12.1993,completed
4701,CADILLAC,FLEETWOOD,30548,FLEETWOOD Saloon 9.1976-12.1986,9.1976,12.1986,completed
4702,CADILLAC,LYRIQ,42476,LYRIQ (6M_) 10.2021,10.2021,,completed
4703,CADILLAC,SEVILLE,4585,SEVILLE 9.1997-9.2004,9.1997,9.2004,completed
4704,CADILLAC,SEVILLE,1987,SEVILLE II (K) 9.1985-12.1991,9.1985,12.1991,completed
4705,CADILLAC,SEVILLE,34961,SEVILLE Saloon 8.1979-12.1985,8.1979,12.1985,completed
4706,CADILLAC,SRX,9561,SRX 1.2009-12.2016,1.2009,12.2016,completed
4707,CADILLAC,SRX,5161,SRX 9.2003-12.2009,9.2003,12.2009,completed
4708,CADILLAC,STS,13178,STS 9.2007-12.2012,9.2007,12.2012,completed
4709,CADILLAC,STS,5478,STS 9.2004-12.2007,9.2004,12.2007,completed
4710,CADILLAC,XLR,5121,XLR 9.2003-9.2009,9.2003,9.2009,completed
4711,CAGIVA,125,12119,125,,,completed
4712,CAGIVA,50,12121,50,,,completed
4713,CAGIVA,500,12122,500,,,completed
4714,CAGIVA,ALAZZURRA,12127,ALAZZURRA,,,completed
4715,CAGIVA,CANYON,12128,CANYON,,,completed
4716,CAGIVA,ELEFANT,12769,ELEFANT,,,completed
4717,CAGIVA,GRAN CANYON,12129,GRAN CANYON,,,completed
4718,CAGIVA,MITO,14189,MITO,,,completed
4719,CAGIVA,NAVIGATOR,12131,NAVIGATOR,,,completed
4720,CAGIVA,RAPTOR,12133,RAPTOR,,,completed
4721,CAGIVA,RIVER,12134,RIVER,,,completed
4722,CAGIVA,SST,12136,SST,,,completed
4723,CAGIVA,SX,12138,SX,,,completed
4724,CAGIVA,V-RAPTOR,12140,V-RAPTOR,,,completed
4725,CAGIVA,W,12141,W,,,completed
4726,CAGIVA,X-TRA,12142,X-TRA,,,completed
4727,CAKE,KALK,42779,KALK,,,completed
4728,CAKE,ÖSA,42778,ÖSA,,,completed
4729,CALLAWAY,C12,4232,C12 Convertible 3.1998-9.2003,3.1998,9.2003,completed
4730,CALLAWAY,C12,4231,C12 Coupe 3.1998-9.2003,3.1998,9.2003,completed
4731,CARBODIES,FL2,4234,FL2 1.1967-12.1989,1.1967,12.1989,completed
4732,CARBODIES,FX FAIRWAY,4236,FX FAIRWAY 1.1987-12.1996,1.1987,12.1996,completed
4733,CARBODIES,FX4,4235,FX4 1.1959-12.1989,1.1959,12.1989,completed
4734,CARBODIES,FX4R,4237,FX4R 1.1982-12.1985,1.1982,12.1985,completed
4735,CARBODIES,FX4S,4238,FX4S 1.1986-12.1989,1.1986,12.1989,completed
4736,CATERHAM,21,4249,21 (C2) 1.1994,1.1994,,completed
4737,CATERHAM,AEROSEVEN,38750,AEROSEVEN (AE) 2.2015,2.2015,,completed
4738,CATERHAM,SEVEN,4250,"SEVEN (CF, CS) 1.1980",1.1980,,completed
4739,CCM,GP,37634,GP,,,completed
4740,CEZETA,506,36231,506,,,completed
4741,CF MOTO,CL-C,45545,CL-C,,,completed
4742,CF MOTO,CL-X,42849,CL-X,,,completed
4743,CF MOTO,E-CHARM,38561,E-CHARM,,,completed
4744,CF MOTO,GLORY,38562,GLORY,,,completed
4745,CF MOTO,GT,42847,GT,,,completed
4746,CF MOTO,JETMAX,14758,JETMAX,,,completed
4747,CF MOTO,MT,42848,MT,,,completed
4748,CF MOTO,NK,42846,NK,,,completed
4749,CF MOTO,SR,43594,SR,,,completed
4750,CF MOTO,TK,42850,TK,,,completed
4751,CHANGAN,X5 PLUS,45147,X5 PLUS 1.2024,1.2024,,completed
4752,CHATENET,CH40,45199,CH40 Hatchback 4.2018,4.2018,,completed
4753,CHATENET,CH46,45200,CH46 Hatchback 3.2019,3.2019,,completed
4754,CHECKER,MARATHON,4251,MARATHON 1.1973-12.1982,1.1973,12.1982,completed
4755,CHECKER,MARATHON,4252,MARATHON Station Wagon 1.1973-12.1979,1.1973,12.1979,completed
4756,CHECKER,TAXICAB,4253,TAXICAB 1.1973-12.1979,1.1973,12.1979,completed
4757,CHERY,OMODA 5,43073,OMODA 5 7.2022,7.2022,,completed
4758,CHERY,TIGGO 5x,38252,TIGGO 4 9.2017,9.2017,,completed
4759,CHERY,TIGGO 9,44517,TIGGO 9 5.2023,5.2023,,completed
4760,CMC,VERYCA,37143,VERYCA Platform/Chassis 8.2010,8.2010,,completed
4761,CPI,ARAGON,38442,ARAGON,,,completed
4762,CPI,BINGO,38446,BINGO,,,completed
4763,CPI,FORMULA R,38658,FORMULA R,,,completed
4764,CPI,GTR,38447,GTR,,,completed
4765,CPI,HUSSAR,38445,HUSSAR,,,completed
4766,CPI,OLIVER,38443,OLIVER,,,completed
4767,CPI,POPCORN,38444,POPCORN,,,completed
4768,CUPRA,ATECA,39032,"ATECA (KH7, KHP, KBP) 9.2018-5.2026",9.2018,5.2026,completed
4769,CUPRA,BORN,42143,"BORN (K11, K1G) 8.2021",8.2021,,completed
4770,CUPRA,FORMENTOR,41283,"FORMENTOR (KM7, KMP) 7.2020",7.2020,,completed
4771,CUPRA,LEON,41359,"LEON (KL1, KU1, KUG) 9.2020",9.2020,,completed
4772,CUPRA,LEON,41360,"LEON Sportstourer (KL8, KU8, KUD) 9.2020",9.2020,,completed
4773,CUPRA,TAVASCAN,44880,TAVASCAN (KR1) 3.2024,3.2024,,completed
4774,CUPRA,TERRAMAR,90066,TERRAMAR (KP1) 6.2024,6.2024,,completed
4775,DAELIM,AROMA,36448,AROMA,,,completed
4776,DAELIM,CORDI,12143,CORDI,,,completed
4777,DAELIM,DAYSTAR,12144,DAYSTAR,,,completed
4778,DAELIM,E-FIVE,12145,E-FIVE,,,completed
4779,DAELIM,FREEWING,12146,FREEWING,,,completed
4780,DAELIM,HISTORY,12147,HISTORY,,,completed
4781,DAELIM,MESSAGE,12148,MESSAGE,,,completed
4782,DAELIM,OTELLO,12149,OTELLO,,,completed
4783,DAELIM,QL,14904,QL,,,completed
4784,DAELIM,ROADWIN,12150,ROADWIN,,,completed
4785,DAELIM,S,14081,S,,,completed
4786,DAELIM,S-FIVE,12151,S-FIVE,,,completed
4787,DAELIM,SL,38434,SL,,,completed
4788,DAELIM,STEEZER,36449,STEEZER,,,completed
4789,DAELIM,TAPO,12152,TAPO,,,completed
4790,DAELIM,VS,12153,VS,,,completed
4791,DAELIM,VT,12154,VT,,,completed
4792,DAELIM,XQ,43558,XQ,,,completed
4793,DAELIM,YC,14903,YC,,,completed
4794,DAF,33,1716,33 7.1967-9.1974,7.1967,9.1974,completed
4795,DAF,400-Serie,3611,400-Serie Van 4.1989-8.1993,4.1989,8.1993,completed
4796,DAF,44,1718,44 Estate 1.1968-9.1974,1.1968,9.1974,completed
4797,DAF,44,1717,44 11.1966-9.1974,11.1966,9.1974,completed
4798,DAF,46,1722,46 9.1974-8.1975,9.1974,8.1975,completed
4799,DAF,46,1723,46 Estate 9.1974-8.1975,9.1974,8.1975,completed
4800,DAF,55,1720,55 Estate 10.1968-9.1972,10.1968,9.1972,completed
4801,DAF,55,1721,55 Coupe 5.1968-9.1972,5.1968,9.1972,completed
4802,DAF,55,1719,55 10.1967-9.1972,10.1967,9.1972,completed
4803,DAF,66,1724,66 Coupe 9.1973-8.1975,9.1973,8.1975,completed
4804,DAF,66,3917,66 10.1972-8.1975,10.1972,8.1975,completed
4805,DAF,66,3495,66 Estate 10.1972-8.1975,10.1972,8.1975,completed
4806,DAIMLER,2.8 - 5.3,1709,2.8 - 5.3 10.1969-2.1993,10.1969,2.1993,completed
4807,DAIMLER,COUPE,3494,COUPE 9.1973-12.1977,9.1973,12.1977,completed
4808,DAIMLER,DAIMLER,10785,DAIMLER XJ (X30_) 10.1994-6.2003,10.1994,6.2003,completed
4809,DAIMLER,DART,11022,DART Convertible 4.1959-9.1964,4.1959,9.1964,completed
4810,DAIMLER,LANDAULETTE,1710,LANDAULETTE 3.1974-12.1991,3.1974,12.1991,completed
4811,DAIMLER,LIMOUSINE,3608,LIMOUSINE 6.1968-12.1991,6.1968,12.1991,completed
4812,DAIMLER,SUPER EIGHT,38351,SUPER EIGHT (X350) 9.2005-12.2009,9.2005,12.2009,completed
4813,DAIMLER,"XJ 40, 81",1715,"XJ 40, 81 10.1986-9.1994",10.1986,9.1994,completed
4814,DALLAS,FUN,4258,FUN 1.1994-12.1998,1.1994,12.1998,completed
4815,DE LOREAN,DMC-12,4259,DMC-12 1.1981-12.1983,1.1981,12.1983,completed
4816,DE TOMASO,BIGUA,4320,BIGUA 1.1996-12.2002,1.1996,12.2002,completed
4817,DE TOMASO,DEAUVILLE,4321,DEAUVILLE 1.1972-12.1986,1.1972,12.1986,completed
4818,DE TOMASO,LONGCHAMP,4324,LONGCHAMP 4.1972-1.1985,4.1972,1.1985,completed
4819,DE TOMASO,LONGCHAMP,4325,LONGCHAMP Convertible 4.1972-9.1979,4.1972,9.1979,completed
4820,DE TOMASO,PANTERA,4326,PANTERA 1.1971-10.1997,1.1971,10.1997,completed
4821,DEEPAL,S07,45692,S07 7.2024,7.2024,,completed
4822,DERBI,ATLANTIS,38435,ATLANTIS,,,completed
4823,DERBI,AVENTURA,12155,AVENTURA,,,completed
4824,DERBI,BOULEVARD,13551,BOULEVARD,,,completed
4825,DERBI,FURAX,12156,FURAX,,,completed
4826,DERBI,GP1,14557,GP1,,,completed
4827,DERBI,GPR,13549,GPR,,,completed
4828,DERBI,HUNTER,12157,HUNTER,,,completed
4829,DERBI,MULHACÉN,14555,MULHACÉN,,,completed
4830,DERBI,RAMBLA,13548,RAMBLA,,,completed
4831,DERBI,SENDA,13550,SENDA,,,completed
4832,DERBI,SONAR,44494,SONAR,,,completed
4833,DERBI,TERRA,14556,TERRA,,,completed
4834,DERBI,VAMOS,12158,VAMOS,,,completed
4835,DERBI,VARIANT,13547,VARIANT,,,completed
4836,DFSK,500,44392,FENGON 500 9.2021,9.2021,,completed
4837,DFSK,FENGON 5,44401,FENGON 5 1.2020,1.2020,,completed
4838,DFSK,FENGON 6,45665,FENGON 6 4.2024,4.2024,,completed
4839,DFSK,FENGON 7,44402,FENGON 7 9.2021,9.2021,,completed
4840,DFSK,GLORY 600,45847,GLORY 600 4.2024,4.2024,,completed
4841,DFSK,K SERIES,13789,K SERIES Platform/Chassis 11.2011,11.2011,,completed
4842,DFSK,K SERIES,13790,K SERIES Van 11.2011,11.2011,,completed
4843,DONKERVOORT,D8,37738,D8 10.1992,10.1992,,completed
4844,DR,DR 3,39109,DR 3 2.2018-8.2022,2.2018,8.2022,completed
4845,DR,DR 6.0,44360,DR 6.0 SUV 3.2022,3.2022,,completed
4846,DR,DR PK8,44406,DR PK8 4.2023,4.2023,,completed
4847,DS,DS 3,14957,DS 3 Convertible (SB_) 7.2015-7.2019,7.2015,7.2019,completed
4848,DS,DS 3,14956,DS 3 (SA_) 4.2015-7.2019,4.2015,7.2019,completed
4849,DS,DS 3 / DS 3 CROSSBACK,39130,"DS 3 / DS 3 CROSSBACK (UR_, UC_, UJ_) 10.2018",10.2018,,completed
4850,DS,DS 4,41995,"DS 4 II (FR_, FB_, F3_, FP_, F4_) 10.2021",10.2021,,completed
4851,DS,DS 4 / DS 4 CROSSBACK,14958,DS 4 / DS 4 CROSSBACK (NX_) 7.2015-12.2018,7.2015,12.2018,completed
4852,DS,DS 5,14959,DS 5 (KF_) 1.2015-12.2018,1.2015,12.2018,completed
4853,DS,DS 7,43557,"DS 7 (J4_, JC_) 9.2022",9.2022,,completed
4854,DS,DS 7,38245,"DS 7 Crossback (J4_, JR_, JC_) 9.2017",9.2017,,completed
4855,DS,DS 9,40600,DS 9 (X2_) 9.2020,9.2020,,completed
4856,DS (CAPSA),DS 5,11721,DS 5 9.2013,9.2013,,completed
4857,DUCATI,1000,12159,1000,,,completed
4858,DUCATI,1098,12160,1098,,,completed
4859,DUCATI,1100,12161,1100,,,completed
4860,DUCATI,1198,12162,1198,,,completed
4861,DUCATI,1199,36788,1199,,,completed
4862,DUCATI,1200,12164,1200,,,completed
4863,DUCATI,1299,39115,1299,,,completed
4864,DUCATI,350,12165,350,,,completed
4865,DUCATI,400,13538,400,,,completed
4866,DUCATI,500,12166,500,,,completed
4867,DUCATI,600,12167,600,,,completed
4868,DUCATI,620,12168,620,,,completed
4869,DUCATI,696,14961,696,,,completed
4870,DUCATI,748,12169,748,,,completed
4871,DUCATI,749,12170,749,,,completed
4872,DUCATI,750,12171,750,,,completed
4873,DUCATI,796,14962,796,,,completed
4874,DUCATI,800,12172,800,,,completed
4875,DUCATI,848,12173,848,,,completed
4876,DUCATI,851,12174,851,,,completed
4877,DUCATI,888,12175,888,,,completed
4878,DUCATI,900,12176,900,,,completed
4879,DUCATI,906,12177,906,,,completed
4880,DUCATI,907,12178,907,,,completed
4881,DUCATI,916,12179,916,,,completed
4882,DUCATI,959,36239,959,,,completed
4883,DUCATI,996,12180,996,,,completed
4884,DUCATI,998,12181,998,,,completed
4885,DUCATI,999,12182,999,,,completed
4886,DUCATI,DESERT X,42918,DESERT X,,,completed
4887,DUCATI,DESMOSEDICI,13545,DESMOSEDICI,,,completed
4888,DUCATI,DIAVEL,12183,DIAVEL,,,completed
4889,DUCATI,GT,12184,GT,,,completed
4890,DUCATI,GTL,13544,GTL,,,completed
4891,DUCATI,GTS,13546,GTS,,,completed
4892,DUCATI,GTV,13543,GTV,,,completed
4893,DUCATI,HYPERMOTARD,12185,HYPERMOTARD,,,completed
4894,DUCATI,HYPERSTRADA,12186,HYPERSTRADA,,,completed
4895,DUCATI,INDIANA,13542,INDIANA,,,completed
4896,DUCATI,MH,13540,MH,,,completed
4897,DUCATI,MILLE,13539,MILLE,,,completed
4898,DUCATI,MONSTER (300cc - 899cc),12187,MONSTER (300cc - 899cc),,,completed
4899,DUCATI,MONSTER (900cc - ),40221,MONSTER (900cc - ),,,completed
4900,DUCATI,MULTISTRADA,12188,MULTISTRADA,,,completed
4901,DUCATI,PANIGALE V2,42395,PANIGALE V2,,,completed
4902,DUCATI,PANIGALE V4,39515,PANIGALE V4,,,completed
4903,DUCATI,PAUL SMART,12189,PAUL SMART,,,completed
4904,DUCATI,SCRAMBLER,14360,SCRAMBLER,,,completed
4905,DUCATI,SPORT,12190,SPORT,,,completed
4906,DUCATI,ST,12191,ST,,,completed
4907,DUCATI,STREETFIGHTER,12192,STREETFIGHTER,,,completed
4908,DUCATI,SUPERBIKE,12163,SUPERBIKE,,,completed
4909,DUCATI,SUPERLEGGERA,37582,SUPERLEGGERA,,,completed
4910,DUCATI,SUPERSPORT,37825,SUPERSPORT,,,completed
4911,DUCATI,XDIAVEL,41983,XDIAVEL,,,completed
4912,E.F.O,EM,45457,EM,,,completed
4913,E.F.O,ET,42837,ET,,,completed
4914,E.F.O,EV,42835,EV,,,completed
4915,E.GO,E.WAVE X,43958,E.WAVE X 2.2023,2.2023,,completed
4916,ECM,EPPELLA,13918,EPPELLA,,,completed
4917,ECM,FIREJET,13919,FIREJET,,,completed
4918,ELARIS,DYO,44081,DYO 3.2023,3.2023,,completed
4919,ELARIS,PIO,42655,PIO 7.2021,7.2021,,completed
4920,EMC,WAVE 3,44748,WAVE 3 7.2022,7.2022,,completed
4921,ENERGICA,EGO,43708,EGO,,,completed
4922,ENERGICA,ESSEESSE 9,43709,ESSEESSE 9,,,completed
4923,ENERGICA,EVA RIBELLE,43707,EVA RIBELLE,,,completed
4924,ENERGICA,EXPERIA,43706,EXPERIA,,,completed
4925,ETON,BEAMER,38717,BEAMER,,,completed
4926,ETON,MATRIX,38718,MATRIX,,,completed
4927,ETON,SPORT,38719,SPORT,,,completed
4928,EUNOS,800,5847,"800 Saloon (E65, TA) 9.1993-12.2002",9.1993,12.2002,completed
4929,EVO,CROSS 4,44387,CROSS 4 Pickup 12.2022,12.2022,,completed
4930,EVO,EVO 3,44384,EVO 3 4.2021,4.2021,,completed
4931,EVO,EVO 4,44385,EVO 4 7.2022,7.2022,,completed
4932,EVO,EVO 5,44386,EVO 5 4.2023,4.2023,,completed
4933,EVO,EVO 7,44851,EVO 7 10.2023,10.2023,,completed
4934,F.B MONDIAL,HPS,39963,HPS,,,completed
4935,F.B MONDIAL,PIEGA,44759,PIEGA,,,completed
4936,F.B MONDIAL,SMX,44762,SMX,,,completed
4937,F.B MONDIAL,SMX ENDURO,44761,SMX ENDURO,,,completed
4938,F.B MONDIAL,SMX SUPERMOTO,44763,SMX SUPERMOTO,,,completed
4939,F.B MONDIAL,SPORT CLASSIC,44760,SPORT CLASSIC,,,completed
4940,FANTIC,CABALLERO,39682,CABALLERO,,,completed
4941,FANTIC,ENDURO,39608,ENDURO,,,completed
4942,FANTIC,GRINTA,12193,GRINTA,,,completed
4943,FANTIC,ISSIMO,44846,ISSIMO,,,completed
4944,FANTIC,MOTARD,39607,MOTARD,,,completed
4945,FANTIC,QUEENIE,12194,QUEENIE,,,completed
4946,FANTIC,RALLY,43842,RALLY,,,completed
4947,FENGON,GLORY 600,45848,GLORY 600 4.2024,4.2024,,completed
4948,FERRARI,12 CILINDRI,45639,12 CILINDRI Convertible (F167) 3.2024,3.2024,,completed
4949,FERRARI,12 CILINDRI,45638,12 CILINDRI Coupe (F167) 3.2024,3.2024,,completed
4950,FERRARI,208/308,1402,208/308 Coupe 9.1974-10.1989,9.1974,10.1989,completed
4951,FERRARI,208/308,37921,208/308 Targa 9.1974-12.1985,9.1974,12.1985,completed
4952,FERRARI,296 GTB,42467,296 GTB Coupe (F171) 10.2021,10.2021,,completed
4953,FERRARI,296 GTS,42965,296 GTS Convertible (F 171) 10.2021,10.2021,,completed
4954,FERRARI,328 GTB,1410,328 GTB 9.1985-9.1989,9.1985,9.1989,completed
4955,FERRARI,328 GTS,2078,328 GTS 9.1985-9.1989,9.1985,9.1989,completed
4956,FERRARI,330 GT 2+2,31316,330 GT 2+2 Coupe 9.1963-12.1968,9.1963,12.1968,completed
4957,FERRARI,348,10130,348 Spider 3.1993-12.1995,3.1993,12.1995,completed
4958,FERRARI,348 tb/GTB,1413,348 tb/GTB 2.1990-4.1994,2.1990,4.1994,completed
4959,FERRARI,348 ts/GTS,2083,348 ts/GTS 9.1988-12.1995,9.1988,12.1995,completed
4960,FERRARI,360,1096,360 Spider (F131) 2.2000-8.2005,2.2000,8.2005,completed
4961,FERRARI,360,4182,360 (F131) 3.1999-3.2005,3.1999,3.2005,completed
4962,FERRARI,365 GT 2+2,1414,365 GT 2+2 6.1967-4.1971,6.1967,4.1971,completed
4963,FERRARI,365 GTB/4 DAYTONA,3480,365 GTB/4 DAYTONA 2.1969-12.1974,2.1969,12.1974,completed
4964,FERRARI,365 GTS/4 DAYTONA,2081,365 GTS/4 DAYTONA 9.1967-12.1974,9.1967,12.1974,completed
4965,FERRARI,400 i,1408,400 i 5.1979-3.1985,5.1979,3.1985,completed
4966,FERRARI,412 i,1412,412 i 4.1985-12.1988,4.1985,12.1988,completed
4967,FERRARI,456 GT/GTA,1403,456 GT/GTA 1.1993-6.2004,1.1993,6.2004,completed
4968,FERRARI,458,8548,458 12.2009,12.2009,,completed
4969,FERRARI,458,10175,458 Spider 12.2009,12.2009,,completed
4970,FERRARI,488,14900,488 Spider 10.2015,10.2015,,completed
4971,FERRARI,488 GTB,14156,488 GTB (F142M) 4.2015,4.2015,,completed
4972,FERRARI,5__ MARANELLO,1569,5__ MARANELLO 4.1996-12.2006,4.1996,12.2006,completed
4973,FERRARI,512 BB,1416,512 BB 8.1976-8.1984,8.1976,8.1984,completed
4974,FERRARI,512 M,1405,512 M 11.1994-8.1996,11.1994,8.1996,completed
4975,FERRARI,512 TR,1404,512 TR 1.1992-10.1994,1.1992,10.1994,completed
4976,FERRARI,550 BARCHETTA,4729,550 BARCHETTA 10.2000-1.2005,10.2000,1.2005,completed
4977,FERRARI,599 GTB/GTO,5565,599 GTB/GTO 6.2006,6.2006,,completed
4978,FERRARI,599 SA,11571,599 SA 9.2010,9.2010,,completed
4979,FERRARI,612 SCAGLIETTI,5100,612 SCAGLIETTI 4.2004-6.2011,4.2004,6.2011,completed
4980,FERRARI,812 GTS,40206,812 GTS Spider (F152M) 10.2019,10.2019,,completed
4981,FERRARI,812 SUPERFAST,44059,812 SUPERFAST Targa (F152M) 7.2021,7.2021,,completed
4982,FERRARI,812 SUPERFAST,38118,812 SUPERFAST Coupe (F152M) 3.2017,3.2017,,completed
4983,FERRARI,CALIFORNIA,7589,CALIFORNIA 7.2008,7.2008,,completed
4984,FERRARI,DAYTONA SP3,44410,DAYTONA SP3 (F251) 12.2022,12.2022,,completed
4985,FERRARI,DINO GT,1411,DINO GT (206/246) 9.1966-10.1973,9.1966,10.1973,completed
4986,FERRARI,DINO GT4,1444,DINO GT4 (208/308) 2.1973-6.1980,2.1973,6.1980,completed
4987,FERRARI,DINO GTS,2076,DINO GTS (206/246) 9.1968-12.1973,9.1968,12.1973,completed
4988,FERRARI,ENZO FERRARI,5144,ENZO FERRARI 10.2002-12.2003,10.2002,12.2003,completed
4989,FERRARI,F12 Berlinetta,10560,F12 Berlinetta (F152) 9.2012,9.2012,,completed
4990,FERRARI,F355,2082,F355 Spider 5.1994-12.2000,5.1994,12.2000,completed
4991,FERRARI,F355 Berlinetta,1415,F355 Berlinetta 5.1994-3.1999,5.1994,3.1999,completed
4992,FERRARI,F355 GTS,37253,F355 GTS 7.1994-3.1999,7.1994,3.1999,completed
4993,FERRARI,F40,1407,F40 2.1988-6.1992,2.1988,6.1992,completed
4994,FERRARI,F430,5399,F430 Spider 5.2005-12.2009,5.2005,12.2009,completed
4995,FERRARI,F430,5211,F430 3.2005-12.2009,3.2005,12.2009,completed
4996,FERRARI,F8,40313,F8 Spider 12.2019,12.2019,,completed
4997,FERRARI,F8 Tributo,39518,F8 Tributo Coupe 3.2019,3.2019,,completed
4998,FERRARI,FF,10176,FF 6.2011-12.2016,6.2011,12.2016,completed
4999,FERRARI,GTC4 Lusso / Lusso T,36521,GTC4 Lusso / Lusso T 4.2016,4.2016,,completed
5000,FERRARI,LaFERRARI,13031,LaFERRARI (F150) 6.2013,6.2013,,completed
5001,FERRARI,LaFERRARI APERTA,38499,LaFERRARI APERTA Spider (F150) 10.2016,10.2016,,completed
5002,FERRARI,MONDIAL,2077,MONDIAL Convertible 3.1983-12.1993,3.1983,12.1993,completed
5003,FERRARI,MONDIAL,1409,MONDIAL 7.1980-12.1993,7.1980,12.1993,completed
5004,FERRARI,MONZA SP1,39163,MONZA SP1 (SP1) 9.2018,9.2018,,completed
5005,FERRARI,MONZA SP2,39164,MONZA SP2 (SP2) 9.2018,9.2018,,completed
5006,FERRARI,PORTOFINO,38303,PORTOFINO 8.2017,8.2017,,completed
5007,FERRARI,PUROSANGUE,43696,PUROSANGUE FUV (F175) 10.2022,10.2022,,completed
5008,FERRARI,ROMA,44357,ROMA Spider (488) 4.2023,4.2023,,completed
5009,FERRARI,ROMA,40642,ROMA 4.2020,4.2020,,completed
5010,FERRARI,SF90,40748,SF90 (F173) 5.2019,5.2019,,completed
5011,FERRARI,SF90 Spider,41808,SF90 Spider Convertible (F173) 7.2018,7.2018,,completed
5012,FERRARI,SUPERAMERICA,8101,SUPERAMERICA 1.2005-4.2006,1.2005,4.2006,completed
5013,FERRARI,TESTAROSSA,1406,TESTAROSSA 5.1984-12.1991,5.1984,12.1991,completed
5014,FISKER,KARMA,10311,KARMA 2.2012-12.2012,2.2012,12.2012,completed
5015,FISKER,OCEAN,43959,OCEAN 2.2023-6.2024,2.2023,6.2024,completed
5016,FORD AUSTRALIA,F-150,8221,F-150 Pickup 10.2003-9.2007,10.2003,9.2007,completed
5017,FORD AUSTRALIA,MUSTANG,8217,MUSTANG Coupe 9.2004-7.2014,9.2004,7.2014,completed
5018,FORD OTOSAN,ANADOL,4312,ANADOL 1.1967-12.1982,1.1967,12.1982,completed
5019,FORD OTOSAN,ANADOL,4313,ANADOL Estate 1.1967-12.1982,1.1967,12.1982,completed
5020,FORD OTOSAN,TAUNUS,4314,TAUNUS 1.1989-10.1994,1.1989,10.1994,completed
5021,FORD USA,AEROSTAR,3518,AEROSTAR 9.1985-12.1997,9.1985,12.1997,completed
5022,FORD USA,BRONCO,3519,BRONCO II 9.1983-8.1990,9.1983,8.1990,completed
5023,FORD USA,BRONCO,6262,BRONCO 10.1977-9.1980,10.1977,9.1980,completed
5024,FORD USA,CROWN VICTORIA,11360,CROWN VICTORIA 9.1997-12.2012,9.1997,12.2012,completed
5025,FORD USA,EDGE,13596,EDGE 1.2014,1.2014,,completed
5026,FORD USA,ESCAPE,10889,ESCAPE 8.2007-12.2012,8.2007,12.2012,completed
5027,FORD USA,ESCAPE,6815,ESCAPE 1.2001-7.2013,1.2001,7.2013,completed
5028,FORD USA,EXPEDITION,6307,EXPEDITION 8.1996-9.2002,8.1996,9.2002,completed
5029,FORD USA,EXPLORER,45356,EXPLORER (CX740) 6.2024,6.2024,,completed
5030,FORD USA,EXPLORER,39687,EXPLORER (U6_) 7.2019,7.2019,,completed
5031,FORD USA,EXPLORER,10234,EXPLORER (U5_) 10.2010,10.2010,,completed
5032,FORD USA,EXPLORER,10958,EXPLORER (U251) 1.2006-12.2010,1.2006,12.2010,completed
5033,FORD USA,EXPLORER,2019,"EXPLORER (U2, U_) 9.1994-4.2003",9.1994,4.2003,completed
5034,FORD USA,EXPLORER,10959,EXPLORER (UN46) 10.1990-12.1994,10.1990,12.1994,completed
5035,FORD USA,F-150,13209,F-150 Crew Cab Pickup 9.2014,9.2014,,completed
5036,FORD USA,F-150,13211,F-150 Extended Cab Pickup 9.2014,9.2014,,completed
5037,FORD USA,F-150,13208,F-150 Standard Cab Pickup 9.2014,9.2014,,completed
5038,FORD USA,F-150,11975,F-150 Crew Cab Pickup 9.2008,9.2008,,completed
5039,FORD USA,F-150,10400,F-150 Extended Cab Pickup 9.2008,9.2008,,completed
5040,FORD USA,F-150,10809,F-150 Standard Cab Pickup 9.2008,9.2008,,completed
5041,FORD USA,F-150,7007,F-150 10.2007,10.2007,,completed
5042,FORD USA,F-150,6829,F-150 10.2003-12.2007,10.2003,12.2007,completed
5043,FORD USA,F-150 LIGHTNING,42868,F-150 LIGHTNING Crew Cab Pickup 4.2022,4.2022,,completed
5044,FORD USA,GT,31569,GT Coupe 6.2003-12.2006,6.2003,12.2006,completed
5045,FORD USA,MUSTANG,45078,MUSTANG Convertible 6.2023,6.2023,,completed
5046,FORD USA,MUSTANG,45077,MUSTANG Coupe 6.2023,6.2023,,completed
5047,FORD USA,MUSTANG,13371,MUSTANG Convertible 2.2014,2.2014,,completed
5048,FORD USA,MUSTANG,13370,MUSTANG Coupe 2.2014-4.2023,2.2014,4.2023,completed
5049,FORD USA,MUSTANG,5634,MUSTANG Convertible 9.2005,9.2005,,completed
5050,FORD USA,MUSTANG,5633,MUSTANG Coupe 12.2004,12.2004,,completed
5051,FORD USA,MUSTANG,1917,MUSTANG Convertible (C) 9.1993-12.2004,9.1993,12.2004,completed
5052,FORD USA,MUSTANG,1916,MUSTANG Coupe (C) 9.1993-12.2004,9.1993,12.2004,completed
5053,FORD USA,MUSTANG,10945,MUSTANG Convertible 11.1978-12.1993,11.1978,12.1993,completed
5054,FORD USA,MUSTANG,11356,MUSTANG Coupe 11.1978-12.1993,11.1978,12.1993,completed
5055,FORD USA,MUSTANG MACH-E,40285,MUSTANG MACH-E (CGW) 7.2020,7.2020,,completed
5056,FORD USA,PROBE,2020,PROBE II (ECP) 9.1992-3.1998,9.1992,3.1998,completed
5057,FORD USA,PROBE,4602,PROBE I 8.1988-7.1993,8.1988,7.1993,completed
5058,FORD USA,RANGER,44044,RANGER Cab & Chassis 3.2022,3.2022,,completed
5059,FORD USA,RANGER,44034,RANGER Crew Cab Pickup 3.2022,3.2022,,completed
5060,FORD USA,RANGER,44035,RANGER Extended Cab Pickup 3.2022,3.2022,,completed
5061,FORD USA,RANGER,44043,RANGER Standard Cab Pickup 3.2022,3.2022,,completed
5062,FORD USA,RANGER,11997,RANGER Crew Cab Pickup (ES) 9.1997-12.2012,9.1997,12.2012,completed
5063,FORD USA,RANGER,11996,RANGER Standard Cab Pickup 9.1997-12.2012,9.1997,12.2012,completed
5064,FORD USA,TAURUS,12795,TAURUS 9.2009,9.2009,,completed
5065,FORD USA,TAURUS,1918,TAURUS (P5_) 9.1995-12.1999,9.1995,12.1999,completed
5066,FORD USA,TAURUS,1919,TAURUS Wagon (P5_) 6.1995-12.1999,6.1995,12.1999,completed
5067,FORD USA,THUNDERBIRD,6841,THUNDERBIRD Convertible 2.2000-9.2005,2.2000,9.2005,completed
5068,FORD USA,WINDSTAR,1920,WINDSTAR (A3) 1.1995-8.2004,1.1995,8.2004,completed
5069,FOTON,HUOXING 9,90005,4 ULTRA / TUNLAND V9 8.2023,8.2023,,completed
5070,FOTON,TUNLAND,10561,TUNLAND 1.2012,1.2012,,completed
5071,FPV,FALCON,8802,FALCON Saloon (FG) 5.2008-12.2014,5.2008,12.2014,completed
5072,FSO,125P,3856,125P 10.1967-8.1992,10.1967,8.1992,completed
5073,FSO,125P,3857,125P Estate 10.1967-8.1992,10.1967,8.1992,completed
5074,FSO,126P,3858,126P 7.1972-9.2000,7.1972,9.2000,completed
5075,FSO,127P,3859,127P 10.1969-10.1976,10.1969,10.1976,completed
5076,FSO,132P,3860,132P 1.1974-9.1978,1.1974,9.1978,completed
5077,FSO,POLONEZ,11666,POLONEZ Pickup 4.1994-9.1998,4.1994,9.1998,completed
5078,FSO,POLONEZ,3876,POLONEZ III 9.1992-1.2005,9.1992,1.2005,completed
5079,FSO,POLONEZ,3877,POLONEZ III Saloon 9.1992-3.2002,9.1992,3.2002,completed
5080,FSO,POLONEZ,3862,POLONEZ II 8.1988-8.1992,8.1988,8.1992,completed
5081,FSO,POLONEZ,3861,POLONEZ I 10.1977-12.1991,10.1977,12.1991,completed
5082,GAC MOBYLETTE,MOBYLETTE,38747,MOBYLETTE,,,completed
5083,GALLOPER,GALLOPER,43788,GALLOPER 2.1997-12.2003,2.1997,12.2003,completed
5084,GARELLI,CICLONE,38627,CICLONE,,,completed
5085,GARELLI,COMFORT,38613,COMFORT,,,completed
5086,GARELLI,FLEXI,38629,FLEXI,,,completed
5087,GARELLI,MOSQUITO,38623,MOSQUITO,,,completed
5088,GARELLI,TIESSE,38448,TIESSE,,,completed
5089,GARELLI,TIGER,38626,TIGER,,,completed
5090,GARELLI,VIP,38625,VIP,,,completed
5091,GASGAS,EC,13920,EC,,,completed
5092,GASGAS,ES,42920,ES,,,completed
5093,GASGAS,RANDONNE,14282,RANDONNE,,,completed
5094,GASGAS,SM,42919,SM,,,completed
5095,GASGAS,TXT,14281,TXT,,,completed
5096,GAZ,GAZELLE,11298,GAZELLE Van 1.2003,1.2003,,completed
5097,GAZ,GAZELLE,5635,GAZELLE Bus 10.1993-12.2002,10.1993,12.2002,completed
5098,GAZ,GAZELLE,5637,GAZELLE Platform/Chassis 10.1993-12.2002,10.1993,12.2002,completed
5099,GAZ,GAZELLE,5636,GAZELLE Van 10.1993-12.2002,10.1993,12.2002,completed
5100,GAZ,VALDAJ,10353,VALDAJ 9.2010,9.2010,,completed
5101,GAZ,VOLGA,5596,VOLGA Estate (3102) 1.1972-2.1993,1.1972,2.1993,completed
5102,GAZ,VOLGA,5595,VOLGA (3102) 1.1970-1.1993,1.1970,1.1993,completed
5103,GEELY,BL,5471,BL 12.2003,12.2003,,completed
5104,GEELY,BOYUE,36503,BOYUE (MR6453) 3.2016,3.2016,,completed
5105,GEELY,BOYUE L,43692,Starray 10.2022,10.2022,,completed
5106,GEELY,CK,5472,CK 4.2005,4.2005,,completed
5107,GEELY,HQ,5468,HQ SRV 9.2005,9.2005,,completed
5108,GEELY,MR,5470,MR Sedan 9.2005,9.2005,,completed
5109,GEELY,MR,5469,MR Hatchback 5.2005,5.2005,,completed
5110,GEELY,PU,5473,PU 9.2005,9.2005,,completed
5111,GENERIC,IDEO,38450,IDEO,,,completed
5112,GENERIC,RACE,36494,RACE,,,completed
5113,GENERIC,ROC,38451,ROC,,,completed
5114,GENERIC,SOHO,36495,SOHO,,,completed
5115,GENERIC,TR,36493,TR,,,completed
5116,GENERIC,TRIGGER,36492,TRIGGER,,,completed
5117,GENERIC,XOR,14939,XOR,,,completed
5118,GENERIC,ZION,36496,ZION,,,completed
5119,GENESIS,G80,42637,G80 (RG) 8.2020,8.2020,,completed
5120,GENESIS,G90,43538,G90 (RS4) 12.2021,12.2021,,completed
5121,GENESIS,GV60,42436,GV60 (JW) 10.2021,10.2021,,completed
5122,GENESIS,GV70,42129,GV70 (JK1) 12.2020,12.2020,,completed
5123,GENESIS,GV80,41242,GV80 SUV (JX1) 6.2020,6.2020,,completed
5124,GEO,METRO,4333,METRO Convertible 1.1989-12.1998,1.1989,12.1998,completed
5125,GEO,METRO,4332,METRO Saloon 1.1989-12.1998,1.1989,12.1998,completed
5126,GEO,METRO,4331,METRO 9.1988-12.1998,9.1988,12.1998,completed
5127,GEO,STORM,4336,STORM Coupe 4.1991-12.1993,4.1991,12.1993,completed
5128,GEO,STORM,4337,STORM Hatchback 4.1991-12.1993,4.1991,12.1993,completed
5129,GEO,STORM,4334,STORM Coupe 1.1989-3.1991,1.1989,3.1991,completed
5130,GEO,STORM,4335,STORM Hatchback 1.1989-3.1991,1.1989,3.1991,completed
5131,GEO,TRACKER,4338,TRACKER Cabrio 1.1988-12.1998,1.1988,12.1998,completed
5132,GEO,TRACKER,4339,TRACKER Station Wagon 1.1988-12.1998,1.1988,12.1998,completed
5133,GEOMETRY,EX3,42538,EX3 11.2021,11.2021,,completed
5134,GEOMETRY,M6,43750,M6 11.2022,11.2022,,completed
5135,GILERA,250,12195,250,,,completed
5136,GILERA,350,12196,350,,,completed
5137,GILERA,500,12197,500,,,completed
5138,GILERA,600,12198,600,,,completed
5139,GILERA,COGUAR,12199,COGUAR,,,completed
5140,GILERA,DNA,12200,DNA,,,completed
5141,GILERA,EAGLET,12201,EAGLET,,,completed
5142,GILERA,EC,12202,EC,,,completed
5143,GILERA,FUOCO,12203,FUOCO,,,completed
5144,GILERA,GP,12204,GP,,,completed
5145,GILERA,GSM,12205,GSM,,,completed
5146,GILERA,ICE,12206,ICE,,,completed
5147,GILERA,NEXUS,12207,NEXUS,,,completed
5148,GILERA,RC,12208,RC,,,completed
5149,GILERA,RCR,13536,RCR,,,completed
5150,GILERA,RUNNER,12209,RUNNER,,,completed
5151,GILERA,RV,12210,RV,,,completed
5152,GILERA,RX,12211,RX,,,completed
5153,GILERA,SC,44325,SC,,,completed
5154,GILERA,STALKER,12212,STALKER,,,completed
5155,GILERA,STORM,12213,STORM,,,completed
5156,GILERA,XRT,12214,XRT,,,completed
5157,GINETTA,F400,9574,F400 3.2010,3.2010,,completed
5158,GINETTA,G15,4260,G15 1.1967-12.1975,1.1967,12.1975,completed
5159,GINETTA,G21,4261,G21 1.1971-12.1979,1.1971,12.1979,completed
5160,GINETTA,G23,4262,G23 1.1978-12.1988,1.1978,12.1988,completed
5161,GINETTA,G27,4263,G27 1.1997-12.1998,1.1997,12.1998,completed
5162,GINETTA,G32,4264,G32 9.1987-12.1990,9.1987,12.1990,completed
5163,GINETTA,G33,4265,G33 1.1990-12.1995,1.1990,12.1995,completed
5164,GINETTA,G34,4266,G34 1.1995-12.1998,1.1995,12.1998,completed
5165,GINETTA,G40,4267,G40 1.1998,1.1998,,completed
5166,GINETTA,G60,37696,G60 1.2012,1.2012,,completed
5167,GIOTTI VICTORIA,GLADIATOR,39427,GLADIATOR Platform/Chassis 1.2010,1.2010,,completed
5168,GLAS,04,1785,04 Convertible 5.1962-12.1968,5.1962,12.1968,completed
5169,GLAS,04,1783,04 1.1962-12.1968,1.1962,12.1968,completed
5170,GLAS,1700,1787,1700 2.1955-12.1969,2.1955,12.1969,completed
5171,GLAS,GOGGOMOBIL,1780,GOGGOMOBIL Coupe 2.1957-12.1969,2.1957,12.1969,completed
5172,GLAS,GOGGOMOBIL,1779,GOGGOMOBIL 1.1954-12.1969,1.1954,12.1969,completed
5173,GLAS,GT,2090,GT Convertible 1.1964-12.1968,1.1964,12.1968,completed
5174,GLAS,ISAR,1782,ISAR Estate 1.1959-12.1968,1.1959,12.1968,completed
5175,GLAS,ISAR,1781,ISAR 8.1958-4.1967,8.1958,4.1967,completed
5176,GLAS,V 8,2089,V 8 2.1966-8.1967,2.1966,8.1967,completed
5177,GMC,S15 JIMMY,31846,S15 JIMMY SUV 9.1982-12.1994,9.1982,12.1994,completed
5178,GMC,SIERRA 2500 HD,14264,SIERRA 2500 HD Extended Cab Pickup 9.2000-12.2007,9.2000,12.2007,completed
5179,GOUPIL,G2,41199,G2 Platform/Chassis 1.2020,1.2020,,completed
5180,GOUPIL,G3L,41208,G3L Platform/Chassis 1.2002-12.2016,1.2002,12.2016,completed
5181,GOUPIL,G4,38208,G4 Platform/Chassis 1.2016,1.2016,,completed
5182,GOUPIL,G4L,41196,G4L Platform/Chassis 1.2018,1.2018,,completed
5183,GOUPIL,G5,38211,G5 Platform/Chassis 1.2016,1.2016,,completed
5184,GOUPIL,G6,41197,G6 Platform/Chassis 7.2020,7.2020,,completed
5185,GOVECS,GO!,36500,GO!,,,completed
5186,GOVECS,SCHWALBE,37102,SCHWALBE,,,completed
5187,GREAT WALL,HOVER H6,9865,HOVER H6 1.2011,1.2011,,completed
5188,GREAT WALL,ORA 03,45252,ORA 03 (ES11) 1.2024,1.2024,,completed
5189,GREAT WALL,PAO,39870,Poer300 9.2019,9.2019,,completed
5190,GREAT WALL,STEED,10553,STEED 6.2006,6.2006,,completed
5191,GREAT WALL,STEED 5,10572,STEED 5 6.2011,6.2011,,completed
5192,GREAT WALL,WEY 03,45458,WEY 03 3.2024,3.2024,,completed
5193,GREAT WALL,WEY 05,45459,WEY 05 1.2024,1.2024,,completed
5194,HARLEY-DAVIDSON,100th ANNIVERSARY EDITION,12215,100th ANNIVERSARY EDITION,,,completed
5195,HARLEY-DAVIDSON,105th ANNIVERSARY EDITION,12006,105th ANNIVERSARY EDITION,,,completed
5196,HARLEY-DAVIDSON,110th ANNIVERSARY EDITION,12007,110th ANNIVERSARY EDITION,,,completed
5197,HARLEY-DAVIDSON,BAD BOY,12216,BAD BOY,,,completed
5198,HARLEY-DAVIDSON,BREAKOUT,44624,BREAKOUT,,,completed
5199,HARLEY-DAVIDSON,CROSS BONES,12217,CROSS BONES,,,completed
5200,HARLEY-DAVIDSON,CVO,14515,CVO,,,completed
5201,HARLEY-DAVIDSON,DYNA,12218,DYNA,,,completed
5202,HARLEY-DAVIDSON,ELECTRA GLIDE,12219,ELECTRA GLIDE,,,completed
5203,HARLEY-DAVIDSON,FAT BOY,12220,FAT BOY,,,completed
5204,HARLEY-DAVIDSON,GRAND TOURING EDITION,12221,GRAND TOURING EDITION,,,completed
5205,HARLEY-DAVIDSON,HERITAGE,12222,HERITAGE,,,completed
5206,HARLEY-DAVIDSON,IRON,14238,IRON,,,completed
5207,HARLEY-DAVIDSON,LIVEWIRE,41336,LIVEWIRE,,,completed
5208,HARLEY-DAVIDSON,LOW RIDER,12223,LOW RIDER,,,completed
5209,HARLEY-DAVIDSON,NIGHT ROD,12224,NIGHT ROD,,,completed
5210,HARLEY-DAVIDSON,NIGHT TRAIN,12225,NIGHT TRAIN,,,completed
5211,HARLEY-DAVIDSON,PAN AMERICA,41926,PAN AMERICA,,,completed
5212,HARLEY-DAVIDSON,ROAD GLIDE,13844,ROAD GLIDE,,,completed
5213,HARLEY-DAVIDSON,ROAD KING,12226,ROAD KING,,,completed
5214,HARLEY-DAVIDSON,ROADSTER,36967,ROADSTER,,,completed
5215,HARLEY-DAVIDSON,SEVENTY TWO,14367,SEVENTY TWO,,,completed
5216,HARLEY-DAVIDSON,SLIM,12227,SLIM,,,completed
5217,HARLEY-DAVIDSON,SOFTAIL ( - 1700cc),12228,SOFTAIL ( - 1700cc),,,completed
5218,HARLEY-DAVIDSON,SOFTAIL (1701cc - ),45310,SOFTAIL (1701cc - ),,,completed
5219,HARLEY-DAVIDSON,SPORT GLIDE,12229,SPORT GLIDE,,,completed
5220,HARLEY-DAVIDSON,SPORTSTER (1001cc - ),12230,SPORTSTER (1001cc - ),,,completed
5221,HARLEY-DAVIDSON,SPORTSTER (883cc - 1000cc),40276,SPORTSTER (883cc - 1000cc),,,completed
5222,HARLEY-DAVIDSON,STREET,14516,STREET,,,completed
5223,HARLEY-DAVIDSON,STREET GLIDE,12231,STREET GLIDE,,,completed
5224,HARLEY-DAVIDSON,STREET ROD,12232,STREET ROD,,,completed
5225,HARLEY-DAVIDSON,STURGIS,13868,STURGIS,,,completed
5226,HARLEY-DAVIDSON,SUPER GLIDE,12233,SUPER GLIDE,,,completed
5227,HARLEY-DAVIDSON,TOUR GLIDE,12234,TOUR GLIDE,,,completed
5228,HARLEY-DAVIDSON,ULTRA,36969,ULTRA,,,completed
5229,HARLEY-DAVIDSON,ULTRA CLASSIC,12235,ULTRA CLASSIC,,,completed
5230,HARLEY-DAVIDSON,V-ROD,12236,V-ROD,,,completed
5231,HARLEY-DAVIDSON,WIDE GLIDE,13875,WIDE GLIDE,,,completed
5232,HARLEY-DAVIDSON,XR,12237,XR,,,completed
5233,HAVAL,CHITU,41941,CHITU 5.2021,5.2021,,completed
5234,HAVAL,H2,12771,H2 4.2014,4.2014,,completed
5235,HERCULES,CITY,12238,CITY,,,completed
5236,HERCULES,FOX,12239,FOX,,,completed
5237,HERCULES,GIPSY,12240,GIPSY,,,completed
5238,HERCULES,HOBBY RIDER,12241,HOBBY RIDER,,,completed
5239,HERCULES,JOGGING,12242,JOGGING,,,completed
5240,HERCULES,K,14764,K,,,completed
5241,HERCULES,KX,12243,KX,,,completed
5242,HERCULES,LIMBO,12244,LIMBO,,,completed
5243,HERCULES,MX,12245,MX,,,completed
5244,HERCULES,OPTIMA,12246,OPTIMA,,,completed
5245,HERCULES,PRIMA,12247,PRIMA,,,completed
5246,HERCULES,RX,12248,RX,,,completed
5247,HERCULES,SAMBA,12249,SAMBA,,,completed
5248,HERCULES,SPLINTER,12250,SPLINTER,,,completed
5249,HERCULES,SR,12251,SR,,,completed
5250,HERCULES,SUPRA,12252,SUPRA,,,completed
5251,HERCULES,SWING,12253,SWING,,,completed
5252,HERCULES,ULTRA,12254,ULTRA,,,completed
5253,HERCULES,W,14766,W,,,completed
5254,HERCULES,XE,12255,XE,,,completed
5255,HERCULES,ZX,12256,ZX,,,completed
5256,HESKET,24,37937,24,,,completed
5257,HESKET,SONNET,37936,SONNET,,,completed
5258,HESKET,VAILANT SC,37938,VAILANT SC,,,completed
5259,HINDUSTAN,AMBASSADOR,4268,AMBASSADOR 1.1958,1.1958,,completed
5260,HINDUSTAN,CONTESSA,4269,CONTESSA (MJY) 1.1984-12.2005,1.1984,12.2005,completed
5261,HMRacing,CRE,14208,CRE,,,completed
5262,HMRacing,CRM,14212,CRM,,,completed
5263,HOBBYCAR,PASSPORT,4270,PASSPORT 1.1994-11.1996,1.1994,11.1996,completed
5264,HONGQI,EH7,45322,EH7 3.2024,3.2024,,completed
5265,HONGQI,HS3,44653,HS3 7.2023,7.2023,,completed
5266,HOREX,IMPERATOR,36254,IMPERATOR,,,completed
5267,HOREX,REBELL,36257,REBELL,,,completed
5268,HOREX,REGINA,36252,REGINA,,,completed
5269,HOREX,RESIDENT,36255,RESIDENT,,,completed
5270,HOREX,VR6,36240,VR6,,,completed
5271,HORWIN,CR,43743,CR,,,completed
5272,HORWIN,EK,42858,EK,,,completed
5273,HORWIN,HT,45869,HT,,,completed
5274,HORWIN,SK,43735,SK,,,completed
5275,HUATIAN,HT,38726,HT,,,completed
5276,HUMMER,H1,32058,H1 Closed Off-Road Vehicle 9.2001-12.2006,9.2001,12.2006,completed
5277,HUMMER,H2,32060,H2 Closed Off-Road Vehicle 9.2002-12.2009,9.2002,12.2009,completed
5278,HUMMER,HUMMER,11362,HUMMER H3T 10.2008,10.2008,,completed
5279,HUMMER,HUMMER,5459,HUMMER H3 4.2005,4.2005,,completed
5280,HUMMER,HUMMER,5439,HUMMER H2  SUT 9.2004,9.2004,,completed
5281,HUMMER,HUMMER,4931,HUMMER H2 8.2002,8.2002,,completed
5282,HUMMER,HUMMER,4277,HUMMER H1 1.1992-3.2011,1.1992,3.2011,completed
5283,HUSABERG,FE,13916,FE,,,completed
5284,HUSABERG,TE,13917,TE,,,completed
5285,HUSQVARNA,401,37574,401,,,completed
5286,HUSQVARNA,701,14905,701,,,completed
5287,HUSQVARNA,AE,42634,AE,,,completed
5288,HUSQVARNA,CR,42629,CR,,,completed
5289,HUSQVARNA,FC,42627,FC,,,completed
5290,HUSQVARNA,FE,13939,FE,,,completed
5291,HUSQVARNA,FS,36684,FS,,,completed
5292,HUSQVARNA,FX,42628,FX,,,completed
5293,HUSQVARNA,LT,13938,LT,,,completed
5294,HUSQVARNA,NORDEN,43941,NORDEN,,,completed
5295,HUSQVARNA,NUDA,13936,NUDA,,,completed
5296,HUSQVARNA,SM,13928,SM,,,completed
5297,HUSQVARNA,SMR,13935,SMR,,,completed
5298,HUSQVARNA,SVARTPILEN,41756,SVARTPILEN,,,completed
5299,HUSQVARNA,TC,42563,TC,,,completed
5300,HUSQVARNA,TE,13925,TE,,,completed
5301,HUSQVARNA,TR,13923,TR,,,completed
5302,HUSQVARNA,TX,42614,TX,,,completed
5303,HUSQVARNA,TXC,42615,TXC,,,completed
5304,HUSQVARNA,VITPILEN,41755,VITPILEN,,,completed
5305,HUSQVARNA,WR,13921,WR,,,completed
5306,HUSQVARNA,WRE,13922,WRE,,,completed
5307,HUSQVARNA,WSM,13937,WSM,,,completed
5308,HUSQVARNA,XC,42625,XC,,,completed
5309,HYOSUNG,AQUILA,12320,AQUILA,,,completed
5310,HYOSUNG,AVANTI,12321,AVANTI,,,completed
5311,HYOSUNG,BOOMER,12322,BOOMER,,,completed
5312,HYOSUNG,CAB,12323,CAB,,,completed
5313,HYOSUNG,CRUISE,12324,CRUISE,,,completed
5314,HYOSUNG,GAMMA,12325,GAMMA,,,completed
5315,HYOSUNG,GD,37703,GD,,,completed
5316,HYOSUNG,GF,12326,GF,,,completed
5317,HYOSUNG,GS,12327,GS,,,completed
5318,HYOSUNG,GT,12328,GT,,,completed
5319,HYOSUNG,GV,12329,GV,,,completed
5320,HYOSUNG,HYPER,12330,HYPER,,,completed
5321,HYOSUNG,KARION,12331,KARION,,,completed
5322,HYOSUNG,MS,12332,MS,,,completed
5323,HYOSUNG,SF,12333,SF,,,completed
5324,HYOSUNG,ST,12334,ST,,,completed
5325,HYOSUNG,SUPERCAB,12335,SUPERCAB,,,completed
5326,HYOSUNG,XRX,12336,XRX,,,completed
5327,ICKX,K2,44440,K2 5.2023,5.2023,,completed
5328,INDIAN,CHIEF,14267,CHIEF,,,completed
5329,INDIAN,CHIEFTAIN,14269,CHIEFTAIN,,,completed
5330,INDIAN,FTR,42917,FTR,,,completed
5331,INDIAN,INDIAN CHALLENGER,43121,INDIAN CHALLENGER,,,completed
5332,INDIAN,PURSUIT,44581,PURSUIT,,,completed
5333,INDIAN,ROADMASTER,14270,ROADMASTER,,,completed
5334,INDIAN,SCOUT,14268,SCOUT,,,completed
5335,INDIAN,SPRINGFIELD,36419,SPRINGFIELD,,,completed
5336,INDIAN,VINTAGE,42898,VINTAGE,,,completed
5337,INDIGO,3000,4271,3000 Convertible 1.1999,1.1999,,completed
5338,INEOS,GRENADIER,45297,GRENADIER Quartermaster 3.2024,3.2024,,completed
5339,INEOS,GRENADIER,44530,GRENADIER Quartermaster 7.2023,7.2023,,completed
5340,INEOS,GRENADIER,43929,GRENADIER Closed Off-Road Van 8.2022,8.2022,,completed
5341,INEOS,GRENADIER,43757,GRENADIER Closed Off-Road Vehicle 8.2022,8.2022,,completed
5342,INFINITI,EX,7596,EX 9.2007,9.2007,,completed
5343,INFINITI,FX,10322,FX 7.2008,7.2008,,completed
5344,INFINITI,FX,5441,FX 9.2002-12.2008,9.2002,12.2008,completed
5345,INFINITI,G,8940,G Convertible 9.2010,9.2010,,completed
5346,INFINITI,G,7597,G Coupe 9.2007,9.2007,,completed
5347,INFINITI,G,10321,G Saloon 1.2007,1.2007,,completed
5348,INFINITI,G,35773,G Coupe 9.2002-12.2007,9.2002,12.2007,completed
5349,INFINITI,G,7598,G Saloon 8.2002,8.2002,,completed
5350,INFINITI,G20,4478,G20 1.1990-12.1997,1.1990,12.1997,completed
5351,INFINITI,I30,4479,I30 1.1997,1.1997,,completed
5352,INFINITI,J30,4480,J30 1.1992-12.1997,1.1992,12.1997,completed
5353,INFINITI,M,8941,M (Y51) 3.2010,3.2010,,completed
5354,INFINITI,M30,4482,M30 Convertible 1.1990-12.1993,1.1990,12.1993,completed
5355,INFINITI,M30,4481,M30 Coupe 1.1989-12.1993,1.1989,12.1993,completed
5356,INFINITI,Q30,14907,Q30 11.2015,11.2015,,completed
5357,INFINITI,Q45,8930,Q45 II (FY33) 1.1997-1.2001,1.1997,1.2001,completed
5358,INFINITI,Q45,4483,Q45 I 1.1989-12.1996,1.1989,12.1996,completed
5359,INFINITI,Q50,11419,Q50 4.2013,4.2013,,completed
5360,INFINITI,Q60,36966,Q60 Coupe 9.2016,9.2016,,completed
5361,INFINITI,Q60,11681,Q60 Convertible 10.2013,10.2013,,completed
5362,INFINITI,Q60,11680,Q60 Coupe 8.2013,8.2013,,completed
5363,INFINITI,Q70,11905,Q70 (Y51) 3.2013,3.2013,,completed
5364,INFINITI,QX30,36405,QX30 4.2016,4.2016,,completed
5365,INFINITI,QX4,4484,QX4 1.1997,1.1997,,completed
5366,INFINITI,QX50,40176,QX50 II 11.2017,11.2017,,completed
5367,INFINITI,QX50,11859,QX50 I 8.2013,8.2013,,completed
5368,INFINITI,QX70,11858,QX70 8.2013,8.2013,,completed
5369,INNOCENTI,ELBA,4824,ELBA 8.1991-12.1996,8.1991,12.1996,completed
5370,INNOCENTI,KORAL,4825,KORAL 1.1990-12.1992,1.1990,12.1992,completed
5371,INNOCENTI,MINI,1451,MINI 5.1974-1.1995,5.1974,1.1995,completed
5372,INNOCENTI,REGENT,7566,REGENT 1.1974-12.1975,1.1974,12.1975,completed
5373,IRMSCHER,COUPE,4254,COUPE 1.1997,1.1997,,completed
5374,IRMSCHER,GT,4256,GT 1.1988-12.1990,1.1988,12.1990,completed
5375,IRMSCHER,OMEGA,4257,OMEGA Caravan 1.1990-12.1996,1.1990,12.1996,completed
5376,IRMSCHER,SENATOR,4255,SENATOR 1.1990-12.1996,1.1990,12.1996,completed
5377,ISDERA,COMMENDATORE,4272,COMMENDATORE 1.1993-6.2001,1.1993,6.2001,completed
5378,ISDERA,IMPERATOR,4273,IMPERATOR 5.1991-6.2001,5.1991,6.2001,completed
5379,ISDERA,IMPERATOR,38527,IMPERATOR 5.1984-4.1991,5.1984,4.1991,completed
5380,ITALJET,BAZOOKA,38583,BAZOOKA,,,completed
5381,ITALJET,DRAGSTER,12337,DRAGSTER,,,completed
5382,ITALJET,FORMULA,12338,FORMULA,,,completed
5383,ITALJET,JETSET,38581,JETSET,,,completed
5384,ITALJET,JUPITER,38584,JUPITER,,,completed
5385,ITALJET,MILLENIUM,38585,MILLENIUM,,,completed
5386,ITALJET,PISTA,38586,PISTA,,,completed
5387,ITALJET,REPORTER,38587,REPORTER,,,completed
5388,ITALJET,SCOOP,38588,SCOOP,,,completed
5389,ITALJET,TORPEDO,14571,TORPEDO,,,completed
5390,ITALJET,VELOCIFERO,38590,VELOCIFERO,,,completed
5391,IZH,ORBITA,37838,ORBITA (2126) 1.1987-12.2005,1.1987,12.2005,completed
5392,IZH,ORBITA,37839,ORBITA Estate (21262) 1.1987-12.2005,1.1987,12.2005,completed
5393,JAC,e-JS4,44346,e-JS4 12.2022,12.2022,,completed
5394,JAC,HUNTER,41837,T9 1.2021,1.2021,,completed
5395,JAC,T8 PRO,41346,T8 PRO 10.2020,10.2020,,completed
5396,JAC,X8 PLUS,44852,JS8 PRO 10.2023,10.2023,,completed
5397,JAC,YTTERBY,45369,E30X 4.2024,4.2024,,completed
5398,JAECOO,J7,45361,J7 2.2024,2.2024,,completed
5399,JAWA,360,12045,360,,,completed
5400,JAWA,361/05,12046,361/05,,,completed
5401,JAWA,362,12047,362,,,completed
5402,JAWA,559,12044,559,,,completed
5403,JAWA,590/5,12043,590/5,,,completed
5404,JAWA,BABETTA,12339,BABETTA,,,completed
5405,JAWA,DANDY,12042,DANDY,,,completed
5406,JAWA,TS,12340,TS,,,completed
5407,JENSEN,GT,4281,GT Coupe 6.1975-12.1976,6.1975,12.1976,completed
5408,JENSEN,HEALEY,4280,HEALEY 1.1972-12.1975,1.1972,12.1975,completed
5409,JENSEN,INTERCEPTOR,4285,INTERCEPTOR S4 1.1980-12.1992,1.1980,12.1992,completed
5410,JENSEN,INTERCEPTOR,4283,INTERCEPTOR MK III 1.1971-12.1976,1.1971,12.1976,completed
5411,JENSEN,INTERCEPTOR,4284,INTERCEPTOR SP 1.1971-12.1973,1.1971,12.1973,completed
5412,JENSEN,INTERCEPTOR,4282,INTERCEPTOR Mk II 1.1969-12.1971,1.1969,12.1971,completed
5413,JENSEN,S-V8,4286,S-V8 10.1998-5.2007,10.1998,5.2007,completed
5414,JINLUN,JL 125 T,38437,JL 125 T,,,completed
5415,JINLUN,JL 50 QT,38436,JL 50 QT,,,completed
5416,KAWASAKI,AE,13475,AE,,,completed
5417,KAWASAKI,AR,13474,AR,,,completed
5418,KAWASAKI,D-TRACKER,12341,D-TRACKER,,,completed
5419,KAWASAKI,EL,12342,EL,,,completed
5420,KAWASAKI,ELIMINATOR,12343,ELIMINATOR,,,completed
5421,KAWASAKI,EN,12344,EN,,,completed
5422,KAWASAKI,ER,12345,ER,,,completed
5423,KAWASAKI,ESTRELLA,12346,ESTRELLA,,,completed
5424,KAWASAKI,GPX,12347,GPX,,,completed
5425,KAWASAKI,GPZ,12348,GPZ,,,completed
5426,KAWASAKI,GTR,12349,GTR,,,completed
5427,KAWASAKI,H,12027,H,,,completed
5428,KAWASAKI,J,12032,J,,,completed
5429,KAWASAKI,K,13472,K,,,completed
5430,KAWASAKI,KE,45106,KE,,,completed
5431,KAWASAKI,KH,45093,KH,,,completed
5432,KAWASAKI,KL,12350,KL,,,completed
5433,KAWASAKI,KLE,12351,KLE,,,completed
5434,KAWASAKI,KLR,12352,KLR,,,completed
5435,KAWASAKI,KLV,12353,KLV,,,completed
5436,KAWASAKI,KLX,12354,KLX,,,completed
5437,KAWASAKI,KM,45112,KM,,,completed
5438,KAWASAKI,KMX,12355,KMX,,,completed
5439,KAWASAKI,KX,14420,KX,,,completed
5440,KAWASAKI,NINJA ( - 750cc),12356,NINJA ( - 500cc),,,completed
5441,KAWASAKI,NINJA (751cc - ),40222,NINJA (751cc - ),,,completed
5442,KAWASAKI,S,45094,S,,,completed
5443,KAWASAKI,VERSYS,12357,VERSYS,,,completed
5444,KAWASAKI,VERSYS-X,37827,VERSYS-X,,,completed
5445,KAWASAKI,VN,12358,VN,,,completed
5446,KAWASAKI,VULCAN,14075,VULCAN,,,completed
5447,KAWASAKI,W,12359,W,,,completed
5448,KAWASAKI,Z ( - 899cc),12360,Z ( - 899cc),,,completed
5449,KAWASAKI,Z (900cc - ),39297,Z (900cc - ),,,completed
5450,KAWASAKI,Z LTD,36222,Z LTD,,,completed
5451,KAWASAKI,ZEPHYR,12361,ZEPHYR,,,completed
5452,KAWASAKI,ZR-7,12362,ZR-7,,,completed
5453,KAWASAKI,ZRX,12363,ZRX,,,completed
5454,KAWASAKI,ZX,12364,ZX,,,completed
5455,KAWASAKI,ZXR,12365,ZXR,,,completed
5456,KAWASAKI,ZZ-R,12366,ZZ-R,,,completed
5457,KEEWAY,AGORA,36311,AGORA,,,completed
5458,KEEWAY,ARN,38552,ARN,,,completed
5459,KEEWAY,BLACKSTER,36417,BLACKSTER,,,completed
5460,KEEWAY,CITYBLADE,36416,CITYBLADE,,,completed
5461,KEEWAY,F-ACT,36312,F-ACT,,,completed
5462,KEEWAY,FLASH,38555,FLASH,,,completed
5463,KEEWAY,FOCUS,38556,FOCUS,,,completed
5464,KEEWAY,HURRICANE,38557,HURRICANE,,,completed
5465,KEEWAY,LOGIK,36313,LOGIK,,,completed
5466,KEEWAY,MATRIX,38558,MATRIX,,,completed
5467,KEEWAY,OUTLOOK,38559,OUTLOOK,,,completed
5468,KEEWAY,RKF,43131,RKF,,,completed
5469,KEEWAY,RKV,36316,RKV,,,completed
5470,KEEWAY,RY6,36314,RY6,,,completed
5471,KEEWAY,RY8,38560,RY8,,,completed
5472,KEEWAY,SILVERBLADE,36315,SILVERBLADE,,,completed
5473,KEEWAY,SPEED CRUISER,37724,SPEED CRUISER,,,completed
5474,KEEWAY,SUPER SHADOW,37727,SUPER SHADOW,,,completed
5475,KEEWAY,SUPERLIGHT,36317,SUPERLIGHT,,,completed
5476,KEEWAY,V-CRUISE,44135,V-CRUISE,,,completed
5477,KEEWAY,V302,44134,V302,,,completed
5478,KEEWAY,X-LIGHT,44758,X-LIGHT,,,completed
5479,KEEWAY,ZAHARA,37351,ZAHARA,,,completed
5480,KG MOBILITY,KORANDO,45192,KORANDO (C300) 11.2023,11.2023,,completed
5481,KG MOBILITY,MUSSO,45194,"MUSSO (XAE, O100, Q260) 11.2023",11.2023,,completed
5482,KG MOBILITY,REXTON,45193,REXTON (POE) 11.2023,11.2023,,completed
5483,KG MOBILITY,TORRES,45190,"TORRES (U100, J100, J140) 11.2023",11.2023,,completed
5484,KOENIGSEGG,AGERA,13092,AGERA 1.2011,1.2011,,completed
5485,KOENIGSEGG,REGERA,38946,REGERA Coupe 3.2015,3.2015,,completed
5486,KREIDLER,DICE,36456,DICE,,,completed
5487,KREIDLER,E-FLORETT,36455,E-FLORETT,,,completed
5488,KREIDLER,FLORETT,12367,FLORETT,,,completed
5489,KREIDLER,FLORY,38546,FLORY,,,completed
5490,KREIDLER,GALACTICA,36457,GALACTICA,,,completed
5491,KREIDLER,HIKER,38547,HIKER,,,completed
5492,KREIDLER,LF,12368,LF,,,completed
5493,KREIDLER,LF-F,12369,LF-F,,,completed
5494,KREIDLER,LH,12370,LH,,,completed
5495,KREIDLER,MF,12371,MF,,,completed
5496,KREIDLER,MUSTANG,12372,MUSTANG,,,completed
5497,KREIDLER,RMC,12373,RMC,,,completed
5498,KREIDLER,RMC-B,12374,RMC-B,,,completed
5499,KREIDLER,RMC-BG,12375,RMC-BG,,,completed
5500,KREIDLER,RMC-G,38545,RMC-G,,,completed
5501,KREIDLER,RMC-H,38551,RMC-H,,,completed
5502,KREIDLER,RMC-S,12376,RMC-S,,,completed
5503,KREIDLER,RMC-S/SH,12377,RMC-S/SH,,,completed
5504,KREIDLER,RS-G,12378,RS-G,,,completed
5505,KREIDLER,RS-GS,12379,RS-GS,,,completed
5506,KREIDLER,RS-L,12380,RS-L,,,completed
5507,KSR MOTO,CODE,36337,CODE,,,completed
5508,KSR MOTO,CRACKER,36334,CRACKER,,,completed
5509,KSR MOTO,DEMONIO,44229,DEMONIO,,,completed
5510,KSR MOTO,EPICO,36333,EPICO,,,completed
5511,KSR MOTO,GRS,36338,GRS,,,completed
5512,KSR MOTO,ONYX,36332,ONYX,,,completed
5513,KSR MOTO,QUIP,43985,QUIP,,,completed
5514,KSR MOTO,SIRION,43070,SIRION,,,completed
5515,KSR MOTO,SOHO,36341,SOHO,,,completed
5516,KSR MOTO,TOXIC,36335,TOXIC,,,completed
5517,KSR MOTO,TR,36336,TR,,,completed
5518,KSR MOTO,TW,36339,TW,,,completed
5519,KTM,50,12381,50,,,completed
5520,KTM,505,12382,505,,,completed
5521,KTM,690,39514,690,,,completed
5522,KTM,80,12033,80,,,completed
5523,KTM,ADVENTURE,12023,ADVENTURE,,,completed
5524,KTM,ARK,12383,ARK,,,completed
5525,KTM,BAJA,12384,BAJA,,,completed
5526,KTM,BORA,12385,BORA,,,completed
5527,KTM,CHRONO,12386,CHRONO,,,completed
5528,KTM,DUKE,12387,DUKE,,,completed
5529,KTM,ENDURO,12029,ENDURO,,,completed
5530,KTM,EXC,13462,EXC,,,completed
5531,KTM,FOXI,12388,FOXI,,,completed
5532,KTM,FREERIDE,14365,FREERIDE,,,completed
5533,KTM,GO,12389,GO,,,completed
5534,KTM,HARD ENDURO,12022,HARD ENDURO,,,completed
5535,KTM,KROSS,12390,KROSS,,,completed
5536,KTM,MILITARY,12031,MILITARY,,,completed
5537,KTM,OKAY,12391,OKAY,,,completed
5538,KTM,PONY,12392,PONY,,,completed
5539,KTM,RACE,12026,RACE,,,completed
5540,KTM,RALLY REPLICA,41762,RALLY REPLICA,,,completed
5541,KTM,RC,14249,RC,,,completed
5542,KTM,SC,13461,SC,,,completed
5543,KTM,SM,12393,SM,,,completed
5544,KTM,SMR,43811,SMR,,,completed
5545,KTM,STING,12394,STING,,,completed
5546,KTM,SUPER ADVENTURE,43014,SUPER ADVENTURE,,,completed
5547,KTM,SUPER DUKE,43015,SUPER DUKE,,,completed
5548,KTM,SUPERBIKE,12025,SUPERBIKE,,,completed
5549,KTM,SUPERMOTO,12024,SUPERMOTO,,,completed
5550,KTM,SX,12030,SX,,,completed
5551,KTM,SXC,13460,SXC,,,completed
5552,KTM,X-Bow,9787,X-Bow Convertible 7.2008,7.2008,,completed
5553,KTM,X-Bow,38957,X-Bow Coupe 7.2008,7.2008,,completed
5554,KTM,XC,36682,XC,,,completed
5555,KUBA,AJAX,14974,AJAX,,,completed
5556,KUBA,CARGO,14983,CARGO,,,completed
5557,KUBA,CG,14975,CG,,,completed
5558,KUBA,CITA,14976,CITA,,,completed
5559,KUBA,CR,14977,CR,,,completed
5560,KUBA,FIGHTER,14984,FIGHTER,,,completed
5561,KUBA,GOLF,14985,GOLF,,,completed
5562,KUBA,HASAT,14986,HASAT,,,completed
5563,KUBA,KB,14987,KB,,,completed
5564,KUBA,KEE,14988,KEE,,,completed
5565,KUBA,KM,14978,KM,,,completed
5566,KUBA,NIRVANA,14989,NIRVANA,,,completed
5567,KUBA,PARS,14979,PARS,,,completed
5568,KUBA,PLATINUM,14980,PLATINUM,,,completed
5569,KUBA,RAINBOW,14992,RAINBOW,,,completed
5570,KUBA,RAVAN,14981,RAVAN,,,completed
5571,KUBA,RAZORE,14982,RAZORE,,,completed
5572,KUBA,STRIKE,14990,STRIKE,,,completed
5573,KUBA,SUPERLIGHT,14991,SUPERLIGHT,,,completed
5574,KYMCO,AGILITY,12395,AGILITY,,,completed
5575,KYMCO,AK,37095,AK,,,completed
5576,KYMCO,BET AND WIN,38532,BET AND WIN,,,completed
5577,KYMCO,CK,12396,CK,,,completed
5578,KYMCO,COBRA,12397,COBRA,,,completed
5579,KYMCO,CV,43635,CV,,,completed
5580,KYMCO,DINK,12039,DINK,,,completed
5581,KYMCO,DJ,12398,DJ,,,completed
5582,KYMCO,DOWNTOWN,12399,DOWNTOWN,,,completed
5583,KYMCO,DT,42396,DT,,,completed
5584,KYMCO,FEVER,12400,FEVER,,,completed
5585,KYMCO,FILLY,12037,FILLY,,,completed
5586,KYMCO,GRAND DINK,12401,GRAND DINK,,,completed
5587,KYMCO,HEROISM,12402,HEROISM,,,completed
5588,KYMCO,HIPSTER,12403,HIPSTER,,,completed
5589,KYMCO,K-XCT,14184,K-XCT,,,completed
5590,KYMCO,LIKE,12404,LIKE,,,completed
5591,KYMCO,MOVIE,12405,MOVIE,,,completed
5592,KYMCO,MYROAD,12406,MYROAD,,,completed
5593,KYMCO,NEWSENTO,12407,NEWSENTO,,,completed
5594,KYMCO,NEXXON,12408,NEXXON,,,completed
5595,KYMCO,PEOPLE,12409,PEOPLE,,,completed
5596,KYMCO,PULSAR,12410,PULSAR,,,completed
5597,KYMCO,QUANNON,12411,QUANNON,,,completed
5598,KYMCO,SCOUT,12412,SCOUT,,,completed
5599,KYMCO,SENTO,12413,SENTO,,,completed
5600,KYMCO,SOONER,38453,SOONER,,,completed
5601,KYMCO,SPACER,12414,SPACER,,,completed
5602,KYMCO,STRYKER,12415,STRYKER,,,completed
5603,KYMCO,SUPER,12416,SUPER,,,completed
5604,KYMCO,TOP,12417,TOP,,,completed
5605,KYMCO,VENOX,12418,VENOX,,,completed
5606,KYMCO,VISAR,44155,VISAR,,,completed
5607,KYMCO,VITALITY,12419,VITALITY,,,completed
5608,KYMCO,VIVIO,38544,VIVIO,,,completed
5609,KYMCO,X-TOWN,42953,X-TOWN,,,completed
5610,KYMCO,XCITING,12420,XCITING,,,completed
5611,KYMCO,YAGER,12421,YAGER,,,completed
5612,KYMCO,YUP,12422,YUP,,,completed
5613,KYMCO,ZING,12423,ZING,,,completed
5614,LADA,110,4130,110 (2110) 1.1995-12.2012,1.1995,12.2012,completed
5615,LADA,111,4132,111 (2111) 1.1995-2.2009,1.1995,2.2009,completed
5616,LADA,112,4131,112 (2112) 1.1995-12.2011,1.1995,12.2011,completed
5617,LADA,1200-1500,115,1200-1500 Estate 9.1973-6.1988,9.1973,6.1988,completed
5618,LADA,1200-1600,121,1200-1600 1.1970-12.2005,1.1970,12.2005,completed
5619,LADA,GRANTA,38934,GRANTA Estate (2194_) 8.2018,8.2018,,completed
5620,LADA,KALINA,5617,KALINA Hatchback (1119) 10.2004-12.2013,10.2004,12.2013,completed
5621,LADA,KALINA,7382,KALINA Estate (1117) 9.2004-12.2013,9.2004,12.2013,completed
5622,LADA,KALINA,5618,KALINA Saloon (1118) 9.2004-12.2013,9.2004,12.2013,completed
5623,LADA,LARGUS,41363,"LARGUS (KS0_, RS0_, KSA_) 3.2012",3.2012,,completed
5624,LADA,LARGUS,10466,"LARGUS Estate Van (KS0_, RS0_, KSA_) 3.2012",3.2012,,completed
5625,LADA,NADESCHDA,4133,NADESCHDA (2120) 12.1997-12.2006,12.1997,12.2006,completed
5626,LADA,NIVA,40978,NIVA II Closed Off-Road Vehicle (2123) 7.2020,7.2020,,completed
5627,LADA,NIVA,131,"NIVA Closed Off-Road Vehicle (2121, 2131) 12.1976",12.1976,,completed
5628,LADA,NOVA,141,NOVA Estate (2104) 9.1984-4.2012,9.1984,4.2012,completed
5629,LADA,NOVA,136,NOVA (2105) 5.1981-4.2012,5.1981,4.2012,completed
5630,LADA,OKA,9117,OKA (1111_) 2.1988-12.2008,2.1988,12.2008,completed
5631,LADA,PRIORA,8929,PRIORA Estate (2171) 5.2009-12.2015,5.2009,12.2015,completed
5632,LADA,PRIORA,7381,PRIORA Hatchback (2172) 2.2008-12.2015,2.2008,12.2015,completed
5633,LADA,PRIORA,7380,PRIORA Saloon (2170_) 4.2007-7.2018,4.2007,7.2018,completed
5634,LADA,SAMARA,37926,"SAMARA Hatchback (2113, 2114) 3.1997-12.2013",3.1997,12.2013,completed
5635,LADA,SAMARA,1846,"SAMARA Saloon (21099, 2115) 9.1987-12.2012",9.1987,12.2012,completed
5636,LADA,SAMARA,147,"SAMARA (2108, 2109, 2113, 2114) 9.1984-12.2013",9.1984,12.2013,completed
5637,LADA,TOSCANA,1855,TOSCANA (2107) 5.1982-5.2012,5.1982,5.2012,completed
5638,LADA,VESTA,14863,VESTA (GFL_) 11.2015,11.2015,,completed
5639,LADA,VESTA SW,38314,VESTA SW Estate (GFK_) 11.2015,11.2015,,completed
5640,LADA,XRAY,36525,XRAY (GAB_) 2.2016,2.2016,,completed
5641,LAMBORGHINI,AVENTADOR,11487,AVENTADOR Targa 4.2013,4.2013,,completed
5642,LAMBORGHINI,AVENTADOR,11494,AVENTADOR Coupe 3.2011,3.2011,,completed
5643,LAMBORGHINI,CENTENARIO,36612,CENTENARIO Coupe 4.2016,4.2016,,completed
5644,LAMBORGHINI,COUNTACH,43547,COUNTACH 6.2022,6.2022,,completed
5645,LAMBORGHINI,COUNTACH,4287,COUNTACH 1.1974-12.1991,1.1974,12.1991,completed
5646,LAMBORGHINI,DIABLO,4289,DIABLO Roadster 9.1995-12.2000,9.1995,12.2000,completed
5647,LAMBORGHINI,DIABLO,4288,DIABLO 1.1990,1.1990,,completed
5648,LAMBORGHINI,ESPADA,4290,ESPADA 1.1968-12.1981,1.1968,12.1981,completed
5649,LAMBORGHINI,GALLARDO,4994,GALLARDO 8.2003,8.2003,,completed
5650,LAMBORGHINI,GALLARDO SPYDER,5527,GALLARDO SPYDER 8.2005,8.2005,,completed
5651,LAMBORGHINI,HURACÁN,12856,HURACÁN 5.2014,5.2014,,completed
5652,LAMBORGHINI,HURACÁN SPYDER,38313,HURACÁN SPYDER 7.2015,7.2015,,completed
5653,LAMBORGHINI,JALPA,4291,JALPA 1.1982-12.1987,1.1982,12.1987,completed
5654,LAMBORGHINI,JARAMA,4292,JARAMA 1.1968-12.1976,1.1968,12.1976,completed
5655,LAMBORGHINI,LM-001,4293,LM-001 1.1980-12.1983,1.1980,12.1983,completed
5656,LAMBORGHINI,LM-002,4294,LM-002 1.1983-12.1992,1.1983,12.1992,completed
5657,LAMBORGHINI,MIURA,4295,MIURA 6.1966-12.1973,6.1966,12.1973,completed
5658,LAMBORGHINI,MURCIÉLAGO,5164,MURCIÉLAGO Roadster 8.2004,8.2004,,completed
5659,LAMBORGHINI,MURCIÉLAGO,4843,MURCIÉLAGO 11.2001,11.2001,,completed
5660,LAMBORGHINI,REVENTON,11496,REVENTON 9.2007-3.2009,9.2007,3.2009,completed
5661,LAMBORGHINI,REVUELTO,44353,REVUELTO 5.2023,5.2023,,completed
5662,LAMBORGHINI,TEMERARIO,45882,TEMERARIO 9.2024,9.2024,,completed
5663,LAMBORGHINI,URRACO,4296,URRACO 1.1974-12.1981,1.1974,12.1981,completed
5664,LAMBORGHINI,URUS,38523,URUS 2.2018,2.2018,,completed
5665,LAMBORGHINI,VENENO,14902,VENENO 9.2013,9.2013,,completed
5666,LAMBORGHINI,VENENO,38343,VENENO Targa 9.2013,9.2013,,completed
5667,LAMBRETTA,V,39017,V,,,completed
5668,LANCIA,A 112,248,A 112 3.1978-12.1986,3.1978,12.1986,completed
5669,LANCIA,AURELIA,7958,AURELIA Convertible 1.1956-12.1958,1.1956,12.1958,completed
5670,LANCIA,AURELIA,7957,AURELIA Spider 1.1954-12.1955,1.1954,12.1955,completed
5671,LANCIA,AURELIA,7956,AURELIA Coupe 1.1951-12.1958,1.1951,12.1958,completed
5672,LANCIA,AURELIA,7955,AURELIA Berlina 1.1950-12.1955,1.1950,12.1955,completed
5673,LANCIA,BETA,32337,BETA Saloon (828_) 9.1975-10.1986,9.1975,10.1986,completed
5674,LANCIA,BETA,1876,BETA Spider (828_) 5.1975-10.1986,5.1975,10.1986,completed
5675,LANCIA,BETA,1872,BETA Coupe (828_) 9.1974-12.1984,9.1974,12.1984,completed
5676,LANCIA,BETA,4692,BETA (828_) 8.1973-7.1982,8.1973,7.1982,completed
5677,LANCIA,BETA H.P.E.,397,BETA H.P.E. (828_) 5.1976-9.1984,5.1976,9.1984,completed
5678,LANCIA,DEDRA,254,DEDRA (835_) 1.1989-7.1999,1.1989,7.1999,completed
5679,LANCIA,DELTA,7568,DELTA III (844_) 8.2008-8.2014,8.2008,8.2014,completed
5680,LANCIA,DELTA,266,DELTA II (836_) 6.1993-9.1999,6.1993,9.1999,completed
5681,LANCIA,DELTA,261,DELTA I (831_) 9.1979-1.1994,9.1979,1.1994,completed
5682,LANCIA,FLAMINIA,7960,FLAMINIA Coupe 1.1959-12.1969,1.1959,12.1969,completed
5683,LANCIA,FLAMINIA,7959,FLAMINIA Berlina 1.1957-12.1970,1.1957,12.1970,completed
5684,LANCIA,FLAMINIA GT,7961,FLAMINIA GT 1.1959-12.1969,1.1959,12.1969,completed
5685,LANCIA,FLAVIA,10309,FLAVIA Convertible (JS_) 3.2012-12.2014,3.2012,12.2014,completed
5686,LANCIA,FLAVIA,7965,FLAVIA Berlina 5.1971-12.1974,5.1971,12.1974,completed
5687,LANCIA,FLAVIA,7966,FLAVIA Coupe 5.1971-12.1973,5.1971,12.1973,completed
5688,LANCIA,FLAVIA,7964,FLAVIA Berlina 5.1967-12.1970,5.1967,12.1970,completed
5689,LANCIA,FLAVIA,7963,FLAVIA Coupe 1.1961-12.1971,1.1961,12.1971,completed
5690,LANCIA,FLAVIA,7962,FLAVIA Berlina 11.1960-12.1966,11.1960,12.1966,completed
5691,LANCIA,FULVIA,7971,FULVIA Berlina (818_) 12.1969-3.1975,12.1969,3.1975,completed
5692,LANCIA,FULVIA,1878,FULVIA Coupe (818_) 1.1965-12.1976,1.1965,12.1976,completed
5693,LANCIA,FULVIA,7970,FULVIA Berlina 11.1964-12.1969,11.1964,12.1969,completed
5694,LANCIA,GAMMA,1877,GAMMA (830_) 3.1978-10.1986,3.1978,10.1986,completed
5695,LANCIA,GAMMA,1879,GAMMA Coupe (830_) 9.1977-10.1986,9.1977,10.1986,completed
5696,LANCIA,LYBRA,4136,LYBRA SW (839_) 7.1999-10.2005,7.1999,10.2005,completed
5697,LANCIA,MUSA,5163,MUSA (350_) 10.2004-9.2012,10.2004,9.2012,completed
5698,LANCIA,PHEDRA,4918,PHEDRA (179_) 9.2002-11.2010,9.2002,11.2010,completed
5699,LANCIA,PRISMA,451,PRISMA (831_) 1.1983-2.1992,1.1983,2.1992,completed
5700,LANCIA,SCORPION,1873,SCORPION (137_) 9.1975-10.1983,9.1975,10.1983,completed
5701,LANCIA,THEMA,9732,THEMA (LX_) 9.2011-10.2014,9.2011,10.2014,completed
5702,LANCIA,THEMA,395,THEMA SW (834_) 3.1987-7.1994,3.1987,7.1994,completed
5703,LANCIA,THEMA,391,THEMA (834_) 11.1984-7.1994,11.1984,7.1994,completed
5704,LANCIA,THESIS,4788,THESIS (841_) 7.2002-7.2009,7.2002,7.2009,completed
5705,LANCIA,TREVI,401,TREVI (828_) 5.1980-1.1987,5.1980,1.1987,completed
5706,LANCIA,VOYAGER,9733,VOYAGER MPV (404_) 9.2011-12.2014,9.2011,12.2014,completed
5707,LANCIA,Y10,3991,Y10 (156_) 3.1985-12.1995,3.1985,12.1995,completed
5708,LANCIA,YPSILON,45206,YPSILON (L21) 2.2024,2.2024,,completed
5709,LANCIA,YPSILON,9612,YPSILON (312_) 5.2011,5.2011,,completed
5710,LANDWIND (JMC),CV9,7903,CV9 5.2006,5.2006,,completed
5711,LAVERDA MOTORCYCLES,1000,12424,1000,,,completed
5712,LAVERDA MOTORCYCLES,1200,45154,1200,,,completed
5713,LAVERDA MOTORCYCLES,500,45164,500,,,completed
5714,LAVERDA MOTORCYCLES,650,12425,650,,,completed
5715,LAVERDA MOTORCYCLES,668,12426,668,,,completed
5716,LAVERDA MOTORCYCLES,750,12427,750,,,completed
5717,LAVERDA MOTORCYCLES,GHOST,12428,GHOST,,,completed
5718,LAVERDA MOTORCYCLES,OR,12429,OR,,,completed
5719,LDV,200,37729,200 Bus 4.1989-3.1996,4.1989,3.1996,completed
5720,LDV,200,7658,200 Platform/Chassis 4.1989-3.1996,4.1989,3.1996,completed
5721,LDV,200,7659,200 Van 4.1989-3.1996,4.1989,3.1996,completed
5722,LDV,400,4171,400 Bus 11.1995-10.1998,11.1995,10.1998,completed
5723,LDV,400,4167,400 Platform/Chassis 11.1995-10.1996,11.1995,10.1996,completed
5724,LDV,400,7655,400 Platform/Chassis 11.1986-10.1996,11.1986,10.1996,completed
5725,LDV,400,7656,400 Van 11.1986-12.1996,11.1986,12.1996,completed
5726,LDV,CONVOY,7653,CONVOY Bus 4.1996-4.2009,4.1996,4.2009,completed
5727,LDV,CONVOY,4170,CONVOY Platform/Chassis 4.1996-4.2009,4.1996,4.2009,completed
5728,LDV,CONVOY,4169,CONVOY Van 4.1996-4.2009,4.1996,4.2009,completed
5729,LDV,CUB,5440,CUB 8.1998-9.2001,8.1998,9.2001,completed
5730,LDV,MAXUS,5557,MAXUS Bus 2.2005-12.2009,2.2005,12.2009,completed
5731,LDV,MAXUS,8074,MAXUS Platform/Chassis 2.2005-12.2009,2.2005,12.2009,completed
5732,LDV,MAXUS,5558,MAXUS Van 2.2005-12.2009,2.2005,12.2009,completed
5733,LDV,PILOT,7649,PILOT Bus 4.1996-10.2005,4.1996,10.2005,completed
5734,LDV,PILOT,7650,PILOT Platform/Chassis 4.1996-10.2005,4.1996,10.2005,completed
5735,LDV,PILOT,7651,PILOT Van 4.1996-10.2005,4.1996,10.2005,completed
5736,LDV,V80,14788,V80 Platform/Chassis 7.2015,7.2015,,completed
5737,LDV,V80,14786,V80 Van 2.2013,2.2013,,completed
5738,LEAPMOTOR,C10,45278,C10 3.2024,3.2024,,completed
5739,LEAPMOTOR,T03,40822,T03 5.2020,5.2020,,completed
5740,LEVC,TX,39293,TX (HRE) 12.2017,12.2017,,completed
5741,LEVC,VN5,41805,VN5 Van 7.2017,7.2017,,completed
5742,LEXMOTO,SB,38727,SB,,,completed
5743,LEXMOTO,ZN,38728,ZN,,,completed
5744,LIFAN,LF 250,37795,LF 250,,,completed
5745,LIFAN,LF QT-15,38576,LF QT-15,,,completed
5746,LIFAN,LF QT-2,38578,LF QT-2,,,completed
5747,LIFAN,LF QT-26,38577,LF QT-26,,,completed
5748,LIFAN,LF QT-8,38579,LF QT-8,,,completed
5749,LIFAN,LF QT-9,38580,LF QT-9,,,completed
5750,LIFAN,LF T-2D,38563,LF T-2D,,,completed
5751,LIFAN,LF T-2J,38564,LF T-2J,,,completed
5752,LIFAN,LF T-6,38567,LF T-6,,,completed
5753,LIFAN,LF T-6(II),38565,LF T-6(II),,,completed
5754,LIFAN,LF T-6(IV),38566,LF T-6(IV),,,completed
5755,LIFAN,LF T-7,38568,LF T-7,,,completed
5756,LIFAN,LF T-8(IV),38573,LF T-8(IV),,,completed
5757,LIFAN,LF T-9,38570,LF T-9,,,completed
5758,LIFAN,MYWAY,37793,MYWAY 1.2016,1.2016,,completed
5759,LIFAN,X70,38828,X70 4.2018,4.2018,,completed
5760,LIGIER,AMBRA,5138,AMBRA 12.1996-12.2006,12.1996,12.2006,completed
5761,LIGIER,BE UP,5135,BE UP 8.2002-12.2006,8.2002,12.2006,completed
5762,LIGIER,DUE,37589,DUE 9.2013,9.2013,,completed
5763,LIGIER,JS RC,14196,JS RC 2.2013,2.2013,,completed
5764,LIGIER,JS50,14195,JS50 2.2013,2.2013,,completed
5765,LIGIER,NOVA,5136,NOVA 8.2002,8.2002,,completed
5766,LIGIER,PULSE 3,41068,PULSE 3 Threewheeler 1.2018,1.2018,,completed
5767,LIGIER,PULSE 4,41040,PULSE 4 Platform/Chassis 8.2019,8.2019,,completed
5768,LINCOLN,CONTINENTAL,37464,CONTINENTAL Saloon 9.1969-12.1979,9.1969,12.1979,completed
5769,LINCOLN,LS,3554,LS 5.1998,5.1998,,completed
5770,LINCOLN,NAVIGATOR,6860,NAVIGATOR (UN173) 5.1997-12.2002,5.1997,12.2002,completed
5771,LINCOLN,TOWN CAR,9713,TOWN CAR III 11.1996-12.2011,11.1996,12.2011,completed
5772,LINGBEN,QT,38729,QT,,,completed
5773,LIVEWIRE,ONE,44407,ONE,,,completed
5774,LIVEWIRE,S2,44408,S2,,,completed
5775,LML,STAR,14209,STAR,,,completed
5776,LOTUS,2 ELEVEN,8942,2 ELEVEN 4.2007-7.2011,4.2007,7.2011,completed
5777,LOTUS,3 ELEVEN,38102,3 ELEVEN Convertible 2.2016,2.2016,,completed
5778,LOTUS,ECLAT,3593,ECLAT 9.1975-8.1986,9.1975,8.1986,completed
5779,LOTUS,ELAN,3597,ELAN 9.1989-11.1995,9.1989,11.1995,completed
5780,LOTUS,ELAN,32444,ELAN Coupe 9.1961-12.1975,9.1961,12.1975,completed
5781,LOTUS,ELETRE,43691,ELETRE 10.2022,10.2022,,completed
5782,LOTUS,ELISE,4744,ELISE 11.2000,11.2000,,completed
5783,LOTUS,ELISE,3598,ELISE 8.1995-1.2001,8.1995,1.2001,completed
5784,LOTUS,ELISE 340 R,4608,ELISE 340 R 2.2000-2.2001,2.2000,2.2001,completed
5785,LOTUS,ELITE,3592,ELITE 5.1974-12.1982,5.1974,12.1982,completed
5786,LOTUS,EMEYA,45149,EMEYA 1.2024,1.2024,,completed
5787,LOTUS,EMIRA,42544,EMIRA 11.2021,11.2021,,completed
5788,LOTUS,ESPRIT,3601,ESPRIT S4 (082) 9.1988-12.2004,9.1988,12.2004,completed
5789,LOTUS,ESPRIT,3595,ESPRIT S3 5.1980-5.1989,5.1980,5.1989,completed
5790,LOTUS,ESPRIT,3594,ESPRIT S2 9.1975-8.1988,9.1975,8.1988,completed
5791,LOTUS,EUROPA,3600,EUROPA 5.1970-4.1976,5.1970,4.1976,completed
5792,LOTUS,EUROPA,3599,EUROPA 10.1966-10.1970,10.1966,10.1970,completed
5793,LOTUS,EUROPA S,5621,EUROPA S 7.2006,7.2006,,completed
5794,LOTUS,EVORA,8051,EVORA 5.2009,5.2009,,completed
5795,LOTUS,EXCEL,3596,EXCEL 10.1983-8.1991,10.1983,8.1991,completed
5796,LOTUS,EXIGE,11026,EXIGE 6.2012,6.2012,,completed
5797,LOTUS,EXIGE,38342,EXIGE Convertible 6.2012,6.2012,,completed
5798,LOTUS,EXIGE,4919,EXIGE (SCC_) 5.2000-6.2012,5.2000,6.2012,completed
5799,LTI,TX,6375,TX 1.1997,1.1997,,completed
5800,LUCID,AIR,42869,AIR 10.2021,10.2021,,completed
5801,LUXXON,66,36329,66,,,completed
5802,LUXXON,ALEX,36330,ALEX,,,completed
5803,LUXXON,CLASSICI,36324,CLASSICI,,,completed
5804,LUXXON,CONFESSIO,36322,CONFESSIO,,,completed
5805,LUXXON,CORONA,36323,CORONA,,,completed
5806,LUXXON,CRUISER,45606,CRUISER,,,completed
5807,LUXXON,E,45863,E,,,completed
5808,LUXXON,ECO,45864,ECO,,,completed
5809,LUXXON,ELVIS,45865,ELVIS,,,completed
5810,LUXXON,EMILY,36318,EMILY,,,completed
5811,LUXXON,EXCEPTIO,36326,EXCEPTIO,,,completed
5812,LUXXON,F,45866,F,,,completed
5813,LUXXON,JACKFIRE,36320,JACKFIRE,,,completed
5814,LUXXON,MAXXITY,45062,MAXXITY,,,completed
5815,LUXXON,PRIME,45867,PRIME,,,completed
5816,LUXXON,SILVERGLIDE,44844,SILVERGLIDE,,,completed
5817,LUXXON,SILVERMAX,44839,SILVERMAX,,,completed
5818,LUXXON,STARFIGHTER,36321,STARFIGHTER,,,completed
5819,LUXXON,SUPERMOTO,36328,SUPERMOTO,,,completed
5820,LUXXON,TREVIS,36331,TREVIS,,,completed
5821,LUXXON,TWINRIDER,43108,TWINRIDER,,,completed
5822,LUXXON,UNO,36319,UNO,,,completed
5823,LUXXON,X,36327,X,,,completed
5824,LUXXON,XXLINE,45868,XXLINE,,,completed
5825,LYNK & CO,01,38338,01 11.2017,11.2017,,completed
5826,LYNK & CO,08,44794,08 9.2023,9.2023,,completed
5827,M-HERO,M 917,44778,1 8.2023,8.2023,,completed
5828,MAHINDRA,ARMADA,5871,ARMADA 10.1997-9.2001,10.1997,9.2001,completed
5829,MAHINDRA,CJ 3,3982,CJ 3 10.1988-5.1997,10.1988,5.1997,completed
5830,MAHINDRA,CJ 3,4358,CJ 3 Wagon 10.1988,10.1988,,completed
5831,MAHINDRA,E2O / E20 PLUS,14453,E2O / E20 PLUS 1.2013,1.2013,,completed
5832,MAICO,MD,12430,MD,,,completed
5833,MALAGUTI,BLOG,13459,BLOG,,,completed
5834,MALAGUTI,CENTRO,12431,CENTRO,,,completed
5835,MALAGUTI,CIAK,12432,CIAK,,,completed
5836,MALAGUTI,CROSSER,38529,CROSSER,,,completed
5837,MALAGUTI,DRAKON,13457,DRAKON,,,completed
5838,MALAGUTI,DUNE,42947,DUNE,,,completed
5839,MALAGUTI,F,12433,F,,,completed
5840,MALAGUTI,MADISON,12434,MADISON,,,completed
5841,MALAGUTI,MISSION,42959,MISSION,,,completed
5842,MALAGUTI,MONTE,43806,MONTE,,,completed
5843,MALAGUTI,PASSWORD,12435,PASSWORD,,,completed
5844,MALAGUTI,PHANTOM,12436,PHANTOM,,,completed
5845,MALAGUTI,RST,43807,RST,,,completed
5846,MALAGUTI,SPECTRE,42946,SPECTRE,,,completed
5847,MALAGUTI,SPIDERMAX,12437,SPIDERMAX,,,completed
5848,MALAGUTI,XSM,43808,XSM,,,completed
5849,MALAGUTI,YESTERDAY,13456,YESTERDAY,,,completed
5850,MAN,TGE,39147,TGE Bus 2.2017,2.2017,,completed
5851,MAN,TGE,37791,TGE Van 2.2017,2.2017,,completed
5852,MAN,TGE,37792,TGE Platform/Chassis (UZ_) 11.2016,11.2016,,completed
5853,MARCOS,1600,4303,1600 1.1969-12.1970,1.1969,12.1970,completed
5854,MARCOS,2-3 Litre,4304,2-3 Litre 1.1969-12.1991,1.1969,12.1991,completed
5855,MARCOS,LM,4305,LM 1.1994-11.1999,1.1994,11.1999,completed
5856,MARCOS,LM,4306,LM Convertible 1.1994-9.1998,1.1994,9.1998,completed
5857,MARCOS,MANTA RAY,4308,MANTA RAY Convertible 1.1998,1.1998,,completed
5858,MARCOS,MANTA RAY,4307,MANTA RAY 8.1997,8.1997,,completed
5859,MARCOS,MANTIS,4310,MANTIS Convertible 1.1997,1.1997,,completed
5860,MARCOS,MANTIS,4309,MANTIS 1.1971-12.1972,1.1971,12.1972,completed
5861,MARCOS,MARCASITE,13369,MARCASITE 7.2002-2.2003,7.2002,2.2003,completed
5862,MARCOS,TS 250,5488,TS 250 4.2002,4.2002,,completed
5863,MARCOS,TS 500,5487,TS 500 11.2002-12.2004,11.2002,12.2004,completed
5864,MARCOS,TSO Convertible,5525,TSO Convertible 5.2004,5.2004,,completed
5865,MARCOS,TSO GT2,5526,TSO GT2 6.2004,6.2004,,completed
5866,MASERATI,228,1417,228 8.1986-6.1993,8.1986,6.1993,completed
5867,MASERATI,3200 GT,3957,3200 GT Coupe 10.1998-3.2002,10.1998,3.2002,completed
5868,MASERATI,4200 GT / COUPE,4878,4200 GT / COUPE Coupe 3.2002-12.2007,3.2002,12.2007,completed
5869,MASERATI,4200 GT SPYDER,4831,4200 GT SPYDER Convertible 10.2001,10.2001,,completed
5870,MASERATI,BITURBO,1422,BITURBO Spyder (AM 333) 7.1985-12.1994,7.1985,12.1994,completed
5871,MASERATI,BITURBO,1419,"BITURBO (69, 78, AF3, AM 332) 6.1984-12.1994",6.1984,12.1994,completed
5872,MASERATI,BITURBO,1421,BITURBO Coupe (AM 331) 12.1981-6.1993,12.1981,6.1993,completed
5873,MASERATI,BORA,1423,BORA 1.1971-12.1983,1.1971,12.1983,completed
5874,MASERATI,GHIBLI,11517,GHIBLI III (M157) 8.2013,8.2013,,completed
5875,MASERATI,GHIBLI,1433,GHIBLI II 4.1992-12.1997,4.1992,12.1997,completed
5876,MASERATI,GHIBLI,3481,GHIBLI 1.1967-12.1973,1.1967,12.1973,completed
5877,MASERATI,GHIBLI,3865,GHIBLI Spider 1.1967-12.1973,1.1967,12.1973,completed
5878,MASERATI,GRAN TURISMO,44057,GRAN TURISMO II (M189) 1.2023,1.2023,,completed
5879,MASERATI,GRAN TURISMO,7594,GRAN TURISMO I 9.2007,9.2007,,completed
5880,MASERATI,GRANCABRIO,45320,GRANCABRIO (M189) 3.2024,3.2024,,completed
5881,MASERATI,GRANCABRIO,10221,GRANCABRIO 3.2010,3.2010,,completed
5882,MASERATI,GRANSPORT,6023,GRANSPORT Convertible 10.2004,10.2004,,completed
5883,MASERATI,GRANSPORT,6022,GRANSPORT Coupe 6.2004-12.2007,6.2004,12.2007,completed
5884,MASERATI,GRECALE,42910,GRECALE 4.2022,4.2022,,completed
5885,MASERATI,INDY,1424,INDY 1.1967-12.1975,1.1967,12.1975,completed
5886,MASERATI,KARIF,1425,KARIF 4.1988-6.2000,4.1988,6.2000,completed
5887,MASERATI,KHAMSIN,1426,KHAMSIN 1.1972-12.1982,1.1972,12.1982,completed
5888,MASERATI,KYALAMI,1427,KYALAMI 4.1976-12.1985,4.1976,12.1985,completed
5889,MASERATI,LEVANTE,36390,LEVANTE SUV (M161) 6.2016,6.2016,,completed
5890,MASERATI,MC 12,5166,MC 12 8.2004,8.2004,,completed
5891,MASERATI,MC 20,42955,MC 20 Convertible 5.2022,5.2022,,completed
5892,MASERATI,MC 20,42139,MC 20 Coupe 9.2020,9.2020,,completed
5893,MASERATI,MERAK,1428,MERAK 5.1975-12.1983,5.1975,12.1983,completed
5894,MASERATI,MEXICO,1429,MEXICO 9.1964-12.1975,9.1964,12.1975,completed
5895,MASERATI,MISTRAL,32474,MISTRAL Coupe 9.1963-12.1970,9.1963,12.1970,completed
5896,MASERATI,MISTRAL,36442,MISTRAL Spyder 9.1963-12.1970,9.1963,12.1970,completed
5897,MASERATI,QUATTROPORTE,11569,QUATTROPORTE VI 11.2012,11.2012,,completed
5898,MASERATI,QUATTROPORTE,5108,QUATTROPORTE V 3.2004,3.2004,,completed
5899,MASERATI,QUATTROPORTE,1431,QUATTROPORTE IV 3.1994-5.2001,3.1994,5.2001,completed
5900,MASERATI,QUATTROPORTE,13179,QUATTROPORTE III 1.1979-12.1990,1.1979,12.1990,completed
5901,MASERATI,QUATTROPORTE,1430,QUATTROPORTE II 10.1974-12.1978,10.1974,12.1978,completed
5902,MASERATI,QUATTROPORTE,32475,QUATTROPORTE I 9.1962-12.1971,9.1962,12.1971,completed
5903,MASERATI,SHAMAL,1432,SHAMAL 9.1989-11.1995,9.1989,11.1995,completed
5904,MASH,ADVENTURE,36284,ADVENTURE,,,completed
5905,MASH,BELENA,45798,BELENA,,,completed
5906,MASH,BLACK SEVEN,44378,BLACK SEVEN,,,completed
5907,MASH,CAFERACER,36285,CAFERACER,,,completed
5908,MASH,DIRT TRACK,44765,DIRT TRACK,,,completed
5909,MASH,FALCONE,44553,FALCONE,,,completed
5910,MASH,FAMILY SIDE,37844,FAMILY SIDE,,,completed
5911,MASH,FIVE HUNDRED,36286,FIVE HUNDRED,,,completed
5912,MASH,FORCE,43645,FORCE,,,completed
5913,MASH,SCRAMBLER,36287,SCRAMBLER,,,completed
5914,MASH,SEVENTY,36288,SEVENTY,,,completed
5915,MASH,SEVENTY FIVE,36289,SEVENTY FIVE,,,completed
5916,MASH,SIDE FORCE,42954,SIDE FORCE,,,completed
5917,MASH,SIX HUNDRED,42951,SIX HUNDRED,,,completed
5918,MASH,TWO FIFTY,36290,TWO FIFTY,,,completed
5919,MASH,VON DUTCH,36291,VON DUTCH,,,completed
5920,MASH,X-RIDE,42926,X-RIDE,,,completed
5921,MAXUS,DELIVER 9,42905,DELIVER 9 Platform/Chassis 7.2020,7.2020,,completed
5922,MAXUS,DELIVER 9,40905,DELIVER 9 Van 7.2020,7.2020,,completed
5923,MAXUS,eDELIVER 3,43733,eDELIVER 3 Platform/Chassis 10.2022,10.2022,,completed
5924,MAXUS,eDELIVER 3,40910,eDELIVER 3 Van 7.2020,7.2020,,completed
5925,MAXUS,eDELIVER 5,45114,eDELIVER 5 Van 9.2023,9.2023,,completed
5926,MAXUS,eDELIVER 7,45018,eDELIVER 7 Van 12.2023,12.2023,,completed
5927,MAXUS,eDELIVER 9,43734,eDELIVER 9 Platform/Chassis 10.2022,10.2022,,completed
5928,MAXUS,eDELIVER 9,41846,eDELIVER 9 Van 7.2019,7.2019,,completed
5929,MAXUS,MIFA 7,44771,MIFA 7 8.2023,8.2023,,completed
5930,MAXUS,MIFA 9,42557,MIFA 9 11.2021,11.2021,,completed
5931,MAXUS,T90,41894,T90 3.2021,3.2021,,completed
5932,MAXUS,V80,11566,V80 Bus 10.2010,10.2010,,completed
5933,MAXUS,V80,40902,V80 Platform/Chassis 10.2010,10.2010,,completed
5934,MAXUS,V80,11567,V80 Van 10.2010,10.2010,,completed
5935,MAYBACH,57,4917,57 (W240) 9.2002-12.2012,9.2002,12.2012,completed
5936,MAYBACH,62,38554,62 (V240) 9.2002-12.2012,9.2002,12.2012,completed
5937,MBK,BOOSTER,12438,BOOSTER,,,completed
5938,MBK,CLUB,12439,CLUB,,,completed
5939,MBK,DOODO,12440,DOODO,,,completed
5940,MBK,EVOLIS,12441,EVOLIS,,,completed
5941,MBK,FIZZ,12442,FIZZ,,,completed
5942,MBK,FLAME,12443,FLAME,,,completed
5943,MBK,FLIPPER,12444,FLIPPER,,,completed
5944,MBK,FORTE,12445,FORTE,,,completed
5945,MBK,KILIBRE,14165,KILIBRE,,,completed
5946,MBK,MACHG,12446,MACHG,,,completed
5947,MBK,MOBYLETTE,12447,MOBYLETTE,,,completed
5948,MBK,NITRO,12448,NITRO,,,completed
5949,MBK,OCEO,12052,OCEO,,,completed
5950,MBK,OVETTO,12449,OVETTO,,,completed
5951,MBK,SKYCRUISER,12051,SKYCRUISER,,,completed
5952,MBK,SKYLINER,12450,SKYLINER,,,completed
5953,MBK,STUNT,12451,STUNT,,,completed
5954,MBK,THUNDER,12452,THUNDER,,,completed
5955,MCLAREN,540C,14090,540C 4.2015,4.2015,,completed
5956,MCLAREN,570GT,36697,570GT 6.2016,6.2016,,completed
5957,MCLAREN,570S,38221,570S Spider 7.2017,7.2017,,completed
5958,MCLAREN,570S,14089,570S 4.2015,4.2015,,completed
5959,MCLAREN,600LT,39443,600LT Spider 2.2019,2.2019,,completed
5960,MCLAREN,600LT,38956,600LT 6.2018,6.2018,,completed
5961,MCLAREN,650S,11958,650S Coupe 4.2014,4.2014,,completed
5962,MCLAREN,650S,11959,650S Spider 2.2014,2.2014,,completed
5963,MCLAREN,675LT,36698,675LT Spider 8.2016,8.2016,,completed
5964,MCLAREN,675LT,14093,675LT Coupe 3.2015,3.2015,,completed
5965,MCLAREN,720S,39444,720S Spider 2.2019,2.2019,,completed
5966,MCLAREN,720S,37915,720S 1.2017,1.2017,,completed
5967,MCLAREN,750S,44359,750S Convertible 4.2023,4.2023,,completed
5968,MCLAREN,750S,44273,750S Coupe 4.2023,4.2023,,completed
5969,MCLAREN,765LT,40634,765LT Coupe 3.2020,3.2020,,completed
5970,MCLAREN,ARTURA,42457,ARTURA 10.2021,10.2021,,completed
5971,MCLAREN,ARTURA Spider,45312,ARTURA Spider 2024 3.2024,3.2024,,completed
5972,MCLAREN,F1,4297,F1 1.1993-3.1998,1.1993,3.1998,completed
5973,MCLAREN,GT,40268,GT 8.2019,8.2019,,completed
5974,MCLAREN,GTS,45669,GTS 6.2024,6.2024,,completed
5975,MCLAREN,LM,4298,LM 1.1995-3.1998,1.1995,3.1998,completed
5976,MCLAREN,MP4,10760,MP4 Spider 8.2012-4.2014,8.2012,4.2014,completed
5977,MCLAREN,MP4,9103,MP4 Coupe 4.2011-4.2014,4.2011,4.2014,completed
5978,MCLAREN,P1,11957,P1 3.2013-12.2015,3.2013,12.2015,completed
5979,MCLAREN,SENNA,38959,SENNA 7.2018,7.2018,,completed
5980,MCLAREN,SPEEDTAIL,40635,SPEEDTAIL 12.2019,12.2019,,completed
5981,MEGA,CLUB,4386,CLUB 1.1992-6.1999,1.1992,6.1999,completed
5982,MEGA,CLUB II,4387,CLUB II 1.1999,1.1999,,completed
5983,MEGA,D-TRUCK,13942,D-TRUCK 6.2012,6.2012,,completed
5984,MEGA,e-Worker,13940,e-Worker 6.2012,6.2012,,completed
5985,MEGA,MONTE CARLO,4388,MONTE CARLO 1.1998,1.1998,,completed
5986,MEGA,TRACK,4389,TRACK 1.1992-10.1997,1.1992,10.1997,completed
5987,MEGELLI,MOTARD,37635,MOTARD,,,completed
5988,MEGELLI,NAKED,37636,NAKED,,,completed
5989,MEGELLI,SPORT,37637,SPORT,,,completed
5990,METROCAB,TAXI,5428,TAXI 1.1991-5.2006,1.1991,5.2006,completed
5991,MIA ELECTRIC,MIA,39143,MIA Hatchback 1.2011-4.2014,1.2011,4.2014,completed
5992,MIA ELECTRIC,MIA,37747,MIA Hatchback Van 1.2011-4.2014,1.2011,4.2014,completed
5993,MICRO,MICROLINO,42923,MICROLINO (MN) 2.2022,2.2022,,completed
5994,MICROCAR,DUE,14190,DUE 9.2013,9.2013,,completed
5995,MICROCAR,FLEX,14192,FLEX Platform/Chassis 9.2013,9.2013,,completed
5996,MICROCAR,FLEX,14194,FLEX Van 2.2013,2.2013,,completed
5997,MICROCAR,M.GO,13392,M.GO 8.2009,8.2009,,completed
5998,MICROCAR,MC 1,13393,MC 1 2.2004-12.2007,2.2004,12.2007,completed
5999,MICROCAR,MC 2,42736,MC 2 4.2005-6.2010,4.2005,6.2010,completed
6000,MIDDLEBRIDGE,SCIMITAR GTE,4413,SCIMITAR GTE 1.1988-12.1991,1.1988,12.1991,completed
6001,MINELLI,TF,8997,TF 1.1998,1.1998,,completed
6002,MITSUOKA,HIMIKO,8952,HIMIKO Convertible 9.2008,9.2008,,completed
6003,MITSUOKA,OROCHI,8951,OROCHI 1.2001,1.2001,,completed
6004,MORGAN,3-WHEELER,12831,3-WHEELER 5.2014,5.2014,,completed
6005,MORGAN,AERO,10219,AERO Coupe 10.2012,10.2012,,completed
6006,MORGAN,AERO 8,38746,AERO 8 Convertible 1.2012,1.2012,,completed
6007,MORGAN,AERO 8,4639,AERO 8 Convertible 10.2000,10.2000,,completed
6008,MORGAN,AERO SUPERSPORTS,8955,AERO SUPERSPORTS 3.2010,3.2010,,completed
6009,MORGAN,AEROMAX,11495,AEROMAX Coupe 3.2007-8.2009,3.2007,8.2009,completed
6010,MORGAN,EVA,9562,EVA 3.2012,3.2012,,completed
6011,MORGAN,FOUR FOUR,4414,FOUR FOUR 1.1968,1.1968,,completed
6012,MORGAN,PLUS EIGHT,4416,PLUS EIGHT 1.1968,1.1968,,completed
6013,MORGAN,PLUS FOUR,40651,PLUS FOUR 3.2020,3.2020,,completed
6014,MORGAN,PLUS FOUR,4415,PLUS FOUR 1.1985-2.2020,1.1985,2.2020,completed
6015,MORGAN,PLUS SIX,40652,PLUS SIX 3.2019,3.2019,,completed
6016,MORGAN,ROADSTER,8953,ROADSTER Convertible 1.2004,1.2004,,completed
6017,MORRIS,ITAL,4362,ITAL 7.1980-3.1984,7.1980,3.1984,completed
6018,MORRIS,ITAL,4363,ITAL Station Wagon 7.1980-3.1984,7.1980,3.1984,completed
6019,MORRIS,MARINA,4472,MARINA III 10.1978-10.1980,10.1978,10.1980,completed
6020,MORRIS,MARINA,4477,MARINA III Estate 10.1978-10.1980,10.1978,10.1980,completed
6021,MORRIS,MARINA,4471,MARINA II Saloon 10.1975-9.1978,10.1975,9.1978,completed
6022,MORRIS,MARINA,4473,MARINA II Station Wagon 10.1975-10.1980,10.1975,10.1980,completed
6023,MORRIS,MARINA,1596,MARINA 4.1971-6.1980,4.1971,6.1980,completed
6024,MORRIS,MARINA,1597,MARINA Coupe 4.1971-10.1980,4.1971,10.1980,completed
6025,MORRIS,MARINA,1599,MARINA Station Wagon 4.1971-12.1997,4.1971,12.1997,completed
6026,MORRIS,MINI,11398,MINI 1.1961-6.1981,1.1961,6.1981,completed
6027,MORRIS,MINI,11400,MINI Estate 1.1960-8.1981,1.1960,8.1981,completed
6028,MORRIS,MINI,11401,MINI Estate Van 1.1960-12.1980,1.1960,12.1980,completed
6029,MOSKVICH,2140,1856,2140 3.1976-10.1988,3.1976,10.1988,completed
6030,MOSKVICH,2141,1850,2141 5.1989-12.2001,5.1989,12.2001,completed
6031,MOSKVICH,403,1852,403 3.1962-9.1968,3.1962,9.1968,completed
6032,MOSKVICH,407,1854,407 8.1958-9.1969,8.1958,9.1969,completed
6033,MOSKVICH,412,1848,412 3.1971-10.1988,3.1971,10.1988,completed
6034,MOSKVICH,423,1853,423 Estate 8.1959-9.1965,8.1959,9.1965,completed
6035,MOSKVICH,427,1851,427 Estate 1.1975-9.1979,1.1975,9.1979,completed
6036,MOSKVICH,ASLK 2137,1849,ASLK 2137 Estate 7.1976-12.2001,7.1976,12.2001,completed
6037,MOSKVICH,ASLK 2140,1847,ASLK 2140 3.1976-10.1988,3.1976,10.1988,completed
6038,MOTO GUZZI,1000,12011,1000,,,completed
6039,MOTO GUZZI,1200,12453,1200,,,completed
6040,MOTO GUZZI,125 TURISMO,12034,125 TURISMO,,,completed
6041,MOTO GUZZI,250 TS,12028,250 TS,,,completed
6042,MOTO GUZZI,850 T,12013,850 T,,,completed
6043,MOTO GUZZI,AUDACE,36245,AUDACE,,,completed
6044,MOTO GUZZI,BELLAGIO,12457,BELLAGIO,,,completed
6045,MOTO GUZZI,BREVA,12455,BREVA,,,completed
6046,MOTO GUZZI,CALIFORNIA,12458,CALIFORNIA,,,completed
6047,MOTO GUZZI,DAYTONA,12459,DAYTONA,,,completed
6048,MOTO GUZZI,ELDORADO,14276,ELDORADO,,,completed
6049,MOTO GUZZI,GRISO,12456,GRISO,,,completed
6050,MOTO GUZZI,GTS,13455,GTS,,,completed
6051,MOTO GUZZI,LE MANS,12012,LE MANS,,,completed
6052,MOTO GUZZI,MGS-01,12018,MGS-01,,,completed
6053,MOTO GUZZI,MGX,36885,MGX,,,completed
6054,MOTO GUZZI,NEVADA,12460,NEVADA,,,completed
6055,MOTO GUZZI,NORGE,12461,NORGE,,,completed
6056,MOTO GUZZI,QUOTA,12462,QUOTA,,,completed
6057,MOTO GUZZI,SPORT,12463,SPORT,,,completed
6058,MOTO GUZZI,STELVIO,12464,STELVIO,,,completed
6059,MOTO GUZZI,V 10,12017,V 10,,,completed
6060,MOTO GUZZI,V 100,43845,V 100,,,completed
6061,MOTO GUZZI,V 11,12014,V 11,,,completed
6062,MOTO GUZZI,V 35,12015,V 35,,,completed
6063,MOTO GUZZI,V 50,45171,V 50,,,completed
6064,MOTO GUZZI,V 65,12454,V 65,,,completed
6065,MOTO GUZZI,V 7,12465,V 7,,,completed
6066,MOTO GUZZI,V 75,12016,V 75,,,completed
6067,MOTO GUZZI,V 85,40200,V 85,,,completed
6068,MOTO GUZZI,V 9,36381,V 9,,,completed
6069,MOTO-MORINI,11 1/2,36421,11 1/2,,,completed
6070,MOTO-MORINI,125,12466,125,,,completed
6071,MOTO-MORINI,250,12467,250,,,completed
6072,MOTO-MORINI,3,12468,3,,,completed
6073,MOTO-MORINI,350,12469,350,,,completed
6074,MOTO-MORINI,400,12470,400,,,completed
6075,MOTO-MORINI,500,12471,500,,,completed
6076,MOTO-MORINI,501,12472,501,,,completed
6077,MOTO-MORINI,6 1/2,43661,6 1/2,,,completed
6078,MOTO-MORINI,9 1/2,14186,9 1/2,,,completed
6079,MOTO-MORINI,CALIBRO,45738,CALIBRO,,,completed
6080,MOTO-MORINI,CAMEL,12473,CAMEL,,,completed
6081,MOTO-MORINI,COGUARO,12474,COGUARO,,,completed
6082,MOTO-MORINI,CORSARO,14191,CORSARO,,,completed
6083,MOTO-MORINI,DART,12475,DART,,,completed
6084,MOTO-MORINI,EXCALIBUR,12476,EXCALIBUR,,,completed
6085,MOTO-MORINI,GRANPASSO,36422,GRANPASSO,,,completed
6086,MOTO-MORINI,MILANO,43040,MILANO,,,completed
6087,MOTO-MORINI,NEW,12477,NEW,,,completed
6088,MOTO-MORINI,SCRAMBLER,36423,SCRAMBLER,,,completed
6089,MOTO-MORINI,SPORT,44620,SPORT,,,completed
6090,MOTO-MORINI,X-CAPE,43660,X-CAPE,,,completed
6091,MOTOBI,BC,14323,BC,,,completed
6092,MOTOBI,BS,36420,BS,,,completed
6093,MOTOBI,DL,44453,DL,,,completed
6094,MOTOBI,MISANO,14553,MISANO,,,completed
6095,MOTOBI,MODENA,14554,MODENA,,,completed
6096,MOTOBI,RIMINI,14552,RIMINI,,,completed
6097,MOTOWELL,CROGEN,36294,CROGEN,,,completed
6098,MOTOWELL,ELENOR,36297,ELENOR,,,completed
6099,MOTOWELL,GAMINI,36301,GAMINI,,,completed
6100,MOTOWELL,GRAND MEXON,36299,GRAND MEXON,,,completed
6101,MOTOWELL,MAGNET,36295,MAGNET,,,completed
6102,MOTOWELL,RETROSA,36298,RETROSA,,,completed
6103,MOTOWELL,TOP-R,36300,TOP-R,,,completed
6104,MOTOWELL,YOYO,36296,YOYO,,,completed
6105,MOTRON,BREEZY,45831,BREEZY,,,completed
6106,MOTRON,CUBERTINO,45832,CUBERTINO,,,completed
6107,MOTRON,IDEO,42957,IDEO,,,completed
6108,MOTRON,NOMAD,45830,NOMAD,,,completed
6109,MOTRON,REVOLVER 125,42949,REVOLVER 125,,,completed
6110,MOTRON,VENTURA,44503,VENTURA,,,completed
6111,MOTRON,VIZION,45835,VIZION,,,completed
6112,MOTRON,VOLTZ,45834,VOLTZ,,,completed
6113,MOTRON,WHIZZ,45833,WHIZZ,,,completed
6114,MOTRON,X-NORD,42958,X-NORD,,,completed
6115,MPM MOTORS,ERELIS,39366,ERELIS (PS160) 11.2018,11.2018,,completed
6116,MV AGUSTA,BRUTALE,13944,BRUTALE,,,completed
6117,MV AGUSTA,DRAGSTER,42962,DRAGSTER,,,completed
6118,MV AGUSTA,F3,13945,F3,,,completed
6119,MV AGUSTA,F4,13946,F4,,,completed
6120,MV AGUSTA,GT,14193,GT,,,completed
6121,MV AGUSTA,LXP,45555,LXP,,,completed
6122,MV AGUSTA,RIVALE,13943,RIVALE,,,completed
6123,MV AGUSTA,RUSH,43667,RUSH,,,completed
6124,MV AGUSTA,STRADALE,14362,STRADALE,,,completed
6125,MV AGUSTA,SUPERVELOCE,42960,SUPERVELOCE,,,completed
6126,MV AGUSTA,TURISMO VELOCE,14363,TURISMO VELOCE,,,completed
6127,MZ,1000,12478,1000,,,completed
6128,MZ,660,12480,660,,,completed
6129,MZ,BAGHIRA,12481,BAGHIRA,,,completed
6130,MZ,ETS,14771,ETS,,,completed
6131,MZ,ETZ,12482,ETZ,,,completed
6132,MZ,MASTIFF,12483,MASTIFF,,,completed
6133,MZ,MOSKITO,12484,MOSKITO,,,completed
6134,MZ,RT,12479,RT,,,completed
6135,MZ,SAXON,12485,SAXON,,,completed
6136,MZ,SKORPION,12486,SKORPION,,,completed
6137,MZ,TS,12487,TS,,,completed
6138,NIO,EC6,40976,EC6 7.2020,7.2020,,completed
6139,NIO,EL6,44457,EL6 10.2023,10.2023,,completed
6140,NIO,EL8,45694,EL8 7.2024,7.2024,,completed
6141,NIO,ES6,44499,ES6 5.2023,5.2023,,completed
6142,NIO,ES7,43016,EL7 6.2022,6.2022,,completed
6143,NIO,ES8,43898,EL8 12.2022,12.2022,,completed
6144,NIO,ES8,38385,ES8 12.2017,12.2017,,completed
6145,NIO,ET5,44456,ET5 Touring 6.2023,6.2023,,completed
6146,NIO,ET5,42591,ET5 12.2021,12.2021,,completed
6147,NIO,ET7,41766,ET7 1.2021,1.2021,,completed
6148,NIPPONIA,ALTIVA,37309,ALTIVA,,,completed
6149,NIPPONIA,AX,37310,AX,,,completed
6150,NIPPONIA,BWS,37313,BWS,,,completed
6151,NIPPONIA,CG,37314,CG,,,completed
6152,NIPPONIA,DION,37317,DION,,,completed
6153,NIPPONIA,EZIO,37318,EZIO,,,completed
6154,NIPPONIA,LEADNV,37320,LEADNV,,,completed
6155,NIPPONIA,LINCE,37321,LINCE,,,completed
6156,NIPPONIA,MIRO,37322,MIRO,,,completed
6157,NIPPONIA,SUPER RAYO,37326,SUPER RAYO,,,completed
6158,NIPPONIA,YUNA,37329,YUNA,,,completed
6159,NISSAN (DFAC),TIIDA,8269,TIIDA Saloon (C11) 4.2005,4.2005,,completed
6160,NIU,MQI,44063,MQI,,,completed
6161,NIU,N1S,37174,N1S,,,completed
6162,NIU,NQI,44062,NQI,,,completed
6163,NIU,RQI,45166,RQI,,,completed
6164,NOBLE,M12,13334,M12 6.2000-12.2005,6.2000,12.2005,completed
6165,NOBLE,M15,13333,M15 10.2006-6.2011,10.2006,6.2011,completed
6166,NOBLE,M400,13329,M400 6.2004-12.2006,6.2004,12.2006,completed
6167,NOBLE,M600,9586,M600 8.2009,8.2009,,completed
6168,NOBLE,M600,39266,M600 Speedster 8.2009,8.2009,,completed
6169,NORTON,COMMANDO,37941,COMMANDO,,,completed
6170,NORTON,DOMINATOR,37942,DOMINATOR,,,completed
6171,NSU,1000,1736,1000 1.1963-12.1972,1.1963,12.1972,completed
6172,NSU,1200,1739,1200 9.1969-11.1971,9.1969,11.1971,completed
6173,NSU,PRINZ,1735,PRINZ 8.1961-3.1974,8.1961,3.1974,completed
6174,NSU,RO 80,4062,RO 80 10.1967-7.1977,10.1967,7.1977,completed
6175,NSU,SPIDER,3523,SPIDER 1.1964-12.1968,1.1964,12.1968,completed
6176,NSU,TT,1737,TT 7.1965-11.1971,7.1965,11.1971,completed
6177,NSU,TTS,1738,TTS 2.1967-11.1971,2.1967,11.1971,completed
6178,OHM,35,44997,35 1.2023,1.2023,,completed
6179,OLDSMOBILE,CUTLASS SUPREME,3525,CUTLASS SUPREME Coupe 9.1987-12.1997,9.1987,12.1997,completed
6180,OLTCIT,11,4357,11 1.1981-5.1997,1.1981,5.1997,completed
6181,OMODA,E5,45282,5 3.2022,3.2022,,completed
6182,ONLINE,BESTIA,44390,BESTIA,,,completed
6183,ONLINE,MEMORY,43123,MEMORY,,,completed
6184,ONLINE,RT,44391,RT,,,completed
6185,ONLINE,TREVIS,42864,TREVIS,,,completed
6186,ONLINE,VT,42863,VT,,,completed
6187,OPEL,ADAM,10731,ADAM (M13) 10.2012-5.2019,10.2012,5.2019,completed
6188,OPEL,AGILA,6440,AGILA B (H08) 4.2008-10.2014,4.2008,10.2014,completed
6189,OPEL,AGILA,4474,AGILA A (H00) 3.2000-12.2007,3.2000,12.2007,completed
6190,OPEL,AMPERA,9204,AMPERA (R12) 11.2011-3.2015,11.2011,3.2015,completed
6191,OPEL,ANTARA,5548,ANTARA A (L07) 8.2006-8.2017,8.2006,8.2017,completed
6192,OPEL,ARENA,3544,ARENA Combi (A97) 3.1998-8.2001,3.1998,8.2001,completed
6193,OPEL,ARENA,3542,"ARENA Van (TB, TF) 3.1998-8.2001",3.1998,8.2001,completed
6194,OPEL,ARENA,9704,ARENA Bus (A97) 1.1997-12.2001,1.1997,12.2001,completed
6195,OPEL,ARENA,9705,ARENA Van (A97) 1.1997-12.2001,1.1997,12.2001,completed
6196,OPEL,ASCONA,366,ASCONA C (J82) 9.1981-10.1988,9.1981,10.1988,completed
6197,OPEL,ASCONA,371,ASCONA C Hatchback (J82) 9.1981-8.1988,9.1981,8.1988,completed
6198,OPEL,ASCONA,362,"ASCONA B (81_, 86_, 87_, 88_) 9.1975-8.1981",9.1975,8.1981,completed
6199,OPEL,ASCONA,357,"ASCONA A (81_, 86_, 87_, 88_) 10.1970-8.1975",10.1970,8.1975,completed
6200,OPEL,ASTRA,42533,ASTRA L (OV5) 10.2021,10.2021,,completed
6201,OPEL,ASTRA,42642,ASTRA L Sports Tourer (OV5) 10.2021,10.2021,,completed
6202,OPEL,ASTRA,41091,ASTRA K Estate Van 11.2015-9.2021,11.2015,9.2021,completed
6203,OPEL,ASTRA,14870,ASTRA K Sports Tourer (B16) 11.2015-12.2021,11.2015,12.2021,completed
6204,OPEL,ASTRA,14508,ASTRA K (B16) 6.2015-9.2021,6.2015,9.2021,completed
6205,OPEL,ASTRA,40158,ASTRA K Hatchback Van 6.2015-12.2021,6.2015,12.2021,completed
6206,OPEL,ASTRA,10351,ASTRA J Saloon 6.2012-6.2018,6.2012,6.2018,completed
6207,OPEL,ASTRA,9628,ASTRA J GTC 10.2011-4.2018,10.2011,4.2018,completed
6208,OPEL,ASTRA,9017,ASTRA J Sports Tourer (P10) 10.2010-10.2015,10.2010,10.2015,completed
6209,OPEL,ASTRA,8261,ASTRA J (P10) 9.2009-4.2016,9.2009,4.2016,completed
6210,OPEL,ASTRA,38920,ASTRA J Estate Van (P10) 9.2009-10.2015,9.2009,10.2015,completed
6211,OPEL,ASTRA,38919,ASTRA J Hatchback Van (P10) 9.2009-10.2015,9.2009,10.2015,completed
6212,OPEL,ASTRA,7918,ASTRA H Saloon (A04) 2.2007-12.2013,2.2007,12.2013,completed
6213,OPEL,ASTRA,5453,ASTRA H TwinTop (A04) 9.2005-12.2013,9.2005,12.2013,completed
6214,OPEL,ASTRA,5209,ASTRA H GTC (A04) 3.2005-10.2010,3.2005,10.2010,completed
6215,OPEL,ASTRA,5145,ASTRA H Estate (A04) 8.2004-10.2010,8.2004,10.2010,completed
6216,OPEL,ASTRA,9183,ASTRA H Estate Van (L70) 2.2004-10.2014,2.2004,10.2014,completed
6217,OPEL,ASTRA,5098,ASTRA H (A04) 1.2004-1.2011,1.2004,1.2011,completed
6218,OPEL,ASTRA,4760,ASTRA G Convertible (T98) 3.2001-10.2005,3.2001,10.2005,completed
6219,OPEL,ASTRA,4203,ASTRA G Coupe (T98) 3.2000-6.2006,3.2000,6.2006,completed
6220,OPEL,ASTRA,4583,ASTRA G Estate Van (F70) 9.1998-4.2005,9.1998,4.2005,completed
6221,OPEL,ASTRA,3878,ASTRA G Saloon (T98) 3.1998-12.2009,3.1998,12.2009,completed
6222,OPEL,ASTRA,3406,ASTRA G Estate (T98) 2.1998-7.2005,2.1998,7.2005,completed
6223,OPEL,ASTRA,3405,ASTRA G Hatchback (T98) 2.1998-12.2009,2.1998,12.2009,completed
6224,OPEL,ASTRA,380,ASTRA F Convertible (T92) 3.1993-3.2001,3.1993,3.2001,completed
6225,OPEL,ASTRA,4017,ASTRA F Estate Van (T92) 10.1991-1.1999,10.1991,1.1999,completed
6226,OPEL,ASTRA,3440,ASTRA F Estate (T92) 9.1991-1.2001,9.1991,1.2001,completed
6227,OPEL,ASTRA,388,ASTRA F Hatchback (T92) 9.1991-10.2000,9.1991,10.2000,completed
6228,OPEL,ASTRA,376,ASTRA F Saloon (T92) 9.1991-1.2001,9.1991,1.2001,completed
6229,OPEL,ASTRA A+,7918,ASTRA H Saloon (A04) 2.2007-12.2013,2.2007,12.2013,completed
6230,OPEL,ASTRA F CLASSIC,4704,ASTRA F CLASSIC Estate (T92) 1.1998-1.2005,1.1998,1.2005,completed
6231,OPEL,ASTRA F CLASSIC,4703,ASTRA F CLASSIC Hatchback (T92) 1.1998-8.2002,1.1998,8.2002,completed
6232,OPEL,ASTRA F CLASSIC,4702,ASTRA F CLASSIC Saloon (T92) 1.1998-8.2002,1.1998,8.2002,completed
6233,OPEL,ASTRA G CLASSIC,38278,ASTRA G CLASSIC (T98) 3.2004-7.2009,3.2004,7.2009,completed
6234,OPEL,ASTRA G CLASSIC,38280,ASTRA G CLASSIC Caravan (F35) 3.2004-7.2009,3.2004,7.2009,completed
6235,OPEL,ASTRA G CLASSIC,38279,ASTRA G CLASSIC Saloon (T98) 3.2004-7.2009,3.2004,7.2009,completed
6236,OPEL,ASTRA H CLASSIC,37112,ASTRA H CLASSIC Estate (A04) 1.2009-5.2014,1.2009,5.2014,completed
6237,OPEL,ASTRA H CLASSIC,37067,ASTRA H CLASSIC Hatchback (A04) 1.2009-5.2014,1.2009,5.2014,completed
6238,OPEL,ASTRA H CLASSIC,37099,ASTRA H CLASSIC Saloon (A04) 1.2009-5.2014,1.2009,5.2014,completed
6239,OPEL,ASTRA J,10351,ASTRA J Saloon 6.2012-6.2018,6.2012,6.2018,completed
6240,OPEL,CALIBRA,442,CALIBRA A (C89) 8.1989-7.1997,8.1989,7.1997,completed
6241,OPEL,CAMPO,1881,"CAMPO (TF0, TF1) 8.1987-6.2002",8.1987,6.2002,completed
6242,OPEL,CASCADA,11177,CASCADA (W13) 3.2013-4.2019,3.2013,4.2019,completed
6243,OPEL,COMBO,39036,COMBO Box Body/MPV (K9) 6.2018,6.2018,,completed
6244,OPEL,COMBO,38760,COMBO E Tour / Life (K9) 6.2018,6.2018,,completed
6245,OPEL,COMBO,10000,COMBO Box Body/MPV (X12) 2.2012,2.2012,,completed
6246,OPEL,COMBO,10001,COMBO Tour (X12) 2.2012,2.2012,,completed
6247,OPEL,COMBO,4818,COMBO Box Body/MPV 10.2001,10.2001,,completed
6248,OPEL,COMBO,4982,COMBO Tour 10.2001-12.2011,10.2001,12.2011,completed
6249,OPEL,COMBO,54,COMBO Box Body/MPV (71_) 7.1994-10.2001,7.1994,10.2001,completed
6250,OPEL,COMMODORE,68,COMMODORE C Estate (61) 12.1980-12.1982,12.1980,12.1982,completed
6251,OPEL,COMMODORE,3436,"COMMODORE C (14_, 19_) 8.1978-12.1982",8.1978,12.1982,completed
6252,OPEL,COMMODORE,62,COMMODORE B 1.1972-7.1978,1.1972,7.1978,completed
6253,OPEL,COMMODORE,58,COMMODORE B Coupe 1.1972-7.1978,1.1972,7.1978,completed
6254,OPEL,COMMODORE,4036,COMMODORE A 8.1967-1.1972,8.1967,1.1972,completed
6255,OPEL,COMMODORE,4037,COMMODORE A Coupe 8.1967-1.1972,8.1967,1.1972,completed
6256,OPEL,CORSA,39696,CORSA F (P2JO) 7.2019,7.2019,,completed
6257,OPEL,CORSA,41093,CORSA F Hatchback Van 7.2019,7.2019,,completed
6258,OPEL,CORSA,13137,CORSA E (X15) 9.2014,9.2014,,completed
6259,OPEL,CORSA,13635,CORSA E Hatchback Van (X15) 9.2014,9.2014,,completed
6260,OPEL,CORSA,5598,CORSA D (S07) 7.2006-4.2015,7.2006,4.2015,completed
6261,OPEL,CORSA,9180,CORSA D Hatchback Van (S07) 7.2006-8.2014,7.2006,8.2014,completed
6262,OPEL,CORSA,4650,CORSA C (X01) 9.2000-12.2009,9.2000,12.2009,completed
6263,OPEL,CORSA,4820,CORSA C Hatchback Van (X01) 9.2000-12.2012,9.2000,12.2012,completed
6264,OPEL,CORSA,4628,CORSA B Hatchback Van (S93) 8.1994-12.2001,8.1994,12.2001,completed
6265,OPEL,CORSA,189,CORSA B (S93) 3.1993-10.2009,3.1993,10.2009,completed
6266,OPEL,CORSA,1806,CORSA A Hatchback Van (S83) 2.1986-9.1994,2.1986,9.1994,completed
6267,OPEL,CORSA,184,CORSA A Hatchback (S83) 9.1982-3.1993,9.1982,3.1993,completed
6268,OPEL,CORSA,181,CORSA A TR (S83) 9.1982-3.1993,9.1982,3.1993,completed
6269,OPEL,CORSA UTILITY,10506,CORSA UTILITY C Pickup 1.2003-12.2012,1.2003,12.2012,completed
6270,OPEL,CROSSLAND X / CROSSLAND,37757,"CROSSLAND X / CROSSLAND (P17, P2QO) 3.2017",3.2017,,completed
6271,OPEL,FRONTERA,45684,FRONTERA (OV24) 7.2024,7.2024,,completed
6272,OPEL,FRONTERA,3879,FRONTERA B (U99) 9.1998-7.2004,9.1998,7.2004,completed
6273,OPEL,FRONTERA,3443,FRONTERA A (U92) 3.1992-10.1998,3.1992,10.1998,completed
6274,OPEL,FRONTERA,435,FRONTERA A Sport (U92) 3.1992-10.1998,3.1992,10.1998,completed
6275,OPEL,GRANDLAND / GRANDLAND X,38031,"GRANDLAND / GRANDLAND X (A18, P1UO) 6.2017",6.2017,,completed
6276,OPEL,GT,6388,GT Convertible (M07) 6.2007-12.2011,6.2007,12.2011,completed
6277,OPEL,GT,532,GT 9.1968-8.1973,9.1968,8.1973,completed
6278,OPEL,INSIGNIA,38237,INSIGNIA B Country Tourer (Z18) 6.2017,6.2017,,completed
6279,OPEL,INSIGNIA,37800,INSIGNIA B Grand Sport (Z18) 3.2017,3.2017,,completed
6280,OPEL,INSIGNIA,37807,INSIGNIA B Sports Tourer (Z18) 3.2017,3.2017,,completed
6281,OPEL,INSIGNIA,7581,INSIGNIA A (G09) 7.2008-3.2017,7.2008,3.2017,completed
6282,OPEL,INSIGNIA,38225,INSIGNIA A Country Tourer (G09) 7.2008-3.2017,7.2008,3.2017,completed
6283,OPEL,INSIGNIA,7582,INSIGNIA A Saloon (G09) 7.2008-3.2017,7.2008,3.2017,completed
6284,OPEL,INSIGNIA,7861,INSIGNIA A Sports Tourer (G09) 7.2008-3.2017,7.2008,3.2017,completed
6285,OPEL,KADETT,74,KADETT E Convertible (T85) 10.1986-2.1993,10.1986,2.1993,completed
6286,OPEL,KADETT,1830,KADETT E Combo (T85) 1.1986-7.1994,1.1986,7.1994,completed
6287,OPEL,KADETT,69,KADETT E (T85) 9.1984-12.1993,9.1984,12.1993,completed
6288,OPEL,KADETT,80,KADETT E Estate (T85) 9.1984-8.1991,9.1984,8.1991,completed
6289,OPEL,KADETT,85,KADETT E Hatchback (T85) 9.1984-12.1993,9.1984,12.1993,completed
6290,OPEL,KADETT,4038,KADETT E Estate Van (T85) 8.1984-9.1993,8.1984,9.1993,completed
6291,OPEL,KADETT,63,"KADETT D (31_-34_, 41_-44_) 8.1979-8.1984",8.1979,8.1984,completed
6292,OPEL,KADETT,5443,"KADETT D (32_,37_,39, _42) 8.1979-8.1984",8.1979,8.1984,completed
6293,OPEL,KADETT,3442,"KADETT D Estate (35_, 36_, 45_, 46_) 8.1979-8.1984",8.1979,8.1984,completed
6294,OPEL,KADETT,55,KADETT C 8.1973-7.1979,8.1973,7.1979,completed
6295,OPEL,KADETT,45,KADETT C City 8.1973-7.1979,8.1973,7.1979,completed
6296,OPEL,KADETT,50,KADETT C Coupe 8.1973-7.1979,8.1973,7.1979,completed
6297,OPEL,KADETT,41,KADETT C Estate 8.1973-7.1979,8.1973,7.1979,completed
6298,OPEL,KADETT,3435,KADETT B 9.1965-8.1973,9.1965,8.1973,completed
6299,OPEL,KADETT,33,KADETT B Coupe 9.1965-8.1973,9.1965,8.1973,completed
6300,OPEL,KADETT,3441,KADETT B Estate 9.1965-8.1973,9.1965,8.1973,completed
6301,OPEL,KADETT,1442,KADETT A Estate 3.1963-8.1968,3.1963,8.1968,completed
6302,OPEL,KADETT,1436,KADETT A 9.1962-8.1965,9.1962,8.1965,completed
6303,OPEL,KAPITÄN,1789,KAPITÄN P 5.1958-12.1963,5.1958,12.1963,completed
6304,OPEL,KAPITÄN,10220,KAPITÄN 5.1955-12.1958,5.1955,12.1958,completed
6305,OPEL,KARL,13827,KARL (C16) 1.2015-3.2019,1.2015,3.2019,completed
6306,OPEL,MANTA,255,"MANTA B (58_, 59_) 9.1975-8.1988",9.1975,8.1988,completed
6307,OPEL,MANTA,259,"MANTA B CC (53_, 55_) 9.1975-8.1988",9.1975,8.1988,completed
6308,OPEL,MANTA,250,"MANTA A (58_, 59_) 9.1970-8.1975",9.1970,8.1975,completed
6309,OPEL,MERIVA,8549,MERIVA B MPV (S10) 6.2010-3.2017,6.2010,3.2017,completed
6310,OPEL,MERIVA,41716,MERIVA B VAN (S10) 6.2010-3.2017,6.2010,3.2017,completed
6311,OPEL,MERIVA,4926,MERIVA A MPV (X03) 5.2003-5.2010,5.2003,5.2010,completed
6312,OPEL,MOKKA,40942,MOKKA 6.2020,6.2020,,completed
6313,OPEL,MOKKA / MOKKA X,10264,MOKKA / MOKKA X (J13) 6.2012-12.2019,6.2012,12.2019,completed
6314,OPEL,MOKKA X,41717,MOKKA X VAN (J13) 6.2012,6.2012,,completed
6315,OPEL,MONTEREY,3683,MONTEREY B (M98) 7.1998-8.1999,7.1998,8.1999,completed
6316,OPEL,MONTEREY,3684,MONTEREY A (M92) 8.1991-7.1998,8.1991,7.1998,completed
6317,OPEL,MONZA,314,MONZA A (22_) 2.1978-8.1986,2.1978,8.1986,completed
6318,OPEL,MOVANO,42616,"MOVANO C Van (U9, X250) 12.2021",12.2021,,completed
6319,OPEL,MOVANO,9566,MOVANO B Bus (X62) 12.2010-12.2021,12.2010,12.2021,completed
6320,OPEL,MOVANO,8978,MOVANO B Platform/Chassis (X62) 5.2010-12.2021,5.2010,12.2021,completed
6321,OPEL,MOVANO,8977,MOVANO B Van (X62) 5.2010-12.2021,5.2010,12.2021,completed
6322,OPEL,MOVANO,3903,MOVANO A Van (X70) 1.1999,1.1999,,completed
6323,OPEL,MOVANO,3995,MOVANO A Bus (X70) 7.1998,7.1998,,completed
6324,OPEL,MOVANO,3904,MOVANO A Platform/Chassis (X70) 7.1998,7.1998,,completed
6325,OPEL,OLYMPIA REKORD,1791,OLYMPIA REKORD Estate 7.1957-12.1960,7.1957,12.1960,completed
6326,OPEL,OLYMPIA REKORD,1788,OLYMPIA REKORD 3.1953-8.1966,3.1953,8.1966,completed
6327,OPEL,OMEGA,3466,OMEGA B (V94) 3.1994-12.2005,3.1994,12.2005,completed
6328,OPEL,OMEGA,359,OMEGA B Estate (V94) 3.1994-7.2003,3.1994,7.2003,completed
6329,OPEL,OMEGA,354,OMEGA A (V87) 9.1986-5.1994,9.1986,5.1994,completed
6330,OPEL,OMEGA,350,OMEGA A Estate (V87) 9.1986-5.1994,9.1986,5.1994,completed
6331,OPEL,REKORD,75,"REKORD E (17_, 11_, 14_, 16_, 18_, 19_) 8.1977-8.1986",8.1977,8.1986,completed
6332,OPEL,REKORD,70,"REKORD E Estate (61_, 66_, 67_) 8.1977-8.1986",8.1977,8.1986,completed
6333,OPEL,REKORD,64,REKORD D 1.1972-8.1977,1.1972,8.1977,completed
6334,OPEL,REKORD,59,REKORD D Coupe 1.1972-8.1977,1.1972,8.1977,completed
6335,OPEL,REKORD,56,REKORD D Estate 1.1972-8.1977,1.1972,8.1977,completed
6336,OPEL,REKORD,51,REKORD C 8.1966-12.1971,8.1966,12.1971,completed
6337,OPEL,REKORD,46,REKORD C Coupe 8.1966-12.1971,8.1966,12.1971,completed
6338,OPEL,REKORD,42,REKORD C Estate 8.1966-12.1971,8.1966,12.1971,completed
6339,OPEL,REKORD,1811,REKORD B 1.1965-12.1966,1.1965,12.1966,completed
6340,OPEL,REKORD,1810,REKORD A 1.1963-12.1965,1.1963,12.1965,completed
6341,OPEL,REKORD,4031,REKORD P1 6.1957-9.1961,6.1957,9.1961,completed
6342,OPEL,ROCKS-E,42437,ROCKS-E 10.2021,10.2021,,completed
6343,OPEL,SENATOR,237,SENATOR B (V88) 9.1987-9.1993,9.1987,9.1993,completed
6344,OPEL,SENATOR,232,SENATOR A (29_) 2.1978-8.1987,2.1978,8.1987,completed
6345,OPEL,SIGNUM,4956,SIGNUM Hatchback (Z03) 5.2003-12.2008,5.2003,12.2008,completed
6346,OPEL,SINTRA,1579,SINTRA (APV) 11.1996-4.1999,11.1996,4.1999,completed
6347,OPEL,SPEEDSTER,4573,SPEEDSTER (E01) 6.2000-8.2006,6.2000,8.2006,completed
6348,OPEL,TIGRA,5153,TIGRA TwinTop (X04) 6.2004-12.2010,6.2004,12.2010,completed
6349,OPEL,TIGRA,3467,TIGRA (S93) 7.1994-12.2000,7.1994,12.2000,completed
6350,OPEL,VECTRA,5057,VECTRA C Estate (Z02) 10.2003-1.2009,10.2003,1.2009,completed
6351,OPEL,VECTRA,4871,VECTRA C GTS (Z02) 8.2002-1.2009,8.2002,1.2009,completed
6352,OPEL,VECTRA,4865,VECTRA C (Z02) 4.2002-12.2010,4.2002,12.2010,completed
6353,OPEL,VECTRA,1578,VECTRA B Estate (J96) 11.1996-7.2003,11.1996,7.2003,completed
6354,OPEL,VECTRA,1454,VECTRA B (J96) 9.1995-7.2004,9.1995,7.2004,completed
6355,OPEL,VECTRA,1453,VECTRA B Hatchback (J96) 9.1995-7.2003,9.1995,7.2003,completed
6356,OPEL,VECTRA,490,VECTRA A (J89) 8.1988-12.1995,8.1988,12.1995,completed
6357,OPEL,VECTRA,3866,VECTRA A Hatchback (J89) 4.1988-12.1995,4.1988,12.1995,completed
6358,OPEL,VIVARO,39891,VIVARO C Bus (K0) 3.2019,3.2019,,completed
6359,OPEL,VIVARO,39892,VIVARO C Platform Cabin (K0) 3.2019,3.2019,,completed
6360,OPEL,VIVARO,39890,VIVARO C Van (K0) 3.2019,3.2019,,completed
6361,OPEL,VIVARO,12812,VIVARO B Bus (X82) 6.2014-12.2019,6.2014,12.2019,completed
6362,OPEL,VIVARO,14563,VIVARO B Platform/Chassis (X82) 6.2014-12.2019,6.2014,12.2019,completed
6363,OPEL,VIVARO,12813,VIVARO B Van (X82) 6.2014-11.2020,6.2014,11.2020,completed
6364,OPEL,VIVARO,4758,VIVARO A Bus (X83) 8.2001-10.2015,8.2001,10.2015,completed
6365,OPEL,VIVARO,4757,VIVARO A Van (X83) 8.2001-10.2015,8.2001,10.2015,completed
6366,OPEL,VIVARO,6712,VIVARO A Platform/Chassis (X83) 2.2001-7.2014,2.2001,7.2014,completed
6367,OPEL,ZAFIRA,9184,ZAFIRA B Box Body/MPV (A05) 7.2005-4.2015,7.2005,4.2015,completed
6368,OPEL,ZAFIRA,4044,ZAFIRA A MPV (T98) 4.1999-6.2006,4.1999,6.2006,completed
6369,OPEL,ZAFIRA / ZAFIRA FAMILY,5425,ZAFIRA / ZAFIRA FAMILY B (A05) 7.2005-5.2019,7.2005,5.2019,completed
6370,OPEL,ZAFIRA LIFE,39813,ZAFIRA LIFE Bus (K0) 3.2019,3.2019,,completed
6371,OPEL,ZAFIRA TOURER,9717,ZAFIRA TOURER C (P12) 10.2011-3.2019,10.2011,3.2019,completed
6372,OPEL,ZAFIRA TOURER,41718,ZAFIRA TOURER C VAN (P12) 10.2011-10.2014,10.2011,10.2014,completed
6373,ORA,07,45343,07 4.2024,4.2024,,completed
6374,ORA,ES11,41570,ES11 11.2020,11.2020,,completed
6375,OSCA,2500 GT,4356,2500 GT 10.1999,10.1999,,completed
6376,PAGANI,HUAYRA,37726,HUAYRA Coupe 6.2011,6.2011,,completed
6377,PAGANI,ZONDA,38366,ZONDA Roadster 6.2003-6.2013,6.2003,6.2013,completed
6378,PAGANI,ZONDA,12858,ZONDA Coupe 6.1999,6.1999,,completed
6379,PANOZ,ROADSTER,4341,ROADSTER 6.1996-12.2000,6.1996,12.2000,completed
6380,PANTHER,KALLISTA,4317,KALLISTA 1.1982-9.1993,1.1982,9.1993,completed
6381,PANTHER,LIMA,4318,LIMA 1.1976-12.1982,1.1976,12.1982,completed
6382,PANTHER,SOLO,4319,SOLO Coupe 1.1990-12.1990,1.1990,12.1990,completed
6383,PERODUA,ALZA,9140,ALZA (M502) 3.2009,3.2009,,completed
6384,PERODUA,KANCIL,9141,KANCIL 8.1994-7.2009,8.1994,7.2009,completed
6385,PERODUA,KELISA,7511,KELISA 2.2002,2.2002,,completed
6386,PERODUA,KENARI,7514,KENARI 10.2000-12.2009,10.2000,12.2009,completed
6387,PERODUA,MYVI,7887,MYVI (M30_) 1.2006-6.2011,1.2006,6.2011,completed
6388,PERODUA,VIVA,9139,VIVA 7.2007-6.2014,7.2007,6.2014,completed
6389,PGO MOTORCYCLES,BIG MAX,12521,BIG MAX,,,completed
6390,PGO MOTORCYCLES,BON,36430,BON,,,completed
6391,PGO MOTORCYCLES,COMET,12522,COMET,,,completed
6392,PGO MOTORCYCLES,G-MAX,12049,G-MAX,,,completed
6393,PGO MOTORCYCLES,GALAXY,12523,GALAXY,,,completed
6394,PGO MOTORCYCLES,HOT,38528,HOT,,,completed
6395,PGO MOTORCYCLES,J-BUBU,36428,J-BUBU,,,completed
6396,PGO MOTORCYCLES,LIBRA,36426,LIBRA,,,completed
6397,PGO MOTORCYCLES,LIGERO,13448,LIGERO,,,completed
6398,PGO MOTORCYCLES,PM-S,13447,PM-S,,,completed
6399,PGO MOTORCYCLES,PM-X,12048,PM-X,,,completed
6400,PGO MOTORCYCLES,RODOSHOW,13446,RODOSHOW,,,completed
6401,PGO MOTORCYCLES,STAR,12524,STAR,,,completed
6402,PGO MOTORCYCLES,T-REX,12050,T-REX,,,completed
6403,PGO MOTORCYCLES,TIGRA,36429,TIGRA,,,completed
6404,PGO MOTORCYCLES,TORNADO,13445,TORNADO,,,completed
6405,PGO MOTORCYCLES,X-HOT,36425,X-HOT,,,completed
6406,PIAGGIO,APE (MP) VESPACAR,976,APE (MP) VESPACAR 1.1971-11.1981,1.1971,11.1981,completed
6407,PIAGGIO,APE 50,38608,APE 50 Platform/Chassis 1.2010,1.2010,,completed
6408,PIAGGIO,APE 50,38610,APE 50 Van 1.2010,1.2010,,completed
6409,PIAGGIO,APE CALESSINO,9558,APE CALESSINO Convertible 1.2007,1.2007,,completed
6410,PIAGGIO,APE CLASSIC,9557,APE CLASSIC Platform/Chassis 1.2006,1.2006,,completed
6411,PIAGGIO,APE TM,9554,APE TM Platform/Chassis 1.1982,1.1982,,completed
6412,PIAGGIO,APE TM,9555,APE TM Van 1.1982,1.1982,,completed
6413,PIAGGIO,BEVERLY,12526,BEVERLY,,,completed
6414,PIAGGIO,BOXER,13441,BOXER,,,completed
6415,PIAGGIO,BRAVO,12527,BRAVO,,,completed
6416,PIAGGIO,CARNABY,12528,CARNABY,,,completed
6417,PIAGGIO,CIAO,12529,CIAO,,,completed
6418,PIAGGIO,DIESIS,12531,DIESIS,,,completed
6419,PIAGGIO,FLY,12533,FLY,,,completed
6420,PIAGGIO,FREE,12534,FREE,,,completed
6421,PIAGGIO,GRILLO,12535,GRILLO,,,completed
6422,PIAGGIO,HEXAGON,12538,HEXAGON,,,completed
6423,PIAGGIO,LIBERTY,12539,LIBERTY,,,completed
6424,PIAGGIO,M500,5140,M500 1.2004,1.2004,,completed
6425,PIAGGIO,MEDLEY,36480,MEDLEY,,,completed
6426,PIAGGIO,MP3,12732,MP3,,,completed
6427,PIAGGIO,MYMOOVER,45202,MYMOOVER,,,completed
6428,PIAGGIO,NRG,12542,NRG,,,completed
6429,PIAGGIO,PIAGGIO 1,43986,PIAGGIO 1,,,completed
6430,PIAGGIO,PORTER,9553,PORTER Bus 1.1995,1.1995,,completed
6431,PIAGGIO,PORTER,5139,PORTER Platform/Chassis 12.1992,12.1992,,completed
6432,PIAGGIO,PORTER,4629,PORTER Van 12.1992,12.1992,,completed
6433,PIAGGIO,PORTER NP6,41853,PORTER NP6 (NP6) 7.2020,7.2020,,completed
6434,PIAGGIO,QUARGO,9077,QUARGO Platform/Chassis 1.2004,1.2004,,completed
6435,PIAGGIO,QUARZ,12545,QUARZ,,,completed
6436,PIAGGIO,ROBINSON,14280,ROBINSON,,,completed
6437,PIAGGIO,SFERA,12547,SFERA,,,completed
6438,PIAGGIO,SI,12548,SI,,,completed
6439,PIAGGIO,SKIPPER,12549,SKIPPER,,,completed
6440,PIAGGIO,SKR,12550,SKR,,,completed
6441,PIAGGIO,STORM,12551,STORM,,,completed
6442,PIAGGIO,TPH,12552,TPH,,,completed
6443,PIAGGIO,TYPHOON,38612,TYPHOON,,,completed
6444,PIAGGIO,VELOFAX,12553,VELOFAX,,,completed
6445,PIAGGIO,X-EVO,12556,X-EVO,,,completed
6446,PIAGGIO,X10,13436,X10,,,completed
6447,PIAGGIO,X7,12010,X7,,,completed
6448,PIAGGIO,X8,12554,X8,,,completed
6449,PIAGGIO,X9,12555,X9,,,completed
6450,PIAGGIO,ZIP,12557,ZIP,,,completed
6451,PININFARINA,SPIDEREUROPA,6366,SPIDEREUROPA (P124DS) 3.1982-11.1985,3.1982,11.1985,completed
6452,PLYMOUTH,BREEZE,4858,BREEZE 12.1995-4.2001,12.1995,4.2001,completed
6453,PLYMOUTH,NEON,4856,NEON II Saloon 8.1999,8.1999,,completed
6454,PLYMOUTH,NEON,4850,NEON Saloon 5.1994-8.1999,5.1994,8.1999,completed
6455,PLYMOUTH,SUNDANCE,6676,SUNDANCE Coupe 3.1986-9.1994,3.1986,9.1994,completed
6456,PLYMOUTH,SUNDANCE,6677,SUNDANCE Saloon 3.1986-9.1994,3.1986,9.1994,completed
6457,PLYMOUTH,VOYAGER / GRAND VOYAGER,4863,VOYAGER / GRAND VOYAGER 1.1995-3.2001,1.1995,3.2001,completed
6458,PLYMOUTH,VOYAGER / GRAND VOYAGER,6678,VOYAGER / GRAND VOYAGER 9.1983-9.1990,9.1983,9.1990,completed
6459,POLARIS,SLINGSHOT,39159,SLINGSHOT 10.2014,10.2014,,completed
6460,POLESTAR,POLESTAR 1,38542,POLESTAR 1 (232) 3.2018,3.2018,,completed
6461,POLESTAR,POLESTAR 2,40402,POLESTAR 2 (534) 2.2019,2.2019,,completed
6462,POLESTAR,POLESTAR 3,43665,POLESTAR 3 (359) 10.2023,10.2023,,completed
6463,POLESTAR,POLESTAR 4,44296,POLESTAR 4 (004) 4.2023,4.2023,,completed
6464,PONTIAC,BONNEVILLE,35398,BONNEVILLE Saloon 9.1991-12.1999,9.1991,12.1999,completed
6465,PONTIAC,BONNEVILLE,3526,BONNEVILLE Saloon 9.1986-12.1991,9.1986,12.1991,completed
6466,PONTIAC,FIREBIRD,2084,FIREBIRD Convertible (FS67) 1.1993-12.2002,1.1993,12.2002,completed
6467,PONTIAC,FIREBIRD,2008,FIREBIRD 9.1981-12.1992,9.1981,12.1992,completed
6468,PONTIAC,FIREBIRD,33535,FIREBIRD 9.1969-12.1981,9.1969,12.1981,completed
6469,PONTIAC,PHOENIX,2009,PHOENIX Coupe 4.1979-12.1984,4.1979,12.1984,completed
6470,PONTIAC,PHOENIX,2010,PHOENIX 4.1976-12.1981,4.1976,12.1981,completed
6471,PONTIAC,SUNBIRD,2011,SUNBIRD Coupe 10.1975-12.1981,10.1975,12.1981,completed
6472,PONTIAC,TRANS SPORT,1914,TRANS SPORT 3.1997-12.1999,3.1997,12.1999,completed
6473,PONTIAC,TRANS SPORT,1913,TRANS SPORT (UM06) 7.1989-12.1997,7.1989,12.1997,completed
6474,PORSCHE,356,1871,356 Cabriolet/Speedster 1.1950-12.1965,1.1950,12.1965,completed
6475,PORSCHE,356,1870,356 Coupe 9.1947-3.1968,9.1947,3.1968,completed
6476,PORSCHE,718 BOXSTER,39809,718 BOXSTER Spyder (982) 7.2019,7.2019,,completed
6477,PORSCHE,718 BOXSTER,36244,718 BOXSTER (982) 4.2016,4.2016,,completed
6478,PORSCHE,718 CAYMAN,36534,718 CAYMAN (982) 4.2016,4.2016,,completed
6479,PORSCHE,911,40829,911 Targa (992) 5.2020,5.2020,,completed
6480,PORSCHE,911,39351,911 Convertible (992) 1.2019,1.2019,,completed
6481,PORSCHE,911,39350,911 (992) 11.2018,11.2018,,completed
6482,PORSCHE,911,39810,911 Speedster (991) 6.2018-12.2020,6.2018,12.2020,completed
6483,PORSCHE,911,12754,911 Targa (991) 5.2014-12.2019,5.2014,12.2019,completed
6484,PORSCHE,911,10125,911 Convertible (991) 3.2012-5.2020,3.2012,5.2020,completed
6485,PORSCHE,911,9721,911 (991) 5.2011-12.2020,5.2011,12.2020,completed
6486,PORSCHE,911,40418,911 Speedster (997) 8.2010-5.2011,8.2010,5.2011,completed
6487,PORSCHE,911,7586,911 Targa (997) 7.2006-12.2012,7.2006,12.2012,completed
6488,PORSCHE,911,5411,911 Convertible (997) 4.2005-12.2013,4.2005,12.2013,completed
6489,PORSCHE,911,5141,911 (997) 7.2004-12.2013,7.2004,12.2013,completed
6490,PORSCHE,911,4860,911 Targa (996) 12.2001-8.2005,12.2001,8.2005,completed
6491,PORSCHE,911,2033,911 (996) 8.1997-9.2005,8.1997,9.2005,completed
6492,PORSCHE,911,3549,911 Convertible (996) 8.1997-8.2005,8.1997,8.2005,completed
6493,PORSCHE,911,3470,911 Convertible (993) 7.1994-12.1997,7.1994,12.1997,completed
6494,PORSCHE,911,1887,911 Targa (993) 1.1994-9.1997,1.1994,9.1997,completed
6495,PORSCHE,911,160,911 (993) 10.1993-9.1997,10.1993,9.1997,completed
6496,PORSCHE,911,11243,911 Speedster (964) 8.1992-6.1994,8.1992,6.1994,completed
6497,PORSCHE,911,155,911 Convertible (964) 5.1989-6.1994,5.1989,6.1994,completed
6498,PORSCHE,911,150,911 (964) 12.1988-9.1993,12.1988,9.1993,completed
6499,PORSCHE,911,11242,911 Targa (964) 12.1988-9.1993,12.1988,9.1993,completed
6500,PORSCHE,911,2075,911 Convertible 8.1982-8.1989,8.1982,8.1989,completed
6501,PORSCHE,911,145,911 Targa 11.1964-11.1990,11.1964,11.1990,completed
6502,PORSCHE,911,134,911 1.1963-11.1990,1.1963,11.1990,completed
6503,PORSCHE,912,1874,912 Targa 3.1965-2.1970,3.1965,2.1970,completed
6504,PORSCHE,912,1875,912 1.1965-2.1970,1.1965,2.1970,completed
6505,PORSCHE,914,4667,914 1.1969-2.1976,1.1969,2.1976,completed
6506,PORSCHE,918,11740,918 Spyder 11.2013,11.2013,,completed
6507,PORSCHE,924,165,924 11.1975-8.1989,11.1975,8.1989,completed
6508,PORSCHE,928,169,928 9.1977-11.1995,9.1977,11.1995,completed
6509,PORSCHE,944,212,944 Convertible 12.1988-7.1991,12.1988,7.1991,completed
6510,PORSCHE,944,208,944 6.1981-7.1991,6.1981,7.1991,completed
6511,PORSCHE,959,1869,959 1.1986-4.1991,1.1986,4.1991,completed
6512,PORSCHE,968,239,968 6.1991-11.1995,6.1991,11.1995,completed
6513,PORSCHE,968,234,968 Convertible 6.1991-11.1995,6.1991,11.1995,completed
6514,PORSCHE,BOXSTER,14105,BOXSTER Spyder (981) 1.2015-5.2016,1.2015,5.2016,completed
6515,PORSCHE,BOXSTER,10119,BOXSTER (981) 4.2012-12.2016,4.2012,12.2016,completed
6516,PORSCHE,BOXSTER,36201,BOXSTER Spyder (987) 9.2007-12.2013,9.2007,12.2013,completed
6517,PORSCHE,BOXSTER,5208,BOXSTER (987) 6.2004-12.2013,6.2004,12.2013,completed
6518,PORSCHE,BOXSTER,1560,BOXSTER (986) 9.1996-12.2004,9.1996,12.2004,completed
6519,PORSCHE,CARRERA GT,4989,CARRERA GT (980) 7.2003-12.2006,7.2003,12.2006,completed
6520,PORSCHE,CAYENNE,38357,CAYENNE (9YA) 5.2017,5.2017,,completed
6521,PORSCHE,CAYENNE,39653,CAYENNE Coupe (9YB) 5.2017,5.2017,,completed
6522,PORSCHE,CAYENNE,8741,CAYENNE (92A) 5.2010-5.2018,5.2010,5.2018,completed
6523,PORSCHE,CAYENNE,4899,CAYENNE (9PA) 5.2002-12.2010,5.2002,12.2010,completed
6524,PORSCHE,CAYMAN,10864,CAYMAN (981) 3.2013-12.2016,3.2013,12.2016,completed
6525,PORSCHE,CAYMAN,5451,CAYMAN (987) 11.2005-12.2013,11.2005,12.2013,completed
6526,PORSCHE,MACAN,45181,MACAN (XAB) 2.2024,2.2024,,completed
6527,PORSCHE,MACAN,11790,MACAN (95B) 2.2014,2.2014,,completed
6528,PORSCHE,PANAMERA,45012,PANAMERA (976) 6.2023,6.2023,,completed
6529,PORSCHE,PANAMERA,37854,PANAMERA Sport Turismo (971) 5.2017-12.2023,5.2017,12.2023,completed
6530,PORSCHE,PANAMERA,37074,PANAMERA (971) 5.2016-12.2023,5.2016,12.2023,completed
6531,PORSCHE,PANAMERA,8263,PANAMERA (970) 3.2009-12.2017,3.2009,12.2017,completed
6532,PORSCHE,TAYCAN,42766,TAYCAN Sport Turismo (Y1C) 8.2021,8.2021,,completed
6533,PORSCHE,TAYCAN,42214,TAYCAN Cross Turismo (Y1B) 5.2020,5.2020,,completed
6534,PORSCHE,TAYCAN,40415,TAYCAN (Y1A) 5.2019,5.2019,,completed
6535,PREMIER,118 NE,4315,118 NE 1.1985-12.2001,1.1985,12.2001,completed
6536,PREMIER,PADMINI,4316,PADMINI 1.1990-5.2000,1.1990,5.2000,completed
6537,PRIKE,XDV,45570,XDV,,,completed
6538,PROTON,AEROBACK,2027,"AEROBACK Hatchback (C2_A, C9_L) 10.1988-12.2008",10.1988,12.2008,completed
6539,PROTON,COMPACT,5217,COMPACT (C9_M) 7.1995-6.2007,7.1995,6.2007,completed
6540,PROTON,EXORA,9997,EXORA 4.2009-10.2023,4.2009,10.2023,completed
6541,PROTON,GEN 2,5476,GEN 2 (CM_) 6.2004,6.2004,,completed
6542,PROTON,IMPIAN,5216,IMPIAN 9.2001,9.2001,,completed
6543,PROTON,JUMBUCK,5477,JUMBUCK Pickup 2.2002-12.2008,2.2002,12.2008,completed
6544,PROTON,PERSONA,8663,PERSONA Saloon 1.2007-7.2016,1.2007,7.2016,completed
6545,PROTON,PERSONA 300,1511,PERSONA 300 (C9_M) 3.1996-7.2004,3.1996,7.2004,completed
6546,PROTON,PERSONA 400,1471,PERSONA 400 (C9_S) 1.1994-2.2008,1.1994,2.2008,completed
6547,PROTON,PERSONA 400,1470,"PERSONA 400 Hatchback (C9_C, C9_S) 1.1994-2.2008",1.1994,2.2008,completed
6548,PROTON,SALOON,2026,SALOON Saloon (C2_S) 1.1989-12.2008,1.1989,12.2008,completed
6549,PROTON,SATRIA NEO,8104,SATRIA NEO 2.2007-12.2007,2.2007,12.2007,completed
6550,PROTON,SAVVY,8103,SAVVY 10.2005-12.2012,10.2005,12.2012,completed
6551,PROTON,SUPRIMA S,13222,SUPRIMA S Hatchback 8.2013-12.2019,8.2013,12.2019,completed
6552,PROTON,WIRA,5219,WIRA Hatchback (C9_L) 1.1994-6.2007,1.1994,6.2007,completed
6553,PROTON,WIRA,5218,WIRA 5.1993,5.1993,,completed
6554,PUCH,COBRA,12558,COBRA,,,completed
6555,PUCH,G-MODELL,4398,G-MODELL (W461) 10.1991-12.2001,10.1991,12.2001,completed
6556,PUCH,G-MODELL,4399,G-MODELL (W463) 6.1989-3.2001,6.1989,3.2001,completed
6557,PUCH,G-MODELL,4397,G-MODELL (W460) 3.1979-12.1991,3.1979,12.1991,completed
6558,PUCH,IMOLA,12559,IMOLA,,,completed
6559,PUCH,LIDO,12560,LIDO,,,completed
6560,PUCH,MAXI,12561,MAXI,,,completed
6561,PUCH,P,12562,P,,,completed
6562,PUCH,RACING,12563,RACING,,,completed
6563,PUCH,X,12564,X,,,completed
6564,QINGQI,OFFROAD,38311,OFFROAD,,,completed
6565,QINGQI,QM125,38685,QM125,,,completed
6566,QINGQI,QM50,38686,QM50,,,completed
6567,QJMOTOR,SRK,43642,SRK,,,completed
6568,QJMOTOR,SRT,44136,SRT,,,completed
6569,QJMOTOR,SRV,43643,SRV,,,completed
6570,QOODER,QOODER,45699,QOODER,,,completed
6571,QOODER,QV3,45698,QV3,,,completed
6572,QUADRO,QOODER,45685,QOODER,,,completed
6573,QUADRO,QUADRO,14357,QUADRO,,,completed
6574,QUADRO,QV3,45700,QV3,,,completed
6575,RAM,1500,39217,1500 Crew Cab Pickup (DT) 12.2018,12.2018,,completed
6576,RAM,1500,39885,1500 Extended Cab Pickup (DT) 12.2018,12.2018,,completed
6577,RAM,RAMPAGE,44751,RAMPAGE 7.2023,7.2023,,completed
6578,RANGER,REKORD,4354,REKORD 2.1972-12.1978,2.1972,12.1978,completed
6579,RANGER,REKORD,4355,REKORD Coupe 2.1972-12.1978,2.1972,12.1978,completed
6580,RAYTON FISSORE,MAGNUM,4359,MAGNUM 1.1984-1.1993,1.1984,1.1993,completed
6581,REGAL RAPTOR,SPT,37770,SPT,,,completed
6582,RELIANT,FOX,9988,FOX 12.1982-1.1990,12.1982,1.1990,completed
6583,RELIANT,KITTEN,4365,KITTEN 1.1975-12.1983,1.1975,12.1983,completed
6584,RELIANT,KITTEN,4366,KITTEN Station Wagon 1.1975-12.1983,1.1975,12.1983,completed
6585,RELIANT,REBEL,4367,REBEL 1.1968-12.1973,1.1968,12.1973,completed
6586,RELIANT,RIALTO,11733,RIALTO Hatchback 1.1981-12.1998,1.1981,12.1998,completed
6587,RELIANT,SCIMITAR,4372,SCIMITAR Roadster 1.1985-12.1992,1.1985,12.1992,completed
6588,RELIANT,SCIMITAR,4371,SCIMITAR Cabriolet 1.1980-12.1985,1.1980,12.1985,completed
6589,RELIANT,SCIMITAR,4370,SCIMITAR Station Wagon 1.1968-12.1986,1.1968,12.1986,completed
6590,RELIANT,SCIMITAR SABRE,4369,SCIMITAR SABRE Roadster 1.1992-12.1995,1.1992,12.1995,completed
6591,RENAULT TRUCKS,B,9532,B Platform/Chassis 1.1983-6.1999,1.1983,6.1999,completed
6592,RENAULT TRUCKS,B,9531,B Van 1.1983-1.1992,1.1983,1.1992,completed
6593,RENAULT TRUCKS,MASCOTT,9530,MASCOTT Platform/Chassis 1.1999-12.2013,1.1999,12.2013,completed
6594,RENAULT TRUCKS,MASCOTT,9528,MASCOTT Van 1.1999-12.2010,1.1999,12.2010,completed
6595,RENAULT TRUCKS,MESSENGER,9536,MESSENGER Truck Tractor 1.1994-6.1999,1.1994,6.1999,completed
6596,RENAULT TRUCKS,MESSENGER,9535,MESSENGER Platform/Chassis 9.1990-6.1999,9.1990,6.1999,completed
6597,RENAULT TRUCKS,MESSENGER,9533,MESSENGER Van 9.1990-6.1999,9.1990,6.1999,completed
6598,REVA,G-WIZ,40326,G-WIZ 3.2005-12.2011,3.2005,12.2011,completed
6599,REX,BERGAMO,36431,BERGAMO,,,completed
6600,REX,CAPRIOLO,13955,CAPRIOLO,,,completed
6601,REX,CHOPPER,13947,CHOPPER,,,completed
6602,REX,E-REX,36432,E-REX,,,completed
6603,REX,ENDURO,36444,ENDURO,,,completed
6604,REX,ESCAPE,13948,ESCAPE,,,completed
6605,REX,GENUA,36433,GENUA,,,completed
6606,REX,IMOLA,36434,IMOLA,,,completed
6607,REX,MILANO,36435,MILANO,,,completed
6608,REX,MONACO,36436,MONACO,,,completed
6609,REX,MONZA,36437,MONZA,,,completed
6610,REX,PALERMO,36438,PALERMO,,,completed
6611,REX,REX,13953,REX,,,completed
6612,REX,REXY,13954,REXY,,,completed
6613,REX,RS,13949,RS,,,completed
6614,REX,SC,36439,SC,,,completed
6615,REX,SCOOTER,13950,SCOOTER,,,completed
6616,REX,SILVERSTREET,13951,SILVERSTREET,,,completed
6617,REX,SPEEDY125,36440,SPEEDY125,,,completed
6618,REX,SUPERMOTO,36443,SUPERMOTO,,,completed
6619,REX,TORINO,36441,TORINO,,,completed
6620,REX,TROPHY,13956,TROPHY,,,completed
6621,RIEJU,MR,45370,MR,,,completed
6622,RILEY,4/72,4467,4/72 3.1961-10.1968,3.1961,10.1968,completed
6623,RILEY,ELF,4465,ELF 1.1961-10.1968,1.1961,10.1968,completed
6624,RILEY,KESTREL,4466,KESTREL 3.1965-12.1969,3.1965,12.1969,completed
6625,RIVERO,GP,36446,GP,,,completed
6626,RIVERO,MONZA,43043,MONZA,,,completed
6627,RIVERO,PHOENIX,14938,PHOENIX,,,completed
6628,RIVERO,TOSCANA,36445,TOSCANA,,,completed
6629,RIVERO,VENETO,44521,VENETO,,,completed
6630,ROLLS-ROYCE,CORNICHE,4619,CORNICHE V Convertible 1.2000-9.2002,1.2000,9.2002,completed
6631,ROLLS-ROYCE,CORNICHE,9773,CORNICHE IV Convertible 1.1993-12.2000,1.1993,12.2000,completed
6632,ROLLS-ROYCE,CORNICHE,14086,CORNICHE III Convertible 9.1988-12.1996,9.1988,12.1996,completed
6633,ROLLS-ROYCE,CORNICHE,11843,CORNICHE II Convertible 9.1985-12.1989,9.1985,12.1989,completed
6634,ROLLS-ROYCE,CORNICHE,35463,CORNICHE Convertible 3.1971-12.1987,3.1971,12.1987,completed
6635,ROLLS-ROYCE,CULLINAN,38870,CULLINAN (RR31) 8.2018,8.2018,,completed
6636,ROLLS-ROYCE,DAWN,14945,DAWN (RR6) 11.2015,11.2015,,completed
6637,ROLLS-ROYCE,GHOST,41108,GHOST II (RR21) 8.2020,8.2020,,completed
6638,ROLLS-ROYCE,GHOST,41109,GHOST II Extended Wheelbase (RR22) 8.2020,8.2020,,completed
6639,ROLLS-ROYCE,GHOST,8948,GHOST I (RR4) 12.2009-3.2020,12.2009,3.2020,completed
6640,ROLLS-ROYCE,PARK WARD,11855,PARK WARD 7.1997-12.2002,7.1997,12.2002,completed
6641,ROLLS-ROYCE,PHANTOM,38215,"PHANTOM VIII (RR11, RR12) 9.2017",9.2017,,completed
6642,ROLLS-ROYCE,PHANTOM,8973,PHANTOM VII Coupe (RR3) 6.2008-7.2017,6.2008,7.2017,completed
6643,ROLLS-ROYCE,PHANTOM,8949,PHANTOM VII Drophead Coupe (RR2) 6.2007-7.2017,6.2007,7.2017,completed
6644,ROLLS-ROYCE,PHANTOM,4997,PHANTOM VII (RR1) 1.2003-7.2017,1.2003,7.2017,completed
6645,ROLLS-ROYCE,SILVER DAWN,33730,SILVER DAWN Saloon 9.1994-12.1997,9.1994,12.1997,completed
6646,ROLLS-ROYCE,SILVER SERAPH,4376,SILVER SERAPH 3.1998-12.2002,3.1998,12.2002,completed
6647,ROLLS-ROYCE,SILVER SHADOW,33734,SILVER SHADOW Saloon 9.1974-12.1980,9.1974,12.1980,completed
6648,ROLLS-ROYCE,SILVER SPIRIT,9855,SILVER SPIRIT 12.1990-9.1996,12.1990,9.1996,completed
6649,ROLLS-ROYCE,SILVER SPIRIT,12762,SILVER SPIRIT MK II 10.1989-9.1997,10.1989,9.1997,completed
6650,ROLLS-ROYCE,SILVER SPIRIT,33735,SILVER SPIRIT MK I Saloon 9.1980-12.1990,9.1980,12.1990,completed
6651,ROLLS-ROYCE,SILVER SPUR,33736,SILVER SPUR Saloon 9.1980-12.1998,9.1980,12.1998,completed
6652,ROLLS-ROYCE,SILVER WRAITH,33738,SILVER WRAITH II Saloon 9.1976-12.1980,9.1976,12.1980,completed
6653,ROLLS-ROYCE,SPECTRE,44678,SPECTRE (RR25) 10.2023,10.2023,,completed
6654,ROLLS-ROYCE,WRAITH,11480,WRAITH (RR5) 8.2013,8.2013,,completed
6655,ROYAL ENFIELD,BULLET,36273,BULLET,,,completed
6656,ROYAL ENFIELD,CLASSIC,36272,CLASSIC,,,completed
6657,ROYAL ENFIELD,CLASSIC CHROME,14465,CLASSIC CHROME,,,completed
6658,ROYAL ENFIELD,CONTINENTAL,36271,CONTINENTAL,,,completed
6659,ROYAL ENFIELD,HIMALAYAN,36482,HIMALAYAN,,,completed
6660,ROYAL ENFIELD,HNTR,45604,HNTR,,,completed
6661,ROYAL ENFIELD,INTERCEPTOR,39925,INTERCEPTOR,,,completed
6662,ROYAL ENFIELD,METEOR,41555,METEOR,,,completed
6663,ROYAL ENFIELD,SHOTGUN,45183,SHOTGUN,,,completed
6664,ROYAL ENFIELD,SUPER METEOR,44142,SUPER METEOR,,,completed
6665,ROYAL ENFIELD,THUNDERBIRD,36481,THUNDERBIRD,,,completed
6666,RUF,3800,12819,3800 Coupe 9.2013,9.2013,,completed
6667,RUF,3800,12820,3800 Roadster 9.2013,9.2013,,completed
6668,RUF,Rt 12,12816,Rt 12 Coupe 9.2004,9.2004,,completed
6669,RUF,Rt 35,12817,Rt 35 Coupe 7.2012,7.2012,,completed
6670,RUF,Rt 35,12818,Rt 35 Roadster 7.2012,7.2012,,completed
6671,RUF,SCR,38964,SCR 2.2016,2.2016,,completed
6672,SACHS,49er,12565,49er,,,completed
6673,SACHS,B,12566,B,,,completed
6674,SACHS,BEE,12567,BEE,,,completed
6675,SACHS,EAGLE,12568,EAGLE,,,completed
6676,SACHS,GIPSY,12569,GIPSY,,,completed
6677,SACHS,HUSKY,12570,HUSKY,,,completed
6678,SACHS,KX,12571,KX,,,completed
6679,SACHS,LIMBO,12572,LIMBO,,,completed
6680,SACHS,MADASS,12573,MADASS,,,completed
6681,SACHS,MX,12574,MX,,,completed
6682,SACHS,OPTIMA,12575,OPTIMA,,,completed
6683,SACHS,PRIMA,12576,PRIMA,,,completed
6684,SACHS,QUATTROCENTO,12577,QUATTROCENTO,,,completed
6685,SACHS,REGGAE,12578,REGGAE,,,completed
6686,SACHS,ROADSTER,12579,ROADSTER,,,completed
6687,SACHS,S,12580,S,,,completed
6688,SACHS,SAMBA,12581,SAMBA,,,completed
6689,SACHS,SPEEDFIGHT,12582,SPEEDFIGHT,,,completed
6690,SACHS,SPEEDFORCE,12583,SPEEDFORCE,,,completed
6691,SACHS,SPEEDJET,12584,SPEEDJET,,,completed
6692,SACHS,SPLINTER,12585,SPLINTER,,,completed
6693,SACHS,SQUAB,12586,SQUAB,,,completed
6694,SACHS,SR,12587,SR,,,completed
6695,SACHS,SUPERDUKE,12588,SUPERDUKE,,,completed
6696,SACHS,SWING,12589,SWING,,,completed
6697,SACHS,SX,12590,SX,,,completed
6698,SACHS,SYM,12591,SYM,,,completed
6699,SACHS,X-ROAD,12592,X-ROAD,,,completed
6700,SACHS,XTC,12593,XTC,,,completed
6701,SACHS,XTC-N,12594,XTC-N,,,completed
6702,SACHS,ZX,12595,ZX,,,completed
6703,SACHS,ZZ,12596,ZZ,,,completed
6704,SANBEN,SB,38748,SB,,,completed
6705,SANGLAS,500,12597,500,,,completed
6706,SANTANA,PS10/ANIBAL,6450,PS10/ANIBAL 12.2002,12.2002,,completed
6707,SANTANA,PS10/ANIBAL,11213,PS10/ANIBAL Open Off-Road Vehicle 12.2002-2.2011,12.2002,2.2011,completed
6708,SCOMADI,TL,37378,TL,,,completed
6709,SERES,5,44495,5 Coupe 6.2023,6.2023,,completed
6710,SEVIC,V500,41920,V500 7.2019,7.2019,,completed
6711,SFM,BEE,36344,BEE,,,completed
6712,SFM,MADASS,36348,MADASS,,,completed
6713,SFM,SPEEDJET,36343,SPEEDJET,,,completed
6714,SFM,XTC-S,36346,XTC-S,,,completed
6715,SFM,ZX,36347,ZX,,,completed
6716,SFM,ZZ,36345,ZZ,,,completed
6717,SHELBY,SERIES 1,4311,SERIES 1 1.1998,1.1998,,completed
6718,SHERCO,SE,39855,SE,,,completed
6719,SHERCO,SEF,39852,SEF,,,completed
6720,SHINERAY,SM,44501,SM,,,completed
6721,SHINERAY,X30,44074,X30 Van 1.2014,1.2014,,completed
6722,SIMSON,HABICHT,12598,HABICHT,,,completed
6723,SIMSON,S,12599,S,,,completed
6724,SIMSON,SCHWALBE,12038,SCHWALBE,,,completed
6725,SIMSON,SPATZ,12600,SPATZ,,,completed
6726,SIMSON,SPERBER,12601,SPERBER,,,completed
6727,SIMSON,SR,12602,SR,,,completed
6728,SIMSON,STAR,12603,STAR,,,completed
6729,SIPANI,D-1,4377,D-1 1.1990-10.1994,1.1990,10.1994,completed
6730,SIPANI,MONTANA,4378,MONTANA 1.1989-10.1994,1.1989,10.1994,completed
6731,SKYWELL,ET5/BE11,41339,ET5/BE11 10.2020,10.2020,,completed
6732,SOLO,712,12604,712,,,completed
6733,SOLO,713,12605,713,,,completed
6734,SOLO,721,12606,721,,,completed
6735,SOLO,722,12607,722,,,completed
6736,SOLO,723,12608,723,,,completed
6737,SOLO,745,12609,745,,,completed
6738,SOLO,746,12610,746,,,completed
6739,SOMMER MOTORCYCLES,462,14584,462,,,completed
6740,SPECTRE,R42,4379,R42 6.1995-12.1997,6.1995,12.1997,completed
6741,SPECTRE,R45,4380,R45 6.1995-12.1997,6.1995,12.1997,completed
6742,SPORTEQUIPE,SPORTEQUIPE 5,44437,SPORTEQUIPE 5 5.2023,5.2023,,completed
6743,SPORTEQUIPE,SPORTEQUIPE 6,44438,SPORTEQUIPE 6 5.2023,5.2023,,completed
6744,SPORTEQUIPE,SPORTEQUIPE 7,44439,SPORTEQUIPE 7 5.2023,5.2023,,completed
6745,SPYKER,C12,9193,C12 Coupe 12.2007,12.2007,,completed
6746,SPYKER,C8,9194,C8 Coupe 4.2000,4.2000,,completed
6747,SPYKER,C8 Aileron,9197,C8 Aileron 4.2010,4.2010,,completed
6748,SPYKER,C8 Spyder,9196,C8 Spyder 4.2000,4.2000,,completed
6749,SSANGYONG,ACTYON,11810,ACTYON II 8.2012,8.2012,,completed
6750,SSANGYONG,ACTYON,5619,ACTYON I 11.2005,11.2005,,completed
6751,SSANGYONG,ACTYON SPORTS,11167,ACTYON SPORTS II 1.2012,1.2012,,completed
6752,SSANGYONG,ACTYON SPORTS,7952,ACTYON SPORTS I (QJ) 11.2005,11.2005,,completed
6753,SSANGYONG,KORANDO,39697,KORANDO (C300) 2.2019,2.2019,,completed
6754,SSANGYONG,KORANDO,9129,KORANDO (CK) 7.2010,7.2010,,completed
6755,SSANGYONG,KORANDO,41663,KORANDO VAN 7.2010,7.2010,,completed
6756,SSANGYONG,KORANDO,1905,KORANDO (KJ) 12.1996-11.2006,12.1996,11.2006,completed
6757,SSANGYONG,KORANDO,3427,KORANDO Cabrio (KJ) 12.1996-11.2006,12.1996,11.2006,completed
6758,SSANGYONG,KORANDO,1939,"KORANDO (K5, K9) 12.1988-5.1997",12.1988,5.1997,completed
6759,SSANGYONG,KYRON,5484,KYRON 5.2005-12.2018,5.2005,12.2018,completed
6760,SSANGYONG,MUSSO,38538,MUSSO (QK) 1.2018,1.2018,,completed
6761,SSANGYONG,MUSSO,1558,MUSSO (FJ) 1.1993-9.2007,1.1993,9.2007,completed
6762,SSANGYONG,MUSSO GRAND,39745,MUSSO GRAND 1.2019,1.2019,,completed
6763,SSANGYONG,MUSSO SPORTS,5570,MUSSO SPORTS 8.2004,8.2004,,completed
6764,SSANGYONG,REXTON,38246,"REXTON (Y400, Y450) 7.2017",7.2017,,completed
6765,SSANGYONG,REXTON,41664,REXTON VAN (Y400) 7.2017,7.2017,,completed
6766,SSANGYONG,REXTON / REXTON II,5000,REXTON / REXTON II (GAB_) 4.2002,4.2002,,completed
6767,SSANGYONG,REXTON W / REXTON,11642,REXTON W / REXTON 7.2012,7.2012,,completed
6768,SSANGYONG,REXTON W / REXTON,41666,REXTON W / REXTON VAN 7.2012,7.2012,,completed
6769,SSANGYONG,RODIUS,11293,RODIUS II 6.2013,6.2013,,completed
6770,SSANGYONG,RODIUS,41667,RODIUS II VAN (CA1) 6.2013,6.2013,,completed
6771,SSANGYONG,RODIUS,5424,RODIUS I 2.2005-12.2014,2.2005,12.2014,completed
6772,SSANGYONG,STAVIC,6159,STAVIC 2.2005,2.2005,,completed
6773,SSANGYONG,TIVOLI,14015,TIVOLI 1.2015,1.2015,,completed
6774,SSANGYONG,TIVOLI GRAND,42527,TIVOLI GRAND 6.2021,6.2021,,completed
6775,SSANGYONG,XLV,36739,XLV SUV 4.2016,4.2016,,completed
6776,STANDARD AUTOMOBILE,GAZEL,4381,GAZEL 1.1978-12.1984,1.1978,12.1984,completed
6777,STEYR,HAFLINGER,13169,"HAFLINGER (AP700, AP703) 6.1959-12.1974",6.1959,12.1974,completed
6778,STREETSCOOTER,COMPACT,11876,COMPACT 8.2013,8.2013,,completed
6779,STREETSCOOTER,WORK,14590,WORK Platform/Chassis 1.2015-7.2022,1.2015,7.2022,completed
6780,STREETSCOOTER,WORK,11877,WORK Van 1.2015-7.2022,1.2015,7.2022,completed
6781,STREETSCOOTER,WORK L,39563,WORK L Platform/Chassis 5.2019-7.2022,5.2019,7.2022,completed
6782,STREETSCOOTER,WORK L,39562,WORK L Van 5.2019-7.2022,5.2019,7.2022,completed
6783,STREETSCOOTER,WORK XL,41074,WORK XL Platform/Chassis 11.2018-7.2022,11.2018,7.2022,completed
6784,SUNBEAM,ALPINE,37132,ALPINE IV / V Convertible 3.1964-12.1968,3.1964,12.1968,completed
6785,SUNBEAM,ALPINE,37131,ALPINE I / II / III Convertible 1.1959-2.1964,1.1959,2.1964,completed
6786,SUPER SOCO,CPX,42797,CPX,,,completed
6787,SUPER SOCO,CUX,42794,CUX,,,completed
6788,SUPER SOCO,TC,42795,TC,,,completed
6789,SUPER SOCO,TS,42799,TS,,,completed
6790,SUPER SOCO,TSX,42796,TSX,,,completed
6791,SUR-RON,STORM BEE,44866,STORM BEE,,,completed
6792,SWM,GRAN MILANO,36366,GRAN MILANO,,,completed
6793,SWM,GRAN TURISMO,43975,GRAN TURISMO,,,completed
6794,SWM,HOKU,44263,HOKU,,,completed
6795,SWM,OUTLAW,42970,OUTLAW,,,completed
6796,SWM,RS,14618,RS,,,completed
6797,SWM,SILVER VASE,36365,SILVER VASE,,,completed
6798,SWM,SIXDAYS,42987,SIXDAYS,,,completed
6799,SWM,SM,14619,SM,,,completed
6800,SWM,SUPER DUAL,37175,SUPER DUAL,,,completed
6801,SWM,VAREZ,44163,VAREZ,,,completed
6802,SWM MOTORS,G01,38927,G01 8.2018,8.2018,,completed
6803,SWM MOTORS,G01FF,42983,G01 SPORT 6.2022,6.2022,,completed
6804,SYM,ADX,44504,ADX,,,completed
6805,SYM,ALLO,14572,ALLO,,,completed
6806,SYM,ATTILA,13602,ATTILA,,,completed
6807,SYM,CITYCOM,14202,CITYCOM,,,completed
6808,SYM,CROX,43893,CROX,,,completed
6809,SYM,CRUISYM,37928,CRUISYM,,,completed
6810,SYM,EURO MX,44899,EURO MX,,,completed
6811,SYM,FIDDLE,14255,FIDDLE,,,completed
6812,SYM,GTS,14274,GTS,,,completed
6813,SYM,HD,14203,HD,,,completed
6814,SYM,HUSKY,45488,HUSKY,,,completed
6815,SYM,JET,14257,JET,,,completed
6816,SYM,JOYMAX,14168,JOYMAX,,,completed
6817,SYM,JOYRIDE,14204,JOYRIDE,,,completed
6818,SYM,JUNGLE,38520,JUNGLE,,,completed
6819,SYM,MASK,38521,MASK,,,completed
6820,SYM,MAXSYM,14205,MAXSYM,,,completed
6821,SYM,MEGALO,13601,MEGALO,,,completed
6822,SYM,MIO,38028,MIO,,,completed
6823,SYM,MMBCU,44845,MMBCU,,,completed
6824,SYM,NH,42945,NH,,,completed
6825,SYM,ORBIT,14559,ORBIT,,,completed
6826,SYM,RED DEVIL,38522,RED DEVIL,,,completed
6827,SYM,RS,38524,RS,,,completed
6828,SYM,SHARK,44897,SHARK,,,completed
6829,SYM,SUPER DUKE,13600,SUPER DUKE,,,completed
6830,SYM,SYMPHONY,13599,SYMPHONY,,,completed
6831,SYM,SYMPLY,38526,SYMPLY,,,completed
6832,SYM,VS,14564,VS,,,completed
6833,SYM,WOLF,14565,WOLF,,,completed
6834,SYM,X PRO,44898,X PRO,,,completed
6835,SYM,XS,14560,XS,,,completed
6836,TALARIA,STING,44728,STING,,,completed
6837,TALBOT,1307-1510,144,1307-1510 7.1975-4.1984,7.1975,4.1984,completed
6838,TALBOT,160,1804,160 1.1973-3.1979,1.1973,3.1979,completed
6839,TALBOT,180,1805,180 6.1972-12.1982,6.1972,12.1982,completed
6840,TALBOT,AVENGER,3498,AVENGER Estate 4.1972-7.1981,4.1972,7.1981,completed
6841,TALBOT,AVENGER,3923,AVENGER 2.1970-7.1981,2.1970,7.1981,completed
6842,TALBOT,HORIZON,559,HORIZON 2.1978-6.1986,2.1978,6.1986,completed
6843,TALBOT,MATRA BAGHEERA,1802,MATRA BAGHEERA 1.1974-9.1980,1.1974,9.1980,completed
6844,TALBOT,MURENA,327,MURENA 9.1980-1.1985,9.1980,1.1985,completed
6845,TALBOT,RANCHO,3,RANCHO 8.1976-7.1984,8.1976,7.1984,completed
6846,TALBOT,SAMBA,191,SAMBA 1.1981-12.1987,1.1981,12.1987,completed
6847,TALBOT,SAMBA,2060,SAMBA Convertible 1.1981-12.1987,1.1981,12.1987,completed
6848,TALBOT,SIMCA 1000,1793,SIMCA 1000 10.1961-12.1978,10.1961,12.1978,completed
6849,TALBOT,SIMCA 1100,1807,SIMCA 1100 Break/Tourisme 10.1968-1.1980,10.1968,1.1980,completed
6850,TALBOT,SIMCA 1100,1794,SIMCA 1100 Hatchback 10.1968-1.1980,10.1968,1.1980,completed
6851,TALBOT,SIMCA 1200 S,1795,SIMCA 1200 S Coupe 10.1968-3.1972,10.1968,3.1972,completed
6852,TALBOT,SIMCA 1300,1796,SIMCA 1300 8.1963-2.1968,8.1963,2.1968,completed
6853,TALBOT,SIMCA 1301,1797,SIMCA 1301 8.1966-11.1976,8.1966,11.1976,completed
6854,TALBOT,SIMCA 1301,1798,SIMCA 1301 Tourisme 8.1966-11.1976,8.1966,11.1976,completed
6855,TALBOT,SIMCA 1500,1809,SIMCA 1500 Break 11.1964-2.1968,11.1964,2.1968,completed
6856,TALBOT,SIMCA 1500,1799,SIMCA 1500 10.1963-2.1968,10.1963,2.1968,completed
6857,TALBOT,SIMCA 1501,1800,SIMCA 1501 10.1966-11.1976,10.1966,11.1976,completed
6858,TALBOT,SIMCA 1501,1808,SIMCA 1501 Break/Tourisme 10.1966-11.1976,10.1966,11.1976,completed
6859,TALBOT,SIMCA 1609/1610,1801,SIMCA 1609/1610 9.1976-12.1980,9.1976,12.1980,completed
6860,TALBOT,SIMCA SIM'4,1792,SIMCA SIM'4 10.1968-12.1972,10.1968,12.1972,completed
6861,TALBOT,SIMCA SUNBEAM,1803,SIMCA SUNBEAM 7.1977-3.1983,7.1977,3.1983,completed
6862,TALBOT,SOLARA,281,SOLARA 2.1980-7.1986,2.1980,7.1986,completed
6863,TALBOT,TAGORA,332,TAGORA 6.1980-12.1987,6.1980,12.1987,completed
6864,TATA,ARIA,9547,ARIA 10.2010,10.2010,,completed
6865,TATA,INDICA,4653,INDICA 6.1998,6.1998,,completed
6866,TATA,INDIGO,5222,INDIGO (4_V2) 1.2003,1.2003,,completed
6867,TATA,INDIGO,5223,INDIGO MARINA (4_V2) 1.2003-2.2012,1.2003,2.2012,completed
6868,TATA,LOADBETA,5388,LOADBETA 8.1994-12.2006,8.1994,12.2006,completed
6869,TATA,SAFARI,4654,SAFARI (42_FD) 4.1998,4.1998,,completed
6870,TATA,SIERRA,4656,SIERRA 8.1991-12.2002,8.1991,12.2002,completed
6871,TATA,TELCOLINE,4655,TELCOLINE (40_FD) 2.1999-12.2011,2.1999,12.2011,completed
6872,TATA,XENON,8758,XENON Pickup 3.2006,3.2006,,completed
6873,TAZZARI,ZERO,8542,ZERO 1.2010-12.2016,1.2010,12.2016,completed
6874,TESLA,MODEL 3,38330,MODEL 3 1.2017,1.2017,,completed
6875,TESLA,MODEL S,11007,MODEL S 9.2012-4.2026,9.2012,4.2026,completed
6876,TESLA,MODEL X,13056,MODEL X 9.2013-4.2026,9.2013,4.2026,completed
6877,TESLA,MODEL Y,40938,MODEL Y 3.2019-1.2025,3.2019,1.2025,completed
6878,TESLA,ROADSTER,8281,ROADSTER (DS) 3.2008,3.2008,,completed
6879,TGB,101,38495,101,,,completed
6880,TGB,303,38497,303,,,completed
6881,TGB,ARKOS TEC,38496,ARKOS TEC,,,completed
6882,TGB,BELLAVITA,14586,BELLAVITA,,,completed
6883,TGB,DELIVERY,38498,DELIVERY,,,completed
6884,TGB,EXPRESS,38518,EXPRESS,,,completed
6885,TGB,F,38519,F,,,completed
6886,TGB,KEY WEST,38500,KEY WEST,,,completed
6887,TGB,LASER,38514,LASER,,,completed
6888,TGB,R,38515,R,,,completed
6889,TGB,SUNSET,38517,SUNSET,,,completed
6890,TGB,X-MOTION,14585,X-MOTION,,,completed
6891,THINK,CITY,9132,CITY 1.2008,1.2008,,completed
6892,TINBOT,TB-ESUM,43649,TB-ESUM,,,completed
6893,TINBOT,TB-EXPRESS,43652,TB-EXPRESS,,,completed
6894,TINBOT,TB-F10,43651,TB-F10,,,completed
6895,TINBOT,TB-F8,43650,TB-F8,,,completed
6896,TINBOT,TB-RS1,43647,TB-RS1,,,completed
6897,TOFAS,DOGAN,8931,DOGAN 1.1976-12.2002,1.1976,12.2002,completed
6898,TOFAS,KARTAL,8932,KARTAL 10.1985-12.2002,10.1985,12.2002,completed
6899,TOFAS,SAHIN,8742,SAHIN Saloon 1.1980-12.2003,1.1980,12.2003,completed
6900,TOGG,T10X,44098,T10X 7.2023,7.2023,,completed
6901,TOMOS,125SE,14740,125SE,,,completed
6902,TOMOS,125SM,14741,125SM,,,completed
6903,TOMOS,ALPINO,14742,ALPINO,,,completed
6904,TOMOS,ARROW,14743,ARROW,,,completed
6905,TOMOS,ATX,14744,ATX,,,completed
6906,TOMOS,BT,14745,BT,,,completed
6907,TOMOS,FLEXER,14746,FLEXER,,,completed
6908,TOMOS,HIPHOP,14747,HIPHOP,,,completed
6909,TOMOS,LX,14751,LX,,,completed
6910,TOMOS,RACING,14748,RACING,,,completed
6911,TOMOS,REVIVAL TS,14749,REVIVAL TS,,,completed
6912,TOMOS,SE125,14752,SE125,,,completed
6913,TOMOS,SM125,14753,SM125,,,completed
6914,TOMOS,SPORTMATE45,14754,SPORTMATE45,,,completed
6915,TOMOS,SPORTMATE50,14755,SPORTMATE50,,,completed
6916,TOMOS,SPRINT,14757,SPRINT,,,completed
6917,TOMOS,ST,14756,ST,,,completed
6918,TOMOS,STREETMATE,14750,STREETMATE,,,completed
6919,TORNAX,M,12656,M,,,completed
6920,TORNAX,RX,12657,RX,,,completed
6921,TORNAX,TS,12658,TS,,,completed
6922,TRABANT,1.1,1708,1.1 Universal 12.1990-12.1991,12.1990,12.1991,completed
6923,TRABANT,1.1,1308,1.1 5.1990-12.1991,5.1990,12.1991,completed
6924,TRABANT,1.1,1707,1.1 Tramp 5.1990-12.1991,5.1990,12.1991,completed
6925,TRABANT,P 601,1705,P 601 Tramp 10.1966-4.1990,10.1966,4.1990,completed
6926,TRABANT,P 601,1706,P 601 Van 7.1966-4.1990,7.1966,4.1990,completed
6927,TRABANT,P 601,1307,P 601 1.1966-4.1990,1.1966,4.1990,completed
6928,TRABANT,P 601,1704,P 601 Universal 1.1966-4.1990,1.1966,4.1990,completed
6929,TURBHO,CS,36309,CS,,,completed
6930,TURBHO,CT,36310,CT,,,completed
6931,TURBHO,CX,36308,CX,,,completed
6932,TURBHO,RB,36303,RB,,,completed
6933,TURBHO,RG,36305,RG,,,completed
6934,TURBHO,RL,36304,RL,,,completed
6935,TURBHO,RM,36302,RM,,,completed
6936,TURBHO,SE,36306,SE,,,completed
6937,TURBHO,ST,36307,ST,,,completed
6938,TVR,1300,4504,1300 1.1971-12.1973,1.1971,12.1973,completed
6939,TVR,1600,4505,1600 1.1972-12.1975,1.1972,12.1975,completed
6940,TVR,2500,4506,2500 1.1972-12.1977,1.1972,12.1977,completed
6941,TVR,280,4520,280 Convertible 1.1983-12.1986,1.1983,12.1986,completed
6942,TVR,280,4519,280 Coupe 1.1983-12.1986,1.1983,12.1986,completed
6943,TVR,3000,4507,3000 Coupe 1.1972-12.1980,1.1972,12.1980,completed
6944,TVR,350,4522,350 Convertible 1.1983-12.1989,1.1983,12.1989,completed
6945,TVR,350,4521,350 Coupe 1.1983-12.1989,1.1983,12.1989,completed
6946,TVR,390,4523,390 1.1984-12.1989,1.1984,12.1989,completed
6947,TVR,400,4524,400 1.1989-12.1993,1.1989,12.1993,completed
6948,TVR,420,4525,420 Convertible 1.1985-12.1989,1.1985,12.1989,completed
6949,TVR,420,4526,420 Sports Saloon 1.1985-12.1989,1.1985,12.1989,completed
6950,TVR,450,4527,450 1.1989-12.1993,1.1989,12.1993,completed
6951,TVR,CERBERA,4510,CERBERA 1.1996-10.2003,1.1996,10.2003,completed
6952,TVR,CHIMAERA,4511,CHIMAERA 11.1992-10.2003,11.1992,10.2003,completed
6953,TVR,GRIFFITH,39161,GRIFFITH 1.2019,1.2019,,completed
6954,TVR,GRIFFITH,4512,GRIFFITH (TCT) 1.1990-3.2002,1.1990,3.2002,completed
6955,TVR,S,4529,S 1.1986-12.1996,1.1986,12.1996,completed
6956,TVR,SAGARIS,9636,SAGARIS 4.2004,4.2004,,completed
6957,TVR,SPEED EIGHT,4513,SPEED EIGHT 1.1989-12.1992,1.1989,12.1992,completed
6958,TVR,T350 C,36954,T350 C 10.2002-12.2006,10.2002,12.2006,completed
6959,TVR,TAIMAR,4514,TAIMAR 1.1976-12.1980,1.1976,12.1980,completed
6960,TVR,TAMORA,9637,TAMORA 4.2002-12.2007,4.2002,12.2007,completed
6961,TVR,TASMIN,4515,TASMIN Coupe 1.1980-12.1984,1.1980,12.1984,completed
6962,TVR,TUSCAN,4517,TUSCAN II Roadster 1.1998-12.2006,1.1998,12.2006,completed
6963,TVR,TUSCAN,4516,TUSCAN I Coupe 1.1969-12.1971,1.1969,12.1971,completed
6964,TVR,TYPHON,11865,TYPHON 7.2005-12.2005,7.2005,12.2005,completed
6965,TVR,VIXEN,4530,VIXEN 1.1967-12.1971,1.1967,12.1971,completed
6966,TVS,APACHE,36600,APACHE,,,completed
6967,TVS,iQUBE,41045,iQUBE,,,completed
6968,TVS,NTORQ,39915,NTORQ,,,completed
6969,TVS,RAIDER,43938,RAIDER,,,completed
6970,TVS,RONIN,43939,RONIN,,,completed
6971,UAZ,31512,4393,31512 Open Off-Road Vehicle 1.1993-11.2008,1.1993,11.2008,completed
6972,UAZ,3160,4394,3160 Closed Off-Road Vehicle 1.1994-12.2007,1.1994,12.2007,completed
6973,UAZ,452,9602,452 Bus (2206_) 8.1966,8.1966,,completed
6974,UAZ,469 / 469 B,9601,469 / 469 B 12.1972-9.1993,12.1972,9.1993,completed
6975,UAZ,CARGO,9604,CARGO (23602) 11.2008-12.2017,11.2008,12.2017,completed
6976,UAZ,HUNTER,9605,HUNTER (31519_) 6.2003,6.2003,,completed
6977,UAZ,PATRIOT,9603,PATRIOT 7.2004,7.2004,,completed
6978,UAZ,PICKUP,37103,PICKUP 1.2009,1.2009,,completed
6979,UAZ,SIMBIR (3162),4395,SIMBIR (3162) Closed Off-Road Vehicle 1.1997,1.1997,,completed
6980,UM,CHILL,44464,CHILL,,,completed
6981,UM,MAX,37780,MAX,,,completed
6982,UM,RENEGADE CLASSIC,44520,RENEGADE CLASSIC,,,completed
6983,UM,RENEGADE COMMANDO,36623,RENEGADE COMMANDO,,,completed
6984,UM,RENEGADE FREEDOOM,44522,RENEGADE FREEDOOM,,,completed
6985,UM,RENEGADE SPORT,36626,RENEGADE SPORT,,,completed
6986,UM,RENEGADE VEGAS,44409,RENEGADE VEGAS,,,completed
6987,UM,SCRAMBLER,44447,SCRAMBLER,,,completed
6988,UM,XTREET,36627,XTREET,,,completed
6989,UMM,ALTER,4396,ALTER 1.1985-12.1996,1.1985,12.1996,completed
6990,VECTOR,M12,4594,M12 1.1996-12.1998,1.1996,12.1998,completed
6991,VENT,BAJA,44885,BAJA,,,completed
6992,VENT,DERAPAGE,44886,DERAPAGE,,,completed
6993,VENT,X-RUDE,44900,X-RUDE,,,completed
6994,VENTO,BKM XEIDON,38493,BKM XEIDON,,,completed
6995,VENTO,PHANTERA,38494,PHANTERA,,,completed
6996,VENTO,TRITON,14430,TRITON,,,completed
6997,VENTO,ZIP,38492,ZIP,,,completed
6998,VERTIGO,COMBAT,44708,COMBAT,,,completed
6999,VERTIGO,LINKO,45737,LINKO,,,completed
7000,VERTIGO,NITRO,44534,NITRO,,,completed
7001,VERTIGO,VERTIGO,44710,VERTIGO,,,completed
7002,VESPA,50,14197,50,,,completed
7003,VESPA,946,14278,946,,,completed
7004,VESPA,COSA,12530,COSA,,,completed
7005,VESPA,ELETTRICA,43978,ELETTRICA,,,completed
7006,VESPA,ET,12532,ET,,,completed
7007,VESPA,GL,14199,GL,,,completed
7008,VESPA,GS,14200,GS,,,completed
7009,VESPA,GT,12525,GT,,,completed
7010,VESPA,GT60,12009,GT60,,,completed
7011,VESPA,GTS,12536,GTS,,,completed
7012,VESPA,GTV,12537,GTV,,,completed
7013,VESPA,LX,12540,LX,,,completed
7014,VESPA,LXV,12541,LXV,,,completed
7015,VESPA,PK,12543,PK,,,completed
7016,VESPA,PRIMAVERA,13437,PRIMAVERA,,,completed
7017,VESPA,PX,12544,PX,,,completed
7018,VESPA,RALLY,45184,RALLY,,,completed
7019,VESPA,S,12546,S,,,completed
7020,VESPA,SEI GIORNI,42802,SEI GIORNI,,,completed
7021,VESPA,SPRINT,14198,SPRINT,,,completed
7022,VICTORY MOTORCYCLES,BOARDWALK,14335,BOARDWALK,,,completed
7023,VICTORY MOTORCYCLES,CROSS COUNTRY,14327,CROSS COUNTRY,,,completed
7024,VICTORY MOTORCYCLES,CROSS ROADS,14336,CROSS ROADS,,,completed
7025,VICTORY MOTORCYCLES,GUNNER,14328,GUNNER,,,completed
7026,VICTORY MOTORCYCLES,HAMMER,14329,HAMMER,,,completed
7027,VICTORY MOTORCYCLES,HIGHBALL,14330,HIGHBALL,,,completed
7028,VICTORY MOTORCYCLES,JACKPOT,14337,JACKPOT,,,completed
7029,VICTORY MOTORCYCLES,JUDGE,14334,JUDGE,,,completed
7030,VICTORY MOTORCYCLES,KINGPIN,14346,KINGPIN,,,completed
7031,VICTORY MOTORCYCLES,MAGNUM,14331,MAGNUM,,,completed
7032,VICTORY MOTORCYCLES,OCTANE,36450,OCTANE,,,completed
7033,VICTORY MOTORCYCLES,VEGAS,14333,VEGAS,,,completed
7034,VICTORY MOTORCYCLES,VISION,14332,VISION,,,completed
7035,VINFAST,VF 6,44860,VF 6 9.2023,9.2023,,completed
7036,VOGE,AC,42775,AC,,,completed
7037,VOGE,ACX,42776,ACX,,,completed
7038,VOGE,DS,42774,DS,,,completed
7039,VOGE,DSX,42546,DSX,,,completed
7040,VOGE,R,42545,R,,,completed
7041,VOGE,RALLY,43955,RALLY,,,completed
7042,VOGE,SR1,44842,SR1,,,completed
7043,VOGE,SR4,43844,SR4,,,completed
7044,VOYAH,DREAMER,42921,DREAM 5.2022,5.2022,,completed
7045,VUHL,VUHL05,38823,VUHL05 Convertible 7.2015,7.2015,,completed
7046,WANGYE,WY,38720,WY,,,completed
7047,WARTBURG,353,3478,353 Tourist 10.1967-5.1991,10.1967,5.1991,completed
7048,WARTBURG,353,1309,353 6.1966-5.1991,6.1966,5.1991,completed
7049,WESTFIELD,130,4390,130 Roadster 1.1997,1.1997,,completed
7050,WESTFIELD,FW,37539,FW 1.2010,1.2010,,completed
7051,WESTFIELD,SE / SEVEN,11682,SE / SEVEN 1.1980,1.1980,,completed
7052,WESTFIELD,XI,9100,XI 12.1982,12.1982,,completed
7053,WESTFIELD,XTR,9099,XTR 9.2001-12.2008,9.2001,12.2008,completed
7054,WESTFIELD,ZE,4391,ZE 1.1993-12.1997,1.1993,12.1997,completed
7055,WEY,05,45303,05 1.2023,1.2023,,completed
7056,WEY,COFFEE 01,44076,COFFEE 01 1.2023,1.2023,,completed
7057,WEY,COFFEE 02,44080,COFFEE 02 4.2023,4.2023,,completed
7058,WIESMANN,GT MF4,13685,GT MF4 Coupe 9.2003,9.2003,,completed
7059,WIESMANN,GT MF5,8550,GT MF5 Coupe 9.2007,9.2007,,completed
7060,WIESMANN,MF3,4384,MF3 Roadster 1.1996,1.1996,,completed
7061,WIESMANN,MF4,13682,MF4 Roadster 3.2009,3.2009,,completed
7062,WIESMANN,MF5,13683,MF5 Roadster 9.2009,9.2009,,completed
7063,WOLSELEY,1300,4448,1300 1.1961-12.1973,1.1961,12.1973,completed
7064,WOLSELEY,16/60,4492,16/60 1.1961-12.1971,1.1961,12.1971,completed
7065,WOLSELEY,18/85,4491,18/85 8.1969-12.1972,8.1969,12.1972,completed
7066,WOLSELEY,HORNET,4490,HORNET 1.1961-12.1970,1.1961,12.1970,completed
7067,WOLSELEY,SIX,4449,SIX 1.1972-10.1975,1.1972,10.1975,completed
7068,WOTTAN MOTOR,BOT,45755,BOT,,,completed
7069,WOTTAN MOTOR,EOS,45778,EOS,,,completed
7070,WOTTAN MOTOR,GP,45733,GP,,,completed
7071,WOTTAN MOTOR,NOX,45758,NOX,,,completed
7072,WOTTAN MOTOR,REBBE,45731,REBBE,,,completed
7073,WOTTAN MOTOR,STORM,45730,STORM,,,completed
7074,WOTTAN MOTOR,TITAN,45757,TITAN,,,completed
7075,WOTTAN MOTOR,VICTORIA,45756,VICTORIA,,,completed
7076,WOTTAN MOTOR,XFERA,45779,XFERA,,,completed
7077,XBUS,XBUS,42599,XBUS Bus 1.2022,1.2022,,completed
7078,XBUS,XBUS,42597,XBUS Platform/Chassis 1.2022,1.2022,,completed
7079,XBUS,XBUS,42598,XBUS Van 1.2022,1.2022,,completed
7080,XEV,YOYO,43050,YOYO 7.2022,7.2022,,completed
7081,XGJAO,XGJ,37794,XGJ,,,completed
7082,XINGYUE,LLX,38749,LLX,,,completed
7083,XPENG,G6,44587,G6 6.2023,6.2023,,completed
7084,XPENG,G9,43597,G9 9.2022,9.2022,,completed
7085,XPENG,P7,40705,P7 4.2020,4.2020,,completed
7086,XPENG,X9,45059,X9 1.2024,1.2024,,completed
7087,YADEA,DE,43657,DE,,,completed
7088,YAMAHA,AEROX,12675,AEROX,,,completed
7089,YAMAHA,AXIS,12676,AXIS,,,completed
7090,YAMAHA,BL,12677,BL,,,completed
7091,YAMAHA,BREEZE,12678,BREEZE,,,completed
7092,YAMAHA,BT,12679,BT,,,completed
7093,YAMAHA,BWs,12680,BWs,,,completed
7094,YAMAHA,CA,12681,CA,,,completed
7095,YAMAHA,CHAPPY,44682,CHAPPY,,,completed
7096,YAMAHA,CRYPTON,13423,CRYPTON,,,completed
7097,YAMAHA,CRZ,38454,CRZ,,,completed
7098,YAMAHA,CT,38456,CT,,,completed
7099,YAMAHA,CW,38457,CW,,,completed
7100,YAMAHA,CYGNUS,12682,CYGNUS,,,completed
7101,YAMAHA,D'ELIGHT,37850,D'ELIGHT,,,completed
7102,YAMAHA,DS7,44622,DS7,,,completed
7103,YAMAHA,DT,12683,DT,,,completed
7104,YAMAHA,EC-03,12036,EC-03,,,completed
7105,YAMAHA,FJ,12684,FJ,,,completed
7106,YAMAHA,FJR,12685,FJR,,,completed
7107,YAMAHA,FS,12686,FS,,,completed
7108,YAMAHA,FZ,12687,FZ,,,completed
7109,YAMAHA,FZR,12688,FZR,,,completed
7110,YAMAHA,FZS,12689,FZS,,,completed
7111,YAMAHA,FZX,12690,FZX,,,completed
7112,YAMAHA,GIGGLE,12691,GIGGLE,,,completed
7113,YAMAHA,GTS,12692,GTS,,,completed
7114,YAMAHA,JOG,12693,JOG,,,completed
7115,YAMAHA,MAXSTER,13415,MAXSTER,,,completed
7116,YAMAHA,MT,12694,MT,,,completed
7117,YAMAHA,MTN,36447,MTN,,,completed
7118,YAMAHA,MXT NIKEN,43031,MXT NIKEN,,,completed
7119,YAMAHA,NEOS,12695,NEOS,,,completed
7120,YAMAHA,NMAX,37829,NMAX,,,completed
7121,YAMAHA,PW,40603,PW,,,completed
7122,YAMAHA,R5,44621,R5,,,completed
7123,YAMAHA,RAY,36667,RAY,,,completed
7124,YAMAHA,RD,12696,RD,,,completed
7125,YAMAHA,RS,14491,RS,,,completed
7126,YAMAHA,SCR,37100,SCR,,,completed
7127,YAMAHA,SLIDER,12697,SLIDER,,,completed
7128,YAMAHA,SR,12698,SR,,,completed
7129,YAMAHA,SRX,12699,SRX,,,completed
7130,YAMAHA,SZR,12700,SZR,,,completed
7131,YAMAHA,TDM,12701,TDM,,,completed
7132,YAMAHA,TDR,12702,TDR,,,completed
7133,YAMAHA,TENERE,40429,TENERE,,,completed
7134,YAMAHA,TEOS,12703,TEOS,,,completed
7135,YAMAHA,TMAX,12704,TMAX,,,completed
7136,YAMAHA,TRACER,43954,TRACER,,,completed
7137,YAMAHA,TRICITY,12035,TRICITY,,,completed
7138,YAMAHA,TRICKER,12705,TRICKER,,,completed
7139,YAMAHA,TRX,12706,TRX,,,completed
7140,YAMAHA,TT,12707,TT,,,completed
7141,YAMAHA,TW,12708,TW,,,completed
7142,YAMAHA,TX,14399,TX,,,completed
7143,YAMAHA,TY,13421,TY,,,completed
7144,YAMAHA,TZR,12709,TZR,,,completed
7145,YAMAHA,V-MAX,12712,V-MAX,,,completed
7146,YAMAHA,VERSITY,12710,VERSITY,,,completed
7147,YAMAHA,VITY,12711,VITY,,,completed
7148,YAMAHA,WHY,12713,WHY,,,completed
7149,YAMAHA,WR,12714,WR,,,completed
7150,YAMAHA,X-CITY,12716,X-CITY,,,completed
7151,YAMAHA,X-MAX,12720,X-MAX,,,completed
7152,YAMAHA,XC,12715,XC,,,completed
7153,YAMAHA,XENTER,12717,XENTER,,,completed
7154,YAMAHA,XJ,12718,XJ,,,completed
7155,YAMAHA,XJR,12719,XJR,,,completed
7156,YAMAHA,XS,12721,XS,,,completed
7157,YAMAHA,XSR,14906,XSR,,,completed
7158,YAMAHA,XT,12722,XT,,,completed
7159,YAMAHA,XTZ,12723,XTZ,,,completed
7160,YAMAHA,XV,12724,XV,,,completed
7161,YAMAHA,XVS,12725,XVS,,,completed
7162,YAMAHA,XVZ,12726,XVZ,,,completed
7163,YAMAHA,XZ,44595,XZ,,,completed
7164,YAMAHA,YBR,12727,YBR,,,completed
7165,YAMAHA,YP,12728,YP,,,completed
7166,YAMAHA,YS,14010,YS,,,completed
7167,YAMAHA,YZ,14401,YZ,,,completed
7168,YAMAHA,YZF,12729,YZF,,,completed
7169,YAMAHA,YZF-R,12730,YZF-R,,,completed
7170,YAMAHA,ZEST,12731,ZEST,,,completed
7171,YIBEN,YB,38721,YB,,,completed
7172,YUEJIN,XK,37761,XK 1.2008,1.2008,,completed
7173,YUGO,513,7670,513 4.1983-4.1991,4.1983,4.1991,completed
7174,YUGO,FLORIDA,41761,FLORIDA (VX65) 10.1988-11.2008,10.1988,11.2008,completed
7175,YUGO,SANA,7672,SANA 10.1989-10.1993,10.1989,10.1993,completed
7176,YUGO,TEMPO,7641,TEMPO 6.1985-12.1993,6.1985,12.1993,completed
7177,YULON,101 FEELING,4385,101 FEELING 1.1989-12.1993,1.1989,12.1993,completed
7178,YULON,YULON,4392,YULON 1.1993-12.1998,1.1993,12.1998,completed
7179,ZASTAVA,10,8381,10 10.2005,10.2005,,completed
7180,ZASTAVA,101,143,101 6.1972-12.1993,6.1972,12.1993,completed
7181,ZASTAVA,KORAL,10214,KORAL 10.2002-11.2008,10.2002,11.2008,completed
7182,ZASTAVA,YUGO,148,YUGO 4.1980-6.1995,4.1980,6.1995,completed
7183,ZASTAVA,YUGO TEMPO,39050,YUGO TEMPO 4.2000-11.2008,4.2000,11.2008,completed
7184,ZAZ,TAVRIA,3409,TAVRIA (1102) 1.1987-12.2007,1.1987,12.2007,completed
7185,ZEEHO,AE,45546,AE,,,completed
7186,ZEEKR,001,41895,001 4.2021,4.2021,,completed
7187,ZEEKR,X,44231,X 4.2023,4.2023,,completed
7188,ZENOS CARS,E10,36980,E10 1.2015,1.2015,,completed
7189,ZERO,DS,45566,DS,,,completed
7190,ZERO,DSR,45569,DSR,,,completed
7191,ZERO,FX,45568,FX,,,completed
7192,ZERO,FXE,45567,FXE,,,completed
7193,ZERO,FXS,45845,FXS,,,completed
7194,ZERO,S,45564,S,,,completed
7195,ZERO,SR,45565,SR,,,completed
7196,ZERO,SR/F,45858,SR/F,,,completed
7197,ZERO,SR/S,45846,SR/S,,,completed
7198,ZERO,XU,45821,XU,,,completed
7199,ZERO,ZERO,14262,ZERO,,,completed
7200,ZNEN,ZN125,38662,ZN125,,,completed
7201,ZNEN,ZN150,38665,ZN150,,,completed
7202,ZNEN,ZN250,38664,ZN250,,,completed
7203,ZNEN,ZN50,38663,ZN50,,,completed
7204,ZONGSHEN,ZS 125,38689,ZS 125,,,completed
7205,ZONGSHEN,ZS 150,38690,ZS 150,,,completed
7206,ZONTES,D,43974,D,,,completed
7207,ZONTES,E,43973,E,,,completed
7208,ZONTES,G,42838,G,,,completed
7209,ZONTES,GK,43976,GK,,,completed
7210,ZONTES,R,42843,R,,,completed
7211,ZONTES,T,42842,T,,,completed
7212,ZONTES,U,42839,U,,,completed
7213,ZONTES,V,42840,V,,,completed
7214,ZONTES,X,42841,X,,,completed
7215,ZUENDAPP,BELLA R,38134,BELLA R,,,completed
7216,ZUENDAPP,C19,44722,C19,,,completed
7217,ZUENDAPP,GS,36555,GS,,,completed
7218,ZUENDAPP,KS,36556,KS,,,completed
7219,ZUENDAPP,ZXA,44724,ZXA,,,completed
7220,ZUENDAPP,ZXE,44721,ZXE,,,completed
7221,ZUENDAPP,ZXM,44720,ZXM,,,completed
7222,ZUENDAPP,ZXS,44723,ZXS,,,completed
